# Blender 5.1.1
# www.blender.org
mtllib boykisserobjexport.mtl
o Object_7
v -2.460012 3.245268 0.015491
v -2.519065 2.873593 0.056117
v -2.457981 3.124828 -0.040998
v -2.424290 3.183548 0.223690
v -2.424290 3.183548 0.223690
v -2.461066 2.910395 0.183406
v -2.491645 2.973119 -0.062488
v -2.491645 2.973119 -0.062488
v -2.445383 3.263775 0.138679
v -2.437974 3.024351 0.252494
v -2.581742 2.933389 0.061713
v -2.565652 2.942392 0.166500
v -2.527611 3.034497 0.218026
v -2.504945 3.145052 0.207475
v -2.504945 3.145052 0.207475
v -2.517775 3.227738 0.121781
v -2.532636 3.203952 0.030002
v -2.527727 3.115422 -0.019615
v -2.541148 3.013858 -0.005201
v -2.541148 3.013858 -0.005201
v -2.621242 2.969375 0.080184
v -2.602681 2.984693 0.155653
v -2.580563 3.043108 0.188908
v -2.579057 3.118947 0.183672
v -2.579057 3.118947 0.183672
v -2.585610 3.171463 0.121267
v -2.594876 3.159823 0.054073
v -2.598961 3.095903 0.011240
v -2.611317 3.025848 0.025213
v -2.611317 3.025848 0.025213
v -2.631909 3.026024 0.134179
v -2.614177 3.049704 0.162608
v -2.642405 3.069304 0.108134
v -2.642405 3.069304 0.108134
v -2.623151 3.092940 0.149388
v -2.623151 3.092940 0.149388
v -2.634059 3.117540 0.079542
v -2.621482 3.132129 0.118208
v -2.634185 3.085433 0.048223
v -2.643032 3.045647 0.065197
v -2.643032 3.045647 0.065197
v -2.637821 3.012145 0.093629
v -2.541404 2.902086 -0.075824
v -2.541404 2.902086 -0.075824
v -2.539563 2.828983 0.008091
v -2.468860 2.738182 0.035743
v -2.401692 2.781647 0.101504
v -2.383591 2.687252 -0.033200
v -2.295802 2.712745 0.037931
v -2.366291 2.678921 -0.153441
v -2.366291 2.678921 -0.153441
v -2.237146 2.733741 -0.110686
v -2.237146 2.733741 -0.110686
v -2.239585 2.847907 -0.205887
v -2.369547 2.783614 -0.224637
v -2.333219 2.974394 -0.214125
v -2.428307 2.888063 -0.214018
v -2.434089 3.009849 -0.147454
v -2.508943 2.927306 -0.159383
v -2.503751 2.681633 -0.107163
v -2.493690 2.700366 -0.153061
v -2.493690 2.700366 -0.153061
v -2.486147 2.733561 -0.187938
v -2.512398 2.767971 -0.182287
v -2.539088 2.800302 -0.162379
v -2.557880 2.780948 -0.123572
v -2.557880 2.780948 -0.123572
v -2.560895 2.758528 -0.083253
v -2.537382 2.715177 -0.087028
v -2.514746 2.715048 -0.026119
v -2.458102 2.671727 -0.077205
v -2.432358 2.679371 -0.163639
v -2.432358 2.679371 -0.163639
v -2.441477 2.747575 -0.207488
v -2.472151 2.814833 -0.207553
v -2.530067 2.854326 -0.166889
v -2.564966 2.833666 -0.100158
v -2.564966 2.833666 -0.100158
v -2.560959 2.784093 -0.042929
v -2.536619 2.735432 -0.141039
v -2.536619 2.735432 -0.141039
v -2.179576 2.595595 -0.005752
v -2.166445 2.593328 -0.040484
v -2.166445 2.593328 -0.040484
v -2.155895 2.578502 0.020211
v -2.191223 2.726010 0.126319
v -2.122259 2.567176 0.033862
v -2.022485 2.701657 0.173319
v -2.102274 2.554931 0.004222
v -1.931981 2.651931 0.056787
v -2.137959 2.597849 -0.062592
v -2.137959 2.597849 -0.062592
v -2.097861 2.756090 -0.137145
v -2.112522 2.575396 -0.049336
v -2.112522 2.575396 -0.049336
v -1.990771 2.715100 -0.108972
v -2.088224 2.558668 -0.030776
v -2.088224 2.558668 -0.030776
v -1.933030 2.671681 -0.036666
v -1.933030 2.671681 -0.036666
v -2.159795 2.652704 0.087562
v -2.068833 2.620745 0.106556
v -2.002851 2.588605 0.043597
v -1.998340 2.606426 -0.038404
v -1.998340 2.606426 -0.038404
v -2.038148 2.649894 -0.092731
v -2.111760 2.680188 -0.107946
v -2.200595 2.680520 -0.072762
v -2.200595 2.680520 -0.072762
v -2.225586 2.665375 0.017557
v -2.159777 2.607324 0.051931
v -2.197201 2.624543 0.003024
v -2.182860 2.632626 -0.054086
v -2.182860 2.632626 -0.054086
v -2.128891 2.630438 -0.082757
v -2.077884 2.605691 -0.073743
v -2.052559 2.570584 -0.033327
v -2.052559 2.570584 -0.033327
v -2.059313 2.559867 0.030856
v -2.102514 2.583330 0.063662
v -2.138347 2.565161 -0.016597
v -2.301797 2.852389 0.205486
v -2.368190 3.142693 -0.093981
v -2.366008 3.289326 0.001528
v -2.350119 3.311925 0.161793
v -2.313993 3.213751 0.299900
v -2.313993 3.213751 0.299900
v -2.320502 2.995578 0.302426
v -2.248838 2.948047 0.346318
v -2.220712 3.120404 0.401409
v -2.139040 2.815026 0.264562
v -2.219453 3.135714 -0.180945
v -2.244484 3.348730 -0.025401
v -2.235319 3.400301 0.180318
v -2.186689 3.313241 0.348122
v -2.186689 3.313241 0.348122
v -2.114506 3.181638 0.445084
v -2.070492 2.907735 -0.192105
v -1.914781 2.809696 -0.127235
v -1.846992 2.761490 -0.028882
v -1.846992 2.761490 -0.028882
v -1.840289 2.741360 0.079053
v -1.887764 2.754194 0.215909
v -1.959543 2.793644 0.328630
v -2.177481 3.037672 0.464838
v -2.088747 3.080633 0.501029
v -2.194701 2.924799 0.426577
v -2.123479 2.842047 0.392271
v -2.014084 2.815582 0.427501
v -1.987130 3.064625 0.514380
v -1.941334 3.206087 0.474688
v -1.941334 3.206087 0.474688
v -1.923029 2.982818 0.510667
v -1.803361 3.047425 0.466304
v -1.803361 3.047425 0.466304
v -1.920294 2.878888 0.482575
v -1.806485 2.886131 0.401311
v -1.806485 2.886131 0.401311
v -2.157194 2.913614 0.501281
v -2.151203 2.983974 0.507195
v -2.092832 3.003297 0.538111
v -2.025772 3.006706 0.542920
v -2.001162 2.944855 0.552074
v -1.986150 2.876191 0.529299
v -2.059595 2.835071 0.510872
v -2.122872 2.849420 0.470247
v -2.095921 2.921521 0.562180
v -1.747533 2.834100 0.261048
v -1.747533 2.834100 0.261048
v -1.714811 2.832470 0.084005
v -1.714811 2.832470 0.084005
v -1.720941 2.857166 -0.017860
v -1.720941 2.857166 -0.017860
v -1.720941 2.857166 -0.017860
v -1.720941 2.857166 -0.017860
v -1.779556 2.904753 -0.130966
v -1.779556 2.904753 -0.130966
v -1.896449 3.038545 -0.220683
v -1.896449 3.038545 -0.220683
v -2.024065 3.253958 -0.200088
v -2.024065 3.253958 -0.200088
v -2.091685 3.455166 -0.037051
v -2.091685 3.455166 -0.037051
v -2.089082 3.504083 0.195169
v -2.089082 3.504083 0.195169
v -2.032676 3.402189 0.378997
v -2.032676 3.402189 0.378997
v -2.032676 3.402189 0.378997
v -2.032676 3.402189 0.378997
v -0.503318 4.021054 -0.195154
v -0.503318 4.021054 -0.195154
v -0.512093 3.852751 -0.140132
v -0.512093 3.852751 -0.140132
v -0.533079 3.712968 0.011477
v -0.533079 3.712968 0.011477
v -0.533079 3.712968 0.011477
v -0.557004 3.719611 0.309998
v -0.557004 3.719611 0.309998
v -0.575277 3.897139 0.453319
v -0.575277 3.897139 0.453319
v -0.571949 4.093596 0.475971
v -0.571949 4.093596 0.475971
v -0.585596 4.335138 0.410824
v -0.585596 4.335138 0.410824
v -0.666524 4.435267 0.306479
v -0.666524 4.435267 0.306479
v -0.734506 4.469539 0.177304
v -0.734506 4.469539 0.177304
v -0.734506 4.469539 0.177304
v -0.715251 4.422007 0.042054
v -0.715251 4.422007 0.042054
v -0.606134 4.337744 -0.084642
v -0.606134 4.337744 -0.084642
v -0.525027 4.213782 -0.182458
v -0.525027 4.213782 -0.182458
v -1.605345 2.933731 0.275241
v -1.659310 3.018255 0.401703
v -1.694780 3.172299 0.458477
v -1.784965 3.346535 0.462602
v -1.874514 3.516509 0.372743
v -1.874514 3.516509 0.372743
v -1.930969 3.609932 0.186121
v -1.930347 3.556949 -0.050908
v -1.856957 3.363050 -0.207708
v -1.745848 3.157870 -0.225434
v -1.643881 3.010500 -0.146805
v -1.587826 2.947574 -0.024754
v -1.587826 2.947574 -0.024754
v -1.577222 2.922397 0.103493
v -1.454203 3.065343 0.277682
v -1.435965 3.032226 0.119391
v -1.449162 3.053277 -0.022918
v -1.449162 3.053277 -0.022918
v -1.503542 3.126202 -0.150821
v -1.597923 3.277369 -0.221663
v -1.699218 3.470064 -0.203192
v -1.767282 3.653261 -0.055092
v -1.768751 3.709922 0.161728
v -1.719991 3.636571 0.346283
v -1.719991 3.636571 0.346283
v -1.638806 3.483349 0.441749
v -1.559702 3.316511 0.446349
v -1.502544 3.167062 0.395219
v -1.312108 3.206866 0.280123
v -1.359711 3.317478 0.382816
v -1.420003 3.461840 0.426530
v -1.492055 3.616840 0.410569
v -1.563358 3.752980 0.315186
v -1.563358 3.752980 0.315186
v -1.603608 3.811742 0.144007
v -1.604201 3.755716 -0.055236
v -1.546086 3.578509 -0.196930
v -1.453304 3.395115 -0.215172
v -1.363020 3.245051 -0.148879
v -1.307272 3.166148 -0.018830
v -1.307272 3.166148 -0.018830
v -1.292530 3.154431 0.132485
v -1.175742 3.342342 0.280277
v -1.152836 3.278118 0.142828
v -1.166850 3.282045 -0.014106
v -1.166850 3.282045 -0.014106
v -1.224272 3.362079 -0.144711
v -1.308658 3.511466 -0.210192
v -1.393271 3.690475 -0.193363
v -1.442883 3.860752 -0.058339
v -1.439707 3.920987 0.129345
v -1.404574 3.870494 0.290031
v -1.404574 3.870494 0.290031
v -1.342372 3.744787 0.384839
v -1.277449 3.597583 0.407764
v -1.221370 3.456574 0.371544
v -1.041023 3.472740 0.284350
v -1.083599 3.590631 0.366583
v -1.132908 3.732262 0.395527
v -1.193068 3.874838 0.366474
v -1.251073 3.992456 0.270365
v -1.251073 3.992456 0.270365
v -1.285233 4.026325 0.108666
v -1.282710 3.964471 -0.067238
v -1.235514 3.809270 -0.191952
v -1.159524 3.632327 -0.207913
v -1.083213 3.480668 -0.142348
v -1.027008 3.397928 -0.007227
v -1.027008 3.397928 -0.007227
v -1.015544 3.400315 0.151615
v -0.904384 3.600791 0.291711
v -0.882266 3.524987 0.160223
v -0.887526 3.520743 0.001742
v -0.887526 3.520743 0.001742
v -0.936305 3.604561 -0.137093
v -1.002427 3.755417 -0.201761
v -1.070009 3.925701 -0.186254
v -1.120261 4.069666 -0.074453
v -1.131176 4.137261 0.091014
v -1.102738 4.116420 0.253798
v -1.102738 4.116420 0.253798
v -1.049609 4.008016 0.357438
v -0.990535 3.867614 0.388193
v -0.942135 3.723807 0.369382
v -0.787204 3.708642 0.299784
v -0.826289 3.837110 0.375224
v -0.870512 3.990304 0.390163
v -0.930004 4.131367 0.350126
v -0.981822 4.228162 0.235600
v -0.981822 4.228162 0.235600
v -0.994568 4.239462 0.070917
v -0.972304 4.158328 -0.082592
v -0.919319 4.018540 -0.180515
v -0.851848 3.857141 -0.190407
v -0.794783 3.714046 -0.121075
v -0.764225 3.638657 0.017344
v -0.764225 3.638657 0.017344
v -0.763417 3.634606 0.169358
v -0.733449 3.928979 -0.181952
v -0.689943 3.788654 -0.107652
v -0.675724 3.717985 0.032730
v -0.675724 3.717985 0.032730
v -0.675656 3.710497 0.185556
v -0.706180 3.796108 0.318711
v -0.737839 3.935585 0.386916
v -0.768884 4.102903 0.395018
v -0.813918 4.254016 0.339612
v -0.876240 4.328807 0.217657
v -0.876240 4.328807 0.217657
v -0.880177 4.319881 0.052425
v -0.843964 4.228070 -0.085527
v -0.788255 4.089931 -0.175035
v -0.641020 3.866127 0.360584
v -0.662399 4.021570 0.417812
v -0.686679 4.200850 0.399238
v -0.739971 4.338274 0.326417
v -0.800028 4.402588 0.197497
v -0.800028 4.402588 0.197497
v -0.781301 4.376159 0.045710
v -0.724271 4.283521 -0.084082
v -0.663863 4.148569 -0.170340
v -0.623932 3.982062 -0.175713
v -0.608968 3.833347 -0.103468
v -0.607542 3.766245 0.046557
v -0.607542 3.766245 0.046557
v -0.612874 3.768242 0.222798
v -0.068749 3.984871 0.952380
v -0.000000 4.201218 -0.304499
v -0.000000 4.201218 -0.304499
v -0.000000 3.890217 -0.275136
v -0.000000 3.890217 -0.275136
v -0.230055 4.041418 -0.282706
v -0.354919 4.202657 -0.259773
v -0.377605 3.871745 -0.220448
v -0.000000 3.732681 -0.263238
v -0.000000 3.732681 -0.263238
v -0.000000 3.576484 -0.265500
v -0.000000 3.576484 -0.265500
v -0.258325 3.724906 -0.244245
v -0.270200 3.574994 -0.241108
v -0.339469 4.094800 0.743156
v -0.339469 4.094800 0.743156
v -0.465332 4.321416 0.528788
v -0.473090 3.923937 0.618156
v -0.000281 3.662816 0.951867
v -0.143635 3.509443 0.924772
v -0.383711 3.723935 0.769872
v -0.510162 3.551257 0.529642
v -0.517267 3.568523 0.042988
v -0.445185 4.393264 0.556722
v -0.461370 4.225285 0.668762
v -0.331526 4.141796 0.777965
v -0.267943 4.037883 0.865394
v -0.217490 4.202595 -0.294365
v -0.244103 3.880839 -0.259080
v -0.362714 4.035036 -0.251504
v -0.405363 3.717505 -0.180682
v -0.082499 3.868447 0.936506
v -0.082499 3.868447 0.936506
v -0.305628 3.948493 0.821892
v -0.305628 3.948493 0.821892
v -0.452200 4.130221 0.598881
v -0.452200 4.130221 0.598881
v -0.414165 3.572776 -0.157102
v -0.113219 3.695884 0.929507
v -0.422415 3.542367 0.728881
v -0.504439 3.715014 0.564180
v -0.537952 3.562610 0.290138
v -0.618738 4.561167 0.417471
v -0.646572 4.570232 0.289214
v -0.809324 4.614020 0.166334
v -0.713270 4.474502 0.012371
v -0.503930 4.417256 -0.119387
v -0.543892 4.363514 -0.237247
v -0.339897 4.342828 -0.247187
v -0.207970 4.344845 -0.271989
v -0.000030 4.340709 -0.286800
v -0.000030 4.340709 -0.286800
v -0.149378 4.024689 0.915521
v -0.178551 3.916915 0.891151
v -0.178551 3.916915 0.891151
v -0.241993 3.720395 0.875521
v -0.288651 3.529140 0.856033
v -0.280112 3.155753 -0.273469
v -0.449599 3.184310 -0.165394
v -0.577253 3.195114 0.041597
v -0.626642 3.195693 0.237233
v -0.626642 3.195693 0.237233
v -0.609917 3.096303 0.451216
v -0.609917 3.096303 0.451216
v -0.529822 3.089766 0.632914
v -0.390227 3.049169 0.757847
v -0.201750 3.003167 0.848312
v 0.001182 3.321281 0.927643
v -0.162327 3.332261 0.903328
v -0.316530 3.357913 0.827229
v -0.442547 3.388224 0.693423
v -0.515958 3.415591 0.507380
v -0.542726 3.438753 0.278665
v -0.515713 3.443231 0.049605
v -0.419093 3.440249 -0.152257
v -0.275272 3.433242 -0.242821
v -0.000000 3.425380 -0.273935
v -0.000000 3.425380 -0.273935
v -0.000000 3.279392 -0.297487
v -0.000000 3.279392 -0.297487
v -0.276955 3.296175 -0.255872
v -0.429422 3.313302 -0.154359
v -0.535173 3.322532 0.044020
v -0.559447 3.322031 0.266022
v -0.530936 3.283246 0.487826
v -0.466130 3.242005 0.660763
v -0.343382 3.200531 0.791302
v -0.179734 3.166315 0.873877
v 0.000977 3.151838 0.903300
v -0.222629 2.847712 0.811834
v -0.458493 2.902279 0.725862
v -0.719712 2.926811 0.655915
v -0.698180 3.019624 0.462033
v -0.844212 3.140892 0.173043
v -0.651368 3.074497 0.048436
v -0.478585 3.052120 -0.176475
v -0.251681 2.988386 -0.303889
v -0.000085 3.010565 -0.370025
v -0.000085 3.010565 -0.370025
v -0.000108 2.881250 -0.397776
v -0.000108 2.881250 -0.397776
v -0.000108 2.881250 -0.397776
v -0.000108 2.881250 -0.397776
v -0.088047 2.852501 -0.384819
v -0.088047 2.852501 -0.384819
v -0.103216 2.764028 -0.356573
v -0.103216 2.764028 -0.356573
v -0.319504 2.744616 -0.313741
v -0.088159 2.711550 -0.345166
v -0.088159 2.711550 -0.345166
v -0.294267 2.545963 -0.286605
v -0.625815 2.669261 0.620809
v -0.402333 2.574115 0.693043
v -0.194703 2.527726 0.726148
v 0.000189 2.515804 0.731172
v -0.737347 2.781127 0.467352
v -0.787003 2.786986 0.229226
v -0.703803 2.788217 0.022799
v -0.554285 2.773284 -0.189167
v -0.216698 2.690973 0.774303
v -0.444817 2.748232 0.708895
v -0.705352 2.832219 0.627498
v -0.754687 2.907771 0.470355
v -0.862728 3.022727 0.202346
v -0.693057 2.945318 0.018530
v -0.518169 2.919798 -0.184528
v -0.298728 2.870166 -0.307070
v -0.105772 2.810937 -0.370842
v -0.105772 2.810937 -0.370842
v -0.156515 2.360266 0.647629
v -0.093546 2.229594 0.479072
v -0.000545 2.243389 0.468848
v -0.084501 2.214836 0.265567
v -0.084501 2.214836 0.265567
v -0.338506 2.370945 0.669611
v -0.162110 2.195414 0.506800
v -0.120631 2.146231 0.288690
v -0.120631 2.146231 0.288690
v -0.042395 2.671946 -0.340106
v -0.042395 2.671946 -0.340106
v -0.109089 2.525090 -0.309698
v 0.000090 2.233566 0.064847
v 0.000090 2.233566 0.064847
v -0.082097 2.218043 0.063030
v -0.093507 2.275723 -0.090670
v -0.099214 2.373239 -0.220432
v -0.143919 2.163308 0.045595
v -0.170009 2.234698 -0.080443
v -0.195189 2.325966 -0.220215
v -0.278331 1.868805 0.623379
v -0.138051 1.809706 0.266178
v -0.323221 1.854610 -0.121943
v -0.444680 2.357041 -0.259137
v -0.444680 2.357041 -0.259137
v -0.868241 2.091699 0.211222
v -0.847499 2.112288 0.638522
v -0.451766 1.945529 0.725164
v -0.173591 1.827404 0.459085
v -0.173591 1.827404 0.459085
v -0.176536 1.812231 0.057260
v -0.619812 1.953468 -0.138598
v -0.779869 2.039036 0.015731
v -0.779869 2.039036 0.015731
v -0.909636 2.124762 0.424550
v -0.659396 2.036035 0.741095
v -0.599572 2.506924 0.643227
v -0.738706 2.590525 0.478148
v -0.768923 2.614681 0.262103
v -0.724593 2.613616 0.048821
v -0.589311 2.603712 -0.177180
v -0.260307 2.225776 -0.196235
v -0.260307 2.225776 -0.196235
v -0.193315 2.134816 -0.058676
v -0.193315 2.134816 -0.058676
v -0.142965 2.062739 0.106726
v -0.142965 2.062739 0.106726
v -0.133909 2.067868 0.329376
v -0.133909 2.067868 0.329376
v -0.133909 2.067868 0.329376
v -0.133909 2.067868 0.329376
v -0.197381 2.131618 0.544098
v -0.197381 2.131618 0.544098
v -0.378403 2.253211 0.687115
v -0.378403 2.253211 0.687115
v -0.617142 2.379398 0.672622
v -0.617142 2.379398 0.672622
v -0.770430 2.454826 0.511303
v -0.770430 2.454826 0.511303
v -0.794254 2.478918 0.300353
v -0.794254 2.478918 0.300353
v -0.759940 2.472029 0.094236
v -0.759940 2.472029 0.094236
v -0.646149 2.445860 -0.126640
v -0.646149 2.445860 -0.126640
v -0.646149 2.445860 -0.126640
v -0.292887 2.116545 -0.171917
v -0.193204 2.040436 -0.026635
v -0.139977 1.997316 0.148881
v -0.143730 1.997231 0.371283
v -0.143730 1.997231 0.371283
v -0.221259 2.055121 0.577654
v -0.399003 2.157622 0.702584
v -0.641087 2.275503 0.695852
v -0.796626 2.352213 0.552038
v -0.827988 2.369444 0.340317
v -0.793923 2.359464 0.135423
v -0.694883 2.319188 -0.076428
v -0.694883 2.319188 -0.076428
v -0.520456 2.227715 -0.219120
v -0.444242 0.954001 0.486764
v -0.610347 0.964623 0.461491
v -0.747887 0.972840 0.365497
v -0.792082 0.983784 0.184710
v -0.788733 0.983523 -0.012081
v -0.719629 0.983876 -0.182271
v -0.719629 0.983876 -0.182271
v -0.536951 0.976835 -0.291166
v -0.323979 0.958692 -0.244016
v -0.181089 0.946743 -0.088188
v -0.126938 0.940119 0.111619
v -0.157361 0.939853 0.308997
v -0.157361 0.939853 0.308997
v -0.278438 0.943634 0.448514
v -0.156614 0.388143 0.367324
v -0.156614 0.388143 0.367324
v -0.255343 0.434493 0.499325
v -0.464539 0.445547 0.587797
v -0.741453 0.434765 0.557870
v -0.816210 0.487135 0.426611
v -0.889986 0.359269 0.203238
v -0.839402 0.395707 0.027906
v -0.720574 0.376361 -0.137088
v -0.720574 0.376361 -0.137088
v -0.532608 0.353068 -0.192190
v -0.338185 0.349201 -0.147499
v -0.186022 0.357080 -0.005748
v -0.130044 0.372303 0.184019
v -0.673061 1.779873 0.751218
v -0.909052 1.836647 0.626899
v -0.953982 1.860414 0.371655
v -0.878077 1.845584 0.162245
v -0.763272 1.807140 -0.009514
v -0.763272 1.807140 -0.009514
v -0.596475 1.744185 -0.137382
v -0.342324 1.670575 -0.122897
v -0.189463 1.624598 0.025847
v -0.140428 1.619740 0.223411
v -0.169179 1.642600 0.422655
v -0.169179 1.642600 0.422655
v -0.274523 1.676368 0.593653
v -0.449017 1.725694 0.710148
v -0.674536 1.486095 0.697456
v -0.446871 1.468595 0.659209
v -0.270145 1.450691 0.548341
v -0.164998 1.438606 0.376538
v -0.164998 1.438606 0.376538
v -0.142043 1.432214 0.180205
v -0.195761 1.439004 -0.010113
v -0.347247 1.469139 -0.143553
v -0.563232 1.513297 -0.157596
v -0.735479 1.551155 -0.054822
v -0.735479 1.551155 -0.054822
v -0.858009 1.569389 0.103990
v -0.941285 1.559475 0.305838
v -0.910596 1.519783 0.558400
v -0.645745 1.209601 0.574858
v -0.826490 1.229197 0.447846
v -0.871369 1.260366 0.237546
v -0.822011 1.276007 0.040738
v -0.715946 1.272621 -0.119349
v -0.715946 1.272621 -0.119349
v -0.542090 1.257075 -0.211079
v -0.339492 1.231813 -0.189993
v -0.193379 1.209507 -0.055185
v -0.138529 1.200704 0.135410
v -0.160428 1.199517 0.331878
v -0.160428 1.199517 0.331878
v -0.270845 1.200726 0.491945
v -0.444469 1.204634 0.575322
v -0.448948 0.690892 0.491287
v -0.623468 0.701303 0.453586
v -0.744706 0.720763 0.361838
v -0.800572 0.719709 0.194009
v -0.799091 0.709715 0.002689
v -0.727684 0.690721 -0.176160
v -0.727684 0.690721 -0.176160
v -0.539369 0.661348 -0.281009
v -0.322028 0.645421 -0.234086
v -0.172562 0.641364 -0.075975
v -0.122141 0.646732 0.126485
v -0.157946 0.659398 0.321574
v -0.157946 0.659398 0.321574
v -0.276502 0.673224 0.454825
v -0.554003 0.333340 0.693963
v -0.763541 0.322198 0.638484
v -0.630266 0.201701 0.849463
v -0.710681 0.211763 0.823805
v -0.638510 0.130454 0.853690
v -0.638510 0.130454 0.853690
v -0.729561 0.143679 0.821049
v -0.729561 0.143679 0.821049
v -0.649889 0.048903 0.803581
v -0.716848 0.072856 0.788002
v -0.558621 0.197219 0.829909
v -0.552609 0.138629 0.833990
v -0.552609 0.138629 0.833990
v -0.566331 0.064936 0.811682
v -0.449801 0.227259 0.686660
v -0.430045 0.137490 0.699665
v -0.430045 0.137490 0.699665
v -0.430045 0.137490 0.699665
v -0.430045 0.137490 0.699665
v -0.464289 0.015256 0.592286
v -0.625732 -0.005457 0.585455
v -0.770043 0.044241 0.611428
v -0.839257 0.179194 0.653768
v -0.839257 0.179194 0.653768
v -0.839257 0.179194 0.653768
v -0.839257 0.179194 0.653768
v -0.624970 0.278560 0.804569
v -0.732249 0.257590 0.758032
v -0.483866 0.137849 0.764810
v -0.483866 0.137849 0.764810
v -0.508962 0.220346 0.769785
v -0.777436 0.154352 0.739105
v -0.777436 0.154352 0.739105
v -0.744246 0.058712 0.712258
v -0.648052 0.005830 0.704213
v -0.525437 0.022146 0.715600
v -0.340155 0.307018 0.638974
v -0.208805 0.309335 0.549308
v -0.221231 0.158151 0.691746
v -0.168377 0.179434 0.645432
v -0.208295 0.113132 0.681541
v -0.208295 0.113132 0.681541
v -0.149900 0.125458 0.627662
v -0.149900 0.125458 0.627662
v -0.213331 0.054631 0.658621
v -0.159939 0.083697 0.617754
v -0.287821 0.161775 0.707211
v -0.280157 0.114668 0.708447
v -0.280157 0.114668 0.708447
v -0.269318 0.050448 0.677728
v -0.360155 -0.005285 0.448888
v -0.182766 0.045549 0.441000
v -0.258684 0.231775 0.679523
v -0.148782 0.195869 0.445629
v -0.148782 0.195869 0.445629
v -0.148782 0.195869 0.445629
v -0.164792 0.222057 0.601376
v -0.353800 0.191667 0.695614
v -0.369013 0.117796 0.697231
v -0.369013 0.117796 0.697231
v -0.359198 0.032560 0.638584
v -0.263725 0.001553 0.590531
v -0.150929 0.063231 0.557540
v -0.130723 0.153253 0.561199
v -0.130723 0.153253 0.561199
v -0.884161 0.276852 0.582052
v -1.025137 0.169000 0.543152
v -1.025137 0.169000 0.543152
v -0.943747 0.297766 0.418061
v -1.040445 0.161038 0.455120
v -1.040445 0.161038 0.455120
v -1.042549 0.093516 0.543461
v -1.041354 0.091851 0.432508
v -1.041354 0.091851 0.432508
v -0.979725 0.018555 0.488959
v -1.020172 0.038371 0.437129
v -1.020172 0.038371 0.437129
v -0.980675 0.160361 0.587204
v -0.980675 0.160361 0.587204
v -0.976051 0.088673 0.582003
v -0.949632 0.037297 0.551733
v -0.761078 0.004341 0.478638
v -0.830428 -0.011464 0.364501
v -1.008309 0.218104 0.438563
v -0.945355 0.032699 0.280792
v -0.945355 0.032699 0.280792
v -0.966764 0.197509 0.300792
v -0.973303 0.214890 0.563637
v -0.920756 0.168636 0.613268
v -0.920756 0.168636 0.613268
v -0.890809 0.072907 0.596175
v -0.874196 0.019106 0.523693
v -0.915913 -0.003402 0.441700
v -0.994804 0.029080 0.377363
v -0.994804 0.029080 0.377363
v -1.019730 0.110161 0.365005
v -0.875367 0.068971 0.159776
v -0.875367 0.068971 0.159776
v -0.729147 -0.010993 0.252618
v -0.585063 -0.009182 0.388467
v -0.819074 0.108786 0.034548
v -0.819074 0.108786 0.034548
v -0.719976 0.203772 -0.109227
v -0.719976 0.203772 -0.109227
v -0.719976 0.203772 -0.109227
v -0.507495 0.172190 -0.141692
v -0.507495 0.172190 -0.141692
v -0.367586 0.180147 -0.089494
v -0.367586 0.180147 -0.089494
v -0.212998 0.178159 0.073344
v -0.212998 0.178159 0.073344
v -0.160821 0.171632 0.268562
v -0.160821 0.171632 0.268562
v -0.629773 0.001375 0.042850
v -0.421272 0.006722 0.072003
v -0.277514 0.023412 0.231189
v -0.196890 0.069208 0.319825
v -0.056464 4.153154 0.923579
v -0.000001 4.153126 0.944448
v -0.102529 4.234327 0.870049
v -0.174459 4.238666 0.862890
v -0.226555 4.321466 0.806801
v -0.237936 4.419134 0.713944
v -0.295284 4.534595 0.622802
v -0.000001 4.031361 0.971115
v -0.317381 4.619346 0.597069
v -0.402895 4.648141 0.466764
v -0.482123 4.649718 0.321667
v -0.499597 4.655878 0.178895
v -0.447636 4.631655 0.065535
v -0.356655 4.593356 -0.042548
v -0.263763 4.575626 -0.129584
v -0.176382 4.568645 -0.181592
v -0.065426 4.075233 0.945981
v -0.130498 4.107972 0.916631
v -0.224597 4.136593 0.887073
v -0.307557 4.208401 0.794703
v -0.359954 4.324874 0.690597
v -0.394385 4.464324 0.567646
v -0.439241 4.571145 0.488413
v -0.513234 4.623364 0.368590
v -0.591105 4.660267 0.236828
v -0.592829 4.570934 0.026399
v -0.446508 4.509840 -0.069011
v -0.402338 4.483449 -0.150831
v -0.293747 4.470150 -0.191787
v -0.191794 4.464021 -0.223932
v -0.000001 4.571676 0.792499
v -0.132851 4.352798 0.819284
v -0.000001 4.372469 0.889887
v -0.155646 4.470812 0.750067
v -0.000001 4.492110 0.871441
v -0.150061 4.568364 0.711258
v -0.156195 4.639542 0.718832
v -0.000001 4.643933 0.768958
v -0.284479 4.748426 0.825978
v -0.416992 4.754327 0.667836
v -0.500872 4.767851 0.530402
v -0.555478 4.786028 0.376047
v -0.556447 4.777755 0.150229
v -0.471075 4.771025 0.008483
v -0.357793 4.774639 -0.110961
v -0.239482 4.783413 -0.189148
v -0.000731 4.796511 -0.274265
v -0.000731 4.796511 -0.274265
v -0.143433 4.745875 0.926675
v -0.000001 4.745457 0.976466
v -0.000001 4.745457 0.976466
v -0.366912 4.674451 -0.006932
v -0.366912 4.674451 -0.006932
v -0.275635 4.670330 -0.106035
v -0.275635 4.670330 -0.106035
v -0.288774 4.679743 0.677678
v -0.288774 4.679743 0.677678
v -0.388334 4.688816 0.544413
v -0.388334 4.688816 0.544413
v -0.000001 4.693985 0.829011
v -0.000001 4.693985 0.829011
v -0.000001 4.693985 0.829011
v -0.148218 4.688444 0.782314
v -0.148218 4.688444 0.782314
v -0.183171 4.671370 -0.168300
v -0.183171 4.671370 -0.168300
v -0.000569 4.675117 -0.232624
v -0.000569 4.675117 -0.232624
v -0.000569 4.675117 -0.232624
v -0.000569 4.675117 -0.232624
v -0.454790 4.701617 0.407285
v -0.454790 4.701617 0.407285
v -0.489418 4.700490 0.269396
v -0.489418 4.700490 0.269396
v -0.452765 4.687864 0.132870
v -0.452765 4.687864 0.132870
v -0.316377 4.817910 0.926779
v -0.316377 4.817910 0.926779
v -0.137750 4.817757 1.055511
v -0.137750 4.817757 1.055511
v -0.352991 4.952304 1.002943
v -0.151181 4.946004 1.167306
v -0.367316 5.108190 1.047011
v -0.155691 5.087913 1.243879
v -0.000004 5.109138 1.280347
v -0.356386 5.261492 1.048616
v -0.145551 5.271695 1.246543
v -0.586788 4.830690 0.626453
v -0.586788 4.830690 0.626453
v -0.688153 4.954383 0.692423
v -0.702547 5.123935 0.720355
v -0.731950 5.285809 0.734614
v -0.552206 5.264845 0.896644
v -0.538391 5.109434 0.887870
v -0.518290 4.953548 0.845696
v -0.465734 4.824036 0.770480
v -0.465734 4.824036 0.770480
v -0.342850 5.401997 1.016505
v -0.148235 5.405348 1.133232
v 0.000096 5.409429 1.163076
v -0.687810 5.418917 0.752681
v -0.524705 5.405912 0.892294
v -0.646330 4.868046 0.237816
v -0.646330 4.868046 0.237816
v -1.020226 4.911796 0.372676
v -1.020226 4.911796 0.372676
v -0.932257 5.162400 0.387968
v -0.932257 5.162400 0.387968
v -1.067024 5.384208 0.361756
v -1.067024 5.384208 0.361756
v -0.843659 5.464052 0.397951
v -0.843659 5.464052 0.397951
v -0.857866 4.946619 0.542234
v -0.684437 4.840540 0.485417
v -0.684437 4.840540 0.485417
v -0.848059 5.143329 0.558555
v -0.828321 5.440439 0.604748
v -0.828321 5.440439 0.604748
v -0.906537 5.325435 0.566354
v -0.658943 4.886291 0.060831
v -0.790161 5.017048 0.129037
v -0.856574 5.183772 0.222865
v -0.870333 5.342052 0.182369
v -0.853145 5.456367 0.205093
v -0.152257 3.574997 -0.261820
v -0.146157 3.728661 -0.258969
v -0.114086 4.205713 -0.302623
v -0.126500 4.045925 -0.292378
v -0.137426 3.886623 -0.270302
v -0.109251 4.344983 -0.282646
v -0.152602 3.147121 -0.316563
v -0.154426 3.427389 -0.268908
v -0.153465 3.285599 -0.287543
v -0.125717 3.002892 -0.350374
v -0.054330 2.871655 -0.393161
v -0.054330 2.871655 -0.393161
v -0.105265 4.566237 -0.211722
v -0.109430 4.460552 -0.243154
v -0.143072 4.789393 -0.235859
v -0.108396 4.672299 -0.204347
v -0.108396 4.672299 -0.204347
v -0.529374 4.875599 -0.107690
v -0.708467 5.004429 -0.072060
v -0.947269 5.168455 0.086393
v -0.854993 5.311758 0.034059
v -0.856969 5.446698 -0.000885
v -0.348324 4.884615 -0.223558
v -0.483019 4.994954 -0.260791
v -0.620834 5.136191 -0.264148
v -0.644300 5.322603 -0.296756
v -0.638271 5.488111 -0.303304
v -0.199790 4.898128 -0.289570
v -0.269112 5.010891 -0.356769
v -0.344400 5.148653 -0.406117
v -0.392762 5.314588 -0.435559
v -0.413911 5.500478 -0.443324
v -0.000550 5.046304 -0.408230
v -0.000550 5.046304 -0.408230
v -0.000601 5.191298 -0.460537
v -0.000601 5.191298 -0.460537
v -0.001608 5.548429 -0.496633
v -0.001608 5.548429 -0.496633
v -0.923981 5.725770 0.273496
v -0.923981 5.725770 0.273496
v -0.970705 5.665823 0.170954
v -0.970705 5.665823 0.170954
v -0.832451 5.513595 0.206220
v -0.832451 5.513595 0.206220
v -0.832451 5.513595 0.206220
v -0.812217 5.602586 0.401798
v -0.812217 5.602586 0.401798
v -0.958361 5.746808 0.023096
v -0.856461 5.560552 -0.002668
v -0.856461 5.560552 -0.002668
v -0.855189 5.929696 -0.124912
v -0.641185 5.710695 -0.266045
v -0.641185 5.710695 -0.266045
v -0.675289 6.156063 -0.183340
v -0.451193 6.004664 -0.257033
v -0.451193 6.004664 -0.257033
v -0.504373 6.376927 -0.065804
v -0.292826 6.227582 -0.117548
v -0.292826 6.227582 -0.117548
v -0.416220 6.493858 0.207707
v -0.279410 6.358959 0.157884
v -0.279410 6.358959 0.157884
v -0.279410 6.358959 0.157884
v -0.524222 6.479155 0.526093
v -0.362057 5.743862 -0.419334
v -0.000015 5.768958 -0.468985
v -0.000015 5.768958 -0.468985
v -0.263532 6.010198 -0.306151
v -0.000000 5.992190 -0.360458
v -0.000000 5.992190 -0.360458
v -0.175428 6.224065 -0.126208
v -0.000001 6.215128 -0.157586
v -0.000001 6.215128 -0.157586
v -0.187487 6.350329 0.152235
v -0.187487 6.350329 0.152235
v -0.000001 6.340857 0.112409
v -0.000001 6.340857 0.112409
v -0.000001 6.340857 0.112409
v -0.000001 6.340857 0.112409
v -0.282013 6.437147 0.686309
v -0.713257 5.747373 0.631806
v -0.713257 5.747373 0.631806
v -0.758838 5.590112 0.600445
v -0.758838 5.590112 0.600445
v -0.608967 5.733480 0.768294
v -0.639294 5.569498 0.755174
v -0.477542 5.720561 0.887933
v -0.496571 5.553217 0.883551
v -0.327664 5.704280 0.993630
v -0.332202 5.542089 0.994536
v -0.161272 5.696857 1.056524
v -0.159709 5.543723 1.077826
v -0.000018 5.696229 1.076423
v -0.000001 5.545554 1.102873
v -0.960262 5.914154 0.338671
v -0.773024 5.771618 0.498124
v -0.773024 5.771618 0.498124
v -0.619434 6.375661 0.592601
v -0.513287 6.295598 0.639735
v -0.513287 6.295598 0.639735
v -0.595491 6.192993 0.626364
v -0.595491 6.192993 0.626364
v -0.696191 6.257105 0.536825
v -0.933098 6.221879 0.479157
v -0.667849 6.045194 0.587156
v -0.667849 6.045194 0.587156
v -0.794288 5.953684 0.476744
v -0.722884 5.911802 0.553642
v -0.722884 5.911802 0.553642
v -0.856463 5.991519 0.433590
v -0.820167 6.112536 0.508731
v -0.638493 6.220958 0.585938
v -0.557936 6.328939 0.616826
v -0.843185 5.828841 0.406772
v -0.843185 5.828841 0.406772
v -0.343462 6.396864 0.186544
v -0.390451 6.277565 -0.079346
v -0.567676 6.059752 -0.209211
v -0.747584 5.812357 -0.160273
v -0.861776 5.644191 0.027031
v -0.870320 5.599001 0.180270
v -0.870320 5.599001 0.180270
v -0.856787 5.683390 0.314425
v -0.856787 5.683390 0.314425
v -0.371330 6.352538 0.579897
v -0.371330 6.352538 0.579897
v -0.452796 6.402435 0.530754
v -0.451169 6.500872 0.412390
v -0.215128 6.370444 0.429090
v -0.385726 6.415727 0.415362
v -0.309308 6.374894 0.410871
v -0.309308 6.374894 0.410871
v -0.980434 5.799021 0.227808
v -0.980434 5.799021 0.227808
v -1.054682 5.769421 0.155677
v -1.054682 5.769421 0.155677
v -1.055164 5.849376 0.017040
v -0.973341 6.056229 -0.109465
v -0.825224 6.307575 -0.142339
v -0.655420 6.515735 -0.043524
v -0.540453 6.616898 0.210817
v -0.600702 6.560767 0.513378
v -0.949829 6.006749 0.225540
v -0.949829 6.006749 0.225540
v -0.681379 6.445136 0.558297
v -0.740738 6.324699 0.482028
v -0.958772 6.270682 0.428695
v -0.958772 6.270682 0.428695
v -0.949520 6.073561 0.369012
v -0.949520 6.073561 0.369012
v -0.552597 6.606242 0.403905
v -0.667688 5.895502 0.656398
v -0.667688 5.895502 0.656398
v -0.577810 5.896394 0.777151
v -0.577810 5.896394 0.777151
v -0.461157 5.891759 0.883945
v -0.461157 5.891759 0.883945
v -0.320720 5.867261 0.978262
v -0.320720 5.867261 0.978262
v -0.156984 5.856649 1.037087
v -0.156984 5.856649 1.037087
v -0.619789 6.040614 0.666862
v -0.619789 6.040614 0.666862
v -0.552291 6.063696 0.781958
v -0.457794 6.079533 0.870752
v -0.457794 6.079533 0.870752
v -0.337340 6.018221 0.971136
v -0.337340 6.018221 0.971136
v -0.165268 6.007058 1.017029
v -0.165268 6.007058 1.017029
v -0.000505 6.044206 0.981823
v -0.000505 6.044206 0.981823
v -0.000505 6.044206 0.981823
v -0.000505 6.044206 0.981823
v -1.123760 6.110799 0.109291
v -1.201680 6.058064 0.051361
v -1.201680 6.058064 0.051361
v -1.155881 6.144952 -0.035988
v -1.119962 6.298707 -0.054153
v -1.035585 6.506527 -0.032512
v -0.910276 6.709278 0.051195
v -0.783494 6.818721 0.228143
v -0.782233 6.740397 0.469571
v -1.082643 6.222726 0.131636
v -0.857928 6.632034 0.460626
v -0.909967 6.552981 0.374584
v -0.983551 6.474417 0.263490
v -1.029156 6.357387 0.181124
v -0.751890 6.793851 0.385426
v -0.759403 6.520264 0.512165
v -0.801696 6.411054 0.426351
v -1.111770 5.977094 -0.016430
v -1.046214 6.180156 -0.092585
v -0.894206 6.294390 0.305215
v -0.929955 6.408769 -0.092447
v -0.960730 6.189678 0.249928
v -0.781874 6.612365 0.000416
v -0.978342 6.084597 0.156877
v -0.661892 6.720145 0.217867
v -0.646654 6.698267 0.398202
v -0.677977 6.646408 0.494682
v -1.039544 5.948151 0.149462
v -1.123501 5.893534 0.090095
v -1.123501 5.893534 0.090095
v -0.869725 6.831130 0.436014
v -0.943781 6.749650 0.436486
v -0.962104 6.936231 0.391545
v -1.011678 6.856851 0.420776
v -1.111899 7.015788 0.346805
v -1.109045 6.866757 0.390905
v -1.215188 6.921926 0.281267
v -1.215188 6.921926 0.281267
v -1.194484 6.804189 0.337906
v -1.252515 6.713444 0.199942
v -1.252515 6.713444 0.199942
v -1.230514 6.684954 0.266991
v -1.264369 6.541100 0.137945
v -1.264369 6.541100 0.137945
v -1.173880 6.508756 0.213900
v -1.175226 6.336687 0.149312
v -1.255710 6.367147 0.103527
v -1.255710 6.367147 0.103527
v -1.175128 6.224194 0.116333
v -1.232801 6.211688 0.080905
v -1.232801 6.211688 0.080905
v -1.204936 6.379968 0.007946
v -1.103997 6.626175 0.297480
v -1.019879 6.697528 0.373245
v -1.210880 6.244601 -0.001071
v -1.166396 6.591177 0.052061
v -1.200185 6.733984 0.141501
v -1.129933 6.937042 0.203543
v -1.054108 7.013811 0.261943
v -0.963396 6.962358 0.345972
v -0.844907 6.874189 0.373770
v -1.038383 6.803955 0.113269
v -0.890781 6.908672 0.250711
v -0.484858 6.180261 0.878883
v -0.484858 6.180261 0.878883
v -0.438816 6.152378 1.052586
v -0.225970 6.128514 1.054297
v -0.000006 6.196987 0.876428
v -0.000006 6.196987 0.876428
v -0.589678 6.226900 0.832470
v -0.575471 6.187756 0.675814
v -0.509143 6.351133 0.880502
v -0.509143 6.351133 0.880502
v -0.509143 6.351133 0.880502
v -0.502990 6.496369 1.050165
v -0.502990 6.496369 1.050165
v -0.268876 6.350985 1.019678
v -0.268876 6.350985 1.019678
v -0.593608 6.375613 0.874245
v -0.593608 6.375613 0.874245
v -0.538106 6.303695 0.738238
v -0.406257 6.354615 0.794314
v -0.328440 6.408332 0.845492
v -0.168927 6.383729 0.806104
v -0.067333 3.730397 -0.262440
v -0.056752 4.047820 -0.294852
v -0.047418 4.344631 -0.285406
v -0.071043 3.424157 -0.273590
v -0.052714 3.008424 -0.366384
v -0.048139 4.564044 -0.225911
v -0.048443 4.457774 -0.251274
v -0.068209 4.793770 -0.263909
v -0.051576 4.674007 -0.225136
v -0.051576 4.674007 -0.225136
v -0.070118 3.574759 -0.265227
v -0.050432 4.205449 -0.304076
v -0.062702 3.888940 -0.274080
v -0.066572 3.144300 -0.331040
v -0.069178 3.280082 -0.295759
v -0.024650 2.880726 -0.396735
v -0.024650 2.880726 -0.396735
v -0.167303 5.342844 -0.490660
v -0.153119 5.177471 -0.454777
v -0.124466 5.034265 -0.397447
v -0.094310 4.910605 -0.326405
v -0.165749 5.533978 -0.497065
v -0.142460 5.767027 -0.464486
v -0.122841 6.004912 -0.343339
v -0.090832 6.219006 -0.144126
v -0.094721 6.344958 0.138804
v -0.094721 6.344958 0.138804
v -0.124653 6.413489 0.622307
v -0.102206 6.362340 0.406847
v -0.078532 4.739377 -1.439547
v -0.112488 4.331551 -1.313015
v -0.114663 4.169002 -1.444661
v -0.120602 4.019576 -1.586141
v -0.127627 3.942662 -1.626625
v -0.130116 3.736087 -1.622348
v -0.127434 3.492279 -1.642190
v -0.121348 3.263305 -1.724139
v -0.112770 3.299621 -1.699204
v -0.101607 3.169614 -1.509750
v -0.087294 3.021836 -1.344092
v -0.068424 2.860418 -1.208271
v -0.048137 2.842283 -1.099207
v -0.033242 2.855327 -0.870521
v -0.023394 2.857551 -0.623552
v -0.000001 2.845384 -1.105500
v -0.000001 2.845384 -1.105500
v -0.000084 3.033284 -1.337531
v -0.000084 3.033284 -1.337531
v 0.000011 3.736531 -1.601965
v 0.000011 3.736531 -1.601965
v 0.000168 3.937109 -1.606213
v 0.000168 3.937109 -1.606213
v 0.001446 4.764252 -1.405866
v 0.001446 4.764252 -1.405866
v 0.000245 4.759574 -1.546990
v 0.000245 4.759574 -1.546990
v -0.182995 4.375485 -1.324817
v -0.206964 4.233069 -1.480461
v -0.231726 4.073501 -1.642647
v -0.255064 3.956454 -1.685429
v -0.261826 3.733287 -1.698065
v -0.255573 3.486175 -1.708277
v -0.242879 3.263058 -1.791569
v -0.225915 3.258750 -1.737062
v -0.204239 3.130024 -1.547092
v -0.178211 2.990730 -1.369176
v -0.148086 2.835353 -1.218854
v -0.115561 2.823685 -1.094451
v -0.083161 2.842600 -0.865851
v -0.063556 2.847089 -0.620579
v -0.055466 4.751178 -1.543155
v -0.215988 4.438131 -1.338658
v -0.268037 4.307653 -1.523413
v -0.327324 4.151277 -1.718124
v -0.381092 3.973267 -1.780352
v -0.394357 3.730198 -1.806800
v -0.382396 3.481081 -1.823266
v -0.362597 3.253034 -1.880852
v -0.337992 3.196129 -1.806170
v -0.305298 3.065134 -1.612314
v -0.267951 2.933220 -1.415019
v -0.227448 2.788791 -1.243179
v -0.180430 2.780071 -1.090309
v -0.133713 2.814259 -0.860464
v -0.099407 2.826771 -0.616284
v -0.157778 4.473954 -1.233049
v -0.080845 4.705266 -1.680412
v -0.119429 4.619349 -1.911817
v -0.174544 4.443153 -2.210804
v -0.214369 4.174111 -2.392414
v -0.276443 3.881456 -2.571484
v -0.265212 3.532966 -2.634700
v -0.252768 3.147416 -2.575741
v -0.242515 2.749848 -2.326730
v -0.227051 2.533208 -2.031603
v -0.202878 2.401794 -1.743489
v -0.170341 2.315594 -1.431783
v -0.137631 2.332478 -1.062561
v -0.102228 2.441680 -0.795019
v -0.071972 2.562343 -0.562423
v -0.139324 2.637288 -0.577852
v -0.190537 2.553898 -0.817521
v -0.241355 2.471927 -1.071730
v -0.291811 2.466594 -1.380328
v -0.344832 2.563651 -1.646441
v -0.399621 2.688758 -1.900218
v -0.445774 2.863087 -2.160942
v -0.470501 3.170204 -2.369250
v -0.464128 3.498587 -2.397532
v -0.455439 3.809898 -2.352686
v -0.405599 4.136897 -2.246649
v -0.317817 4.422874 -2.044730
v -0.219043 4.573680 -1.786691
v -0.145396 4.671911 -1.578401
v -0.151616 2.720530 -0.594945
v -0.202791 2.665923 -0.834082
v -0.257356 2.604379 -1.078947
v -0.313994 2.606152 -1.327335
v -0.371919 2.717320 -1.561813
v -0.435146 2.851359 -1.798073
v -0.492555 2.991489 -2.021387
v -0.515444 3.207440 -2.181938
v -0.523258 3.481672 -2.188573
v -0.531630 3.754795 -2.150482
v -0.498857 4.067395 -2.088012
v -0.414208 4.338581 -1.921529
v -0.280975 4.489216 -1.675474
v -0.107976 4.472404 -1.212066
v -0.000169 4.712360 -1.741577
v -0.000169 4.712360 -1.741577
v -0.000058 4.377620 -2.382993
v -0.000058 4.377620 -2.382993
v -0.001456 4.143154 -2.556452
v -0.001456 4.143154 -2.556452
v 0.000000 3.566999 -2.714979
v 0.000000 3.566999 -2.714979
v -0.000000 2.273742 -1.471843
v -0.000000 2.273742 -1.471843
v -0.000000 2.540927 -0.566808
v -0.000000 2.540927 -0.566808
v -0.188563 4.607963 -1.462741
v -0.217185 4.519298 -1.383892
v -0.295212 4.395246 -1.586962
v -0.402249 4.250977 -1.825956
v -0.471095 4.011528 -1.937214
v -0.500021 3.731608 -1.965479
v -0.491939 3.477415 -1.996383
v -0.470259 3.237266 -2.020142
v -0.442081 3.104944 -1.905594
v -0.394553 2.969661 -1.702832
v -0.342303 2.835417 -1.490797
v -0.289031 2.708516 -1.280099
v -0.230928 2.706386 -1.084377
v -0.178471 2.755301 -0.845334
v -0.133004 2.784707 -0.605597
v -0.163210 4.537531 -1.224118
v -0.001990 4.596298 -1.128503
v -0.001990 4.596298 -1.128503
v -0.102552 4.578996 -1.162683
v -0.096648 4.703464 -1.303630
v 0.000939 4.738919 -1.256728
v 0.000939 4.738919 -1.256728
v -0.144968 4.609068 -1.243809
v -0.000645 4.685130 -1.101367
v -0.000645 4.685130 -1.101367
v -0.065360 4.672356 -1.133187
v -0.048988 4.713219 -1.162507
v 2.460012 3.245271 0.015491
v 2.519065 2.873596 0.056117
v 2.457981 3.124832 -0.040998
v 2.424289 3.183550 0.223690
v 2.424289 3.183550 0.223690
v 2.461066 2.910398 0.183406
v 2.491645 2.973122 -0.062487
v 2.491645 2.973122 -0.062487
v 2.445382 3.263779 0.138679
v 2.437973 3.024353 0.252494
v 2.581741 2.933392 0.061713
v 2.565651 2.942395 0.166500
v 2.527610 3.034499 0.218026
v 2.504943 3.145054 0.207475
v 2.504943 3.145054 0.207475
v 2.517774 3.227741 0.121781
v 2.532636 3.203955 0.030002
v 2.527727 3.115426 -0.019615
v 2.541148 3.013861 -0.005202
v 2.541148 3.013861 -0.005202
v 2.621241 2.969378 0.080184
v 2.602681 2.984696 0.155653
v 2.580562 3.043110 0.188908
v 2.579056 3.118949 0.183672
v 2.579056 3.118949 0.183672
v 2.585609 3.171466 0.121267
v 2.594875 3.159827 0.054073
v 2.598961 3.095906 0.011240
v 2.611317 3.025851 0.025213
v 2.611317 3.025851 0.025213
v 2.631908 3.026027 0.134179
v 2.614177 3.049707 0.162608
v 2.642405 3.069306 0.108134
v 2.642405 3.069306 0.108134
v 2.623150 3.092942 0.149388
v 2.623150 3.092942 0.149388
v 2.634059 3.117542 0.079542
v 2.621480 3.132131 0.118208
v 2.634185 3.085435 0.048223
v 2.643032 3.045650 0.065197
v 2.643032 3.045650 0.065197
v 2.637820 3.012148 0.093628
v 2.541404 2.902090 -0.075823
v 2.541404 2.902090 -0.075823
v 2.539563 2.828985 0.008091
v 2.468860 2.738185 0.035743
v 2.401691 2.781649 0.101504
v 2.383592 2.687254 -0.033200
v 2.295803 2.712748 0.037931
v 2.366290 2.678923 -0.153441
v 2.366290 2.678923 -0.153441
v 2.237147 2.733743 -0.110686
v 2.237147 2.733743 -0.110686
v 2.239585 2.847911 -0.205887
v 2.369547 2.783618 -0.224637
v 2.333219 2.974397 -0.214124
v 2.428307 2.888067 -0.214017
v 2.434090 3.009853 -0.147453
v 2.508943 2.927310 -0.159382
v 2.503751 2.681636 -0.107163
v 2.493689 2.700368 -0.153061
v 2.493689 2.700368 -0.153061
v 2.486147 2.733565 -0.187937
v 2.512398 2.767975 -0.182286
v 2.539088 2.800306 -0.162379
v 2.557880 2.780952 -0.123572
v 2.557880 2.780952 -0.123572
v 2.560895 2.758531 -0.083253
v 2.537382 2.715180 -0.087028
v 2.514746 2.715050 -0.026119
v 2.458102 2.671730 -0.077204
v 2.432359 2.679374 -0.163639
v 2.432359 2.679374 -0.163639
v 2.441477 2.747578 -0.207487
v 2.472150 2.814837 -0.207552
v 2.530067 2.854331 -0.166888
v 2.564966 2.833670 -0.100157
v 2.564966 2.833670 -0.100157
v 2.560959 2.784096 -0.042929
v 2.536618 2.735435 -0.141039
v 2.536618 2.735435 -0.141039
v 2.179577 2.595598 -0.005752
v 2.166447 2.593331 -0.040484
v 2.166447 2.593331 -0.040484
v 2.155897 2.578506 0.020210
v 2.191224 2.726012 0.126319
v 2.122261 2.567179 0.033861
v 2.022485 2.701660 0.173319
v 2.102276 2.554935 0.004222
v 1.931982 2.651934 0.056787
v 2.137962 2.597852 -0.062592
v 2.137962 2.597852 -0.062592
v 2.097863 2.756093 -0.137145
v 2.112524 2.575399 -0.049337
v 2.112524 2.575399 -0.049337
v 1.990773 2.715103 -0.108972
v 2.088226 2.558671 -0.030776
v 2.088226 2.558671 -0.030776
v 1.933031 2.671684 -0.036666
v 1.933031 2.671684 -0.036666
v 2.159795 2.652706 0.087561
v 2.068834 2.620748 0.106556
v 2.002852 2.588608 0.043596
v 1.998342 2.606430 -0.038404
v 1.998342 2.606430 -0.038404
v 2.038151 2.649897 -0.092731
v 2.111761 2.680191 -0.107946
v 2.200595 2.680524 -0.072762
v 2.200595 2.680524 -0.072762
v 2.225587 2.665378 0.017557
v 2.159778 2.607327 0.051930
v 2.197203 2.624547 0.003024
v 2.182862 2.632629 -0.054086
v 2.182862 2.632629 -0.054086
v 2.128892 2.630442 -0.082757
v 2.077886 2.605695 -0.073744
v 2.052561 2.570588 -0.033328
v 2.052561 2.570588 -0.033328
v 2.059314 2.559870 0.030855
v 2.102515 2.583333 0.063662
v 2.138349 2.565164 -0.016597
v 2.301796 2.852391 0.205486
v 2.368190 3.142697 -0.093981
v 2.366007 3.289330 0.001528
v 2.350118 3.311927 0.161792
v 2.313992 3.213753 0.299900
v 2.313992 3.213753 0.299900
v 2.320501 2.995580 0.302426
v 2.248837 2.948050 0.346318
v 2.220710 3.120406 0.401409
v 2.139040 2.815028 0.264562
v 2.219454 3.135717 -0.180944
v 2.244484 3.348733 -0.025401
v 2.235318 3.400303 0.180318
v 2.186688 3.313242 0.348122
v 2.186688 3.313242 0.348122
v 2.114505 3.181640 0.445084
v 2.070492 2.907738 -0.192104
v 1.914783 2.809700 -0.127235
v 1.846994 2.761493 -0.028882
v 1.846994 2.761493 -0.028882
v 1.840290 2.741363 0.079052
v 1.887764 2.754198 0.215909
v 1.959543 2.793646 0.328630
v 2.177479 3.037674 0.464838
v 2.088746 3.080635 0.501028
v 2.194699 2.924800 0.426577
v 2.123479 2.842050 0.392270
v 2.014083 2.815584 0.427500
v 1.987129 3.064626 0.514379
v 1.941333 3.206089 0.474688
v 1.941333 3.206089 0.474688
v 1.923029 2.982821 0.510667
v 1.803361 3.047426 0.466304
v 1.803361 3.047426 0.466304
v 1.920294 2.878891 0.482575
v 1.806485 2.886133 0.401311
v 1.806485 2.886133 0.401311
v 2.157192 2.913615 0.501281
v 2.151202 2.983976 0.507194
v 2.092830 3.003299 0.538110
v 2.025771 3.006708 0.542920
v 2.001162 2.944857 0.552074
v 1.986150 2.876193 0.529299
v 2.059594 2.835072 0.510871
v 2.122871 2.849422 0.470247
v 2.095920 2.921523 0.562180
v 1.747533 2.834102 0.261048
v 1.747533 2.834102 0.261048
v 1.714812 2.832473 0.084005
v 1.714812 2.832473 0.084005
v 1.720942 2.857170 -0.017860
v 1.720942 2.857170 -0.017860
v 1.720942 2.857170 -0.017860
v 1.720942 2.857170 -0.017860
v 1.779558 2.904757 -0.130966
v 1.779558 2.904757 -0.130966
v 1.896449 3.038548 -0.220682
v 1.896449 3.038548 -0.220682
v 2.024064 3.253961 -0.200088
v 2.024064 3.253961 -0.200088
v 2.091685 3.455169 -0.037051
v 2.091685 3.455169 -0.037051
v 2.089081 3.504086 0.195169
v 2.089081 3.504086 0.195169
v 2.032676 3.402192 0.378997
v 2.032676 3.402192 0.378997
v 2.032676 3.402192 0.378997
v 2.032676 3.402192 0.378997
v 0.503288 4.021022 -0.195102
v 0.503288 4.021022 -0.195102
v 0.512066 3.852719 -0.140043
v 0.512066 3.852719 -0.140043
v 0.533070 3.712950 0.011675
v 0.533070 3.712950 0.011675
v 0.533070 3.712950 0.011675
v 0.557131 3.719723 0.310338
v 0.557131 3.719723 0.310338
v 0.575512 3.897365 0.453620
v 0.575512 3.897365 0.453620
v 0.572011 4.093659 0.476020
v 0.572011 4.093659 0.476020
v 0.585371 4.334912 0.410789
v 0.585371 4.334912 0.410789
v 0.666327 4.435061 0.306595
v 0.666327 4.435061 0.306595
v 0.734454 4.469481 0.177435
v 0.734454 4.469481 0.177435
v 0.734454 4.469481 0.177435
v 0.715247 4.422006 0.042042
v 0.715247 4.422006 0.042042
v 0.606124 4.337736 -0.084640
v 0.606124 4.337736 -0.084640
v 0.525045 4.213803 -0.182475
v 0.525045 4.213803 -0.182475
v 1.605346 2.933734 0.275240
v 1.659310 3.018257 0.401703
v 1.694779 3.172300 0.458477
v 1.784963 3.346537 0.462602
v 1.874514 3.516511 0.372743
v 1.874514 3.516511 0.372743
v 1.930969 3.609935 0.186120
v 1.930346 3.556951 -0.050908
v 1.856957 3.363053 -0.207708
v 1.745847 3.157871 -0.225434
v 1.643882 3.010502 -0.146805
v 1.587827 2.947577 -0.024754
v 1.587827 2.947577 -0.024754
v 1.577223 2.922400 0.103493
v 1.454203 3.065345 0.277682
v 1.435965 3.032227 0.119391
v 1.449162 3.053280 -0.022918
v 1.449162 3.053280 -0.022918
v 1.503542 3.126204 -0.150821
v 1.597923 3.277371 -0.221662
v 1.699218 3.470066 -0.203192
v 1.767282 3.653263 -0.055091
v 1.768751 3.709924 0.161728
v 1.719990 3.636573 0.346283
v 1.719990 3.636573 0.346283
v 1.638806 3.483351 0.441749
v 1.559701 3.316512 0.446349
v 1.502543 3.167063 0.395218
v 1.312108 3.206868 0.280123
v 1.359710 3.317480 0.382816
v 1.420002 3.461842 0.426530
v 1.492055 3.616843 0.410569
v 1.563358 3.752982 0.315186
v 1.563358 3.752982 0.315186
v 1.603607 3.811743 0.144007
v 1.604200 3.755718 -0.055235
v 1.546085 3.578511 -0.196930
v 1.453303 3.395117 -0.215172
v 1.363019 3.245054 -0.148878
v 1.307272 3.166151 -0.018829
v 1.307272 3.166151 -0.018829
v 1.292530 3.154433 0.132485
v 1.175741 3.342343 0.280278
v 1.152835 3.278120 0.142828
v 1.166849 3.282047 -0.014105
v 1.166849 3.282047 -0.014105
v 1.224271 3.362082 -0.144710
v 1.308658 3.511468 -0.210191
v 1.393271 3.690478 -0.193362
v 1.442882 3.860755 -0.058339
v 1.439707 3.920989 0.129346
v 1.404573 3.870497 0.290031
v 1.404573 3.870497 0.290031
v 1.342372 3.744788 0.384840
v 1.277449 3.597585 0.407765
v 1.221369 3.456576 0.371544
v 1.041023 3.472743 0.284350
v 1.083598 3.590633 0.366583
v 1.132908 3.732264 0.395528
v 1.193067 3.874840 0.366475
v 1.251073 3.992458 0.270365
v 1.251073 3.992458 0.270365
v 1.285232 4.026327 0.108667
v 1.282710 3.964473 -0.067238
v 1.235514 3.809272 -0.191952
v 1.159524 3.632329 -0.207912
v 1.083213 3.480670 -0.142348
v 1.027007 3.397930 -0.007227
v 1.027007 3.397930 -0.007227
v 1.015544 3.400317 0.151616
v 0.904383 3.600793 0.291711
v 0.882266 3.524989 0.160223
v 0.887526 3.520745 0.001743
v 0.887526 3.520745 0.001743
v 0.936305 3.604563 -0.137092
v 1.002427 3.755419 -0.201760
v 1.070009 3.925703 -0.186254
v 1.120260 4.069667 -0.074453
v 1.131176 4.137262 0.091014
v 1.102738 4.116422 0.253798
v 1.102738 4.116422 0.253798
v 1.049608 4.008017 0.357438
v 0.990535 3.867615 0.388193
v 0.942134 3.723809 0.369383
v 0.787203 3.708644 0.299784
v 0.826289 3.837112 0.375224
v 0.870512 3.990306 0.390163
v 0.930004 4.131368 0.350126
v 0.981822 4.228164 0.235600
v 0.981822 4.228164 0.235600
v 0.994567 4.239464 0.070917
v 0.972304 4.158329 -0.082592
v 0.919319 4.018542 -0.180514
v 0.851848 3.857142 -0.190407
v 0.794783 3.714048 -0.121074
v 0.764224 3.638659 0.017344
v 0.764224 3.638659 0.017344
v 0.763417 3.634608 0.169358
v 0.733448 3.928980 -0.181952
v 0.689943 3.788656 -0.107653
v 0.675724 3.717986 0.032729
v 0.675724 3.717986 0.032729
v 0.675656 3.710499 0.185556
v 0.706180 3.796111 0.318712
v 0.737838 3.935586 0.386916
v 0.768884 4.102905 0.395018
v 0.813918 4.254019 0.339611
v 0.876239 4.328808 0.217657
v 0.876239 4.328808 0.217657
v 0.880177 4.319883 0.052425
v 0.843963 4.228072 -0.085527
v 0.788254 4.089933 -0.175034
v 0.641057 3.866164 0.360643
v 0.662424 4.021597 0.417833
v 0.686735 4.200911 0.399254
v 0.740004 4.338312 0.326403
v 0.800030 4.402593 0.197492
v 0.800030 4.402593 0.197492
v 0.781301 4.376161 0.045709
v 0.724271 4.283523 -0.084082
v 0.663859 4.148567 -0.170338
v 0.623919 3.982049 -0.175692
v 0.608967 3.833347 -0.103464
v 0.607541 3.766246 0.046563
v 0.607541 3.766246 0.046563
v 0.612874 3.768243 0.222800
v 0.068749 3.984897 0.952372
v 0.230207 4.041593 -0.283025
v 0.355011 4.202759 -0.259891
v 0.377587 3.871724 -0.220400
v 0.258317 3.724896 -0.244218
v 0.270200 3.574995 -0.241108
v 0.339222 4.094559 0.742961
v 0.339222 4.094559 0.742961
v 0.465132 4.321218 0.528707
v 0.473089 3.923938 0.618156
v 0.144160 3.510503 0.922940
v 0.383706 3.723918 0.769827
v 0.510015 3.551255 0.529696
v 0.517259 3.568524 0.042979
v 0.445045 4.393126 0.556684
v 0.461369 4.225286 0.668763
v -0.000005 3.901354 0.973615
v 0.331323 4.141598 0.777823
v 0.267942 4.037884 0.865394
v -0.000000 4.046314 -0.295101
v -0.000000 4.046314 -0.295101
v 0.217635 4.202756 -0.294589
v 0.244164 3.880913 -0.259254
v 0.362782 4.035113 -0.251633
v 0.405303 3.717432 -0.180450
v 0.082482 3.868889 0.936363
v 0.082482 3.868889 0.936363
v 0.305628 3.948492 0.821891
v 0.305628 3.948492 0.821891
v 0.452042 4.130068 0.598766
v 0.452042 4.130068 0.598766
v 0.000376 3.495711 0.945421
v -0.000077 3.790746 0.962838
v -0.000077 3.790746 0.962838
v 0.413920 3.572809 -0.157325
v 0.113192 3.696504 0.928927
v 0.421928 3.542382 0.728754
v 0.504437 3.715014 0.564178
v 0.538208 3.562830 0.291056
v 0.618715 4.561146 0.417485
v 0.646482 4.570135 0.289327
v 0.809338 4.614042 0.166239
v 0.713275 4.474508 0.012388
v 0.503933 4.417262 -0.119388
v 0.543934 4.363561 -0.237257
v 0.340006 4.342952 -0.247288
v 0.208049 4.345020 -0.272155
v 0.149376 4.024691 0.915521
v 0.178553 3.916906 0.891141
v 0.178553 3.916906 0.891141
v 0.242101 3.720311 0.875590
v 0.288784 3.529322 0.855462
v -0.000078 3.144370 -0.334226
v -0.000078 3.144370 -0.334226
v 0.279773 3.155678 -0.272460
v 0.449595 3.184307 -0.165386
v 0.577252 3.195115 0.041597
v 0.626641 3.195693 0.237233
v 0.626641 3.195693 0.237233
v 0.609820 3.096300 0.451298
v 0.609820 3.096300 0.451298
v 0.528955 3.089788 0.633098
v 0.389161 3.050040 0.756303
v 0.202644 3.006272 0.844024
v 0.001115 2.985606 0.877927
v 0.163109 3.335006 0.898690
v 0.316605 3.358553 0.826091
v 0.441967 3.388275 0.693286
v 0.515737 3.415582 0.507473
v 0.542725 3.438754 0.278666
v 0.515709 3.443232 0.049602
v 0.418626 3.439149 -0.145542
v 0.275271 3.433242 -0.242821
v 0.276435 3.296122 -0.255077
v 0.429308 3.313251 -0.154161
v 0.535172 3.322532 0.044020
v 0.559447 3.322031 0.266023
v 0.530665 3.283237 0.487960
v 0.464895 3.242082 0.660741
v 0.343180 3.201442 0.789829
v 0.180708 3.168346 0.871021
v 0.222343 2.851366 0.806765
v 0.000962 2.828225 0.838965
v 0.457323 2.903003 0.724963
v 0.719043 2.926789 0.656373
v 0.698145 3.019622 0.462071
v 0.844211 3.140892 0.173044
v 0.651367 3.074497 0.048436
v 0.478584 3.052120 -0.176475
v 0.251340 2.988308 -0.302796
v 0.088067 2.852526 -0.384868
v 0.088067 2.852526 -0.384868
v 0.103216 2.764027 -0.356572
v 0.103216 2.764027 -0.356572
v 0.319454 2.744609 -0.313760
v 0.088154 2.711556 -0.345142
v 0.088154 2.711556 -0.345142
v 0.294247 2.545980 -0.286588
v -0.000000 2.637998 -0.345370
v -0.000000 2.637998 -0.345370
v -0.000000 2.637998 -0.345370
v -0.000000 2.637998 -0.345370
v -0.000159 2.517763 -0.307285
v -0.000159 2.517763 -0.307285
v 0.625590 2.669258 0.620912
v 0.401692 2.574518 0.692214
v 0.193380 2.530004 0.721431
v 0.737339 2.781127 0.467361
v 0.787003 2.786986 0.229226
v 0.703803 2.788216 0.022799
v 0.554284 2.773284 -0.189167
v 0.000678 2.673316 0.792673
v 0.215709 2.694390 0.769198
v 0.444089 2.748664 0.708388
v 0.705079 2.832203 0.627732
v 0.754672 2.907771 0.470372
v 0.862727 3.022728 0.202346
v 0.693056 2.945318 0.018530
v 0.518168 2.919797 -0.184528
v 0.298277 2.870063 -0.306563
v 0.105753 2.810936 -0.370745
v 0.105753 2.810936 -0.370745
v 0.155664 2.361614 0.645490
v -0.000022 2.360048 0.637253
v 0.093000 2.229816 0.478703
v 0.084110 2.214841 0.266017
v 0.084110 2.214841 0.266017
v -0.000182 2.220915 0.243882
v -0.000182 2.220915 0.243882
v -0.000182 2.220915 0.243882
v 0.338008 2.371216 0.669231
v 0.161950 2.195462 0.506723
v 0.120334 2.146232 0.289059
v 0.120334 2.146232 0.289059
v 0.042394 2.671946 -0.340106
v 0.042394 2.671946 -0.340106
v 0.108980 2.525103 -0.309613
v 0.082232 2.218041 0.063233
v -0.000177 2.286180 -0.093219
v -0.000177 2.286180 -0.093219
v 0.093348 2.275790 -0.090706
v -0.000395 2.385698 -0.220590
v -0.000395 2.385698 -0.220590
v 0.098786 2.373394 -0.220307
v 0.143918 2.163308 0.045595
v 0.170008 2.234698 -0.080443
v 0.195072 2.326003 -0.220210
v 0.278330 1.868805 0.623379
v 0.138050 1.809705 0.266178
v 0.323220 1.854610 -0.121943
v 0.444680 2.357041 -0.259137
v 0.444680 2.357041 -0.259137
v 0.868241 2.091699 0.211222
v 0.847498 2.112288 0.638523
v 0.451765 1.945529 0.725164
v 0.173590 1.827404 0.459085
v 0.173590 1.827404 0.459085
v 0.176535 1.812230 0.057260
v 0.619812 1.953468 -0.138598
v 0.779868 2.039035 0.015731
v 0.779868 2.039035 0.015731
v 0.909636 2.124763 0.424550
v 0.659395 2.036035 0.741095
v 0.599500 2.506938 0.643190
v 0.738703 2.590525 0.478152
v 0.768922 2.614680 0.262103
v 0.724593 2.613616 0.048821
v 0.589311 2.603712 -0.177180
v 0.260307 2.225776 -0.196235
v 0.260307 2.225776 -0.196235
v 0.193315 2.134816 -0.058676
v 0.193315 2.134816 -0.058676
v 0.142964 2.062739 0.106726
v 0.142964 2.062739 0.106726
v 0.133737 2.067869 0.329537
v 0.133737 2.067869 0.329537
v 0.133737 2.067869 0.329537
v 0.133737 2.067869 0.329537
v 0.197318 2.131631 0.544064
v 0.197318 2.131631 0.544064
v 0.378543 2.253259 0.686903
v 0.378543 2.253259 0.686903
v 0.617148 2.379410 0.672557
v 0.617148 2.379410 0.672557
v 0.770430 2.454826 0.511303
v 0.770430 2.454826 0.511303
v 0.794253 2.478918 0.300353
v 0.794253 2.478918 0.300353
v 0.759939 2.472029 0.094236
v 0.759939 2.472029 0.094236
v 0.646148 2.445860 -0.126640
v 0.646148 2.445860 -0.126640
v 0.646148 2.445860 -0.126640
v 0.292886 2.116545 -0.171917
v 0.193203 2.040436 -0.026635
v 0.139977 1.997315 0.148881
v 0.143659 1.997231 0.371336
v 0.143659 1.997231 0.371336
v 0.221257 2.055124 0.577646
v 0.399171 2.157628 0.702435
v 0.641086 2.275503 0.695853
v 0.796626 2.352213 0.552039
v 0.827988 2.369444 0.340318
v 0.793922 2.359464 0.135424
v 0.694883 2.319188 -0.076428
v 0.694883 2.319188 -0.076428
v 0.520455 2.227715 -0.219120
v 0.444242 0.954000 0.486763
v 0.610347 0.964623 0.461491
v 0.747886 0.972839 0.365497
v 0.792082 0.983783 0.184710
v 0.788732 0.983522 -0.012081
v 0.719629 0.983875 -0.182271
v 0.719629 0.983875 -0.182271
v 0.536951 0.976834 -0.291166
v 0.323979 0.958691 -0.244016
v 0.181089 0.946742 -0.088188
v 0.126938 0.940118 0.111619
v 0.157361 0.939853 0.308997
v 0.157361 0.939853 0.308997
v 0.278438 0.943633 0.448514
v 0.156614 0.388142 0.367324
v 0.156614 0.388142 0.367324
v 0.255343 0.434492 0.499325
v 0.464538 0.445546 0.587797
v 0.741453 0.434764 0.557871
v 0.816210 0.487134 0.426611
v 0.889986 0.359268 0.203238
v 0.839402 0.395706 0.027906
v 0.720574 0.376360 -0.137088
v 0.720574 0.376360 -0.137088
v 0.532607 0.353066 -0.192190
v 0.338185 0.349200 -0.147499
v 0.186021 0.357078 -0.005749
v 0.130044 0.372302 0.184019
v 0.673060 1.779873 0.751219
v 0.909052 1.836647 0.626900
v 0.953981 1.860414 0.371655
v 0.878076 1.845583 0.162245
v 0.763271 1.807140 -0.009514
v 0.763271 1.807140 -0.009514
v 0.596475 1.744184 -0.137382
v 0.342324 1.670574 -0.122897
v 0.189462 1.624597 0.025847
v 0.140428 1.619740 0.223411
v 0.169179 1.642600 0.422655
v 0.169179 1.642600 0.422655
v 0.274522 1.676367 0.593653
v 0.449016 1.725694 0.710148
v 0.674535 1.486095 0.697456
v 0.446870 1.468595 0.659209
v 0.270144 1.450691 0.548341
v 0.164998 1.438606 0.376538
v 0.164998 1.438606 0.376538
v 0.142042 1.432213 0.180205
v 0.195761 1.439003 -0.010113
v 0.347247 1.469138 -0.143553
v 0.563232 1.513297 -0.157596
v 0.735479 1.551154 -0.054822
v 0.735479 1.551154 -0.054822
v 0.858008 1.569388 0.103991
v 0.941284 1.559474 0.305838
v 0.910595 1.519783 0.558400
v 0.645744 1.209600 0.574858
v 0.826489 1.229196 0.447846
v 0.871369 1.260365 0.237546
v 0.822011 1.276006 0.040739
v 0.715946 1.272620 -0.119349
v 0.715946 1.272620 -0.119349
v 0.542090 1.257074 -0.211079
v 0.339492 1.231812 -0.189993
v 0.193379 1.209506 -0.055185
v 0.138529 1.200703 0.135409
v 0.160428 1.199516 0.331878
v 0.160428 1.199516 0.331878
v 0.270844 1.200725 0.491945
v 0.444468 1.204633 0.575322
v 0.448948 0.690891 0.491287
v 0.623467 0.701302 0.453586
v 0.744705 0.720762 0.361838
v 0.800572 0.719708 0.194009
v 0.799091 0.709714 0.002689
v 0.727683 0.690720 -0.176160
v 0.727683 0.690720 -0.176160
v 0.539368 0.661347 -0.281009
v 0.322028 0.645419 -0.234086
v 0.172562 0.641363 -0.075975
v 0.122141 0.646731 0.126485
v 0.157946 0.659397 0.321574
v 0.157946 0.659397 0.321574
v 0.276502 0.673223 0.454825
v 0.554002 0.333339 0.693964
v 0.763541 0.322197 0.638485
v 0.630266 0.201700 0.849463
v 0.710681 0.211762 0.823806
v 0.638510 0.130453 0.853691
v 0.638510 0.130453 0.853691
v 0.729561 0.143678 0.821050
v 0.729561 0.143678 0.821050
v 0.649889 0.048902 0.803582
v 0.716848 0.072855 0.788003
v 0.558621 0.197218 0.829910
v 0.552609 0.138628 0.833990
v 0.552609 0.138628 0.833990
v 0.566331 0.064935 0.811683
v 0.449800 0.227258 0.686660
v 0.430045 0.137489 0.699666
v 0.430045 0.137489 0.699666
v 0.430045 0.137489 0.699666
v 0.430045 0.137489 0.699666
v 0.464289 0.015255 0.592287
v 0.625732 -0.005458 0.585456
v 0.770043 0.044240 0.611429
v 0.839257 0.179193 0.653769
v 0.839257 0.179193 0.653769
v 0.839257 0.179193 0.653769
v 0.839257 0.179193 0.653769
v 0.624970 0.278559 0.804570
v 0.732249 0.257589 0.758033
v 0.483866 0.137848 0.764811
v 0.483866 0.137848 0.764811
v 0.508962 0.220345 0.769786
v 0.777436 0.154351 0.739106
v 0.777436 0.154351 0.739106
v 0.744246 0.058711 0.712258
v 0.648052 0.005829 0.704214
v 0.525437 0.022145 0.715601
v 0.340154 0.307018 0.638974
v 0.208805 0.309334 0.549308
v 0.221231 0.158150 0.691747
v 0.168377 0.179433 0.645433
v 0.208295 0.113131 0.681542
v 0.208295 0.113131 0.681542
v 0.149900 0.125457 0.627663
v 0.149900 0.125457 0.627663
v 0.213331 0.054630 0.658622
v 0.159939 0.083696 0.617755
v 0.287821 0.161774 0.707212
v 0.280157 0.114667 0.708447
v 0.280157 0.114667 0.708447
v 0.269318 0.050447 0.677728
v 0.360155 -0.005286 0.448889
v 0.182766 0.045548 0.441000
v 0.258684 0.231774 0.679523
v 0.148782 0.195868 0.445629
v 0.148782 0.195868 0.445629
v 0.148782 0.195868 0.445629
v 0.164792 0.222056 0.601376
v 0.353800 0.191666 0.695615
v 0.369013 0.117795 0.697231
v 0.369013 0.117795 0.697231
v 0.359198 0.032559 0.638584
v 0.263725 0.001552 0.590531
v 0.150929 0.063230 0.557540
v 0.130723 0.153252 0.561199
v 0.130723 0.153252 0.561199
v 0.884161 0.276851 0.582053
v 1.025137 0.168999 0.543153
v 1.025137 0.168999 0.543153
v 0.943747 0.297765 0.418061
v 1.040445 0.161037 0.455120
v 1.040445 0.161037 0.455120
v 1.042549 0.093515 0.543462
v 1.041354 0.091850 0.432509
v 1.041354 0.091850 0.432509
v 0.979725 0.018554 0.488959
v 1.020171 0.038370 0.437130
v 1.020171 0.038370 0.437130
v 0.980674 0.160360 0.587205
v 0.980674 0.160360 0.587205
v 0.976050 0.088672 0.582004
v 0.949632 0.037296 0.551734
v 0.761078 0.004340 0.478638
v 0.830428 -0.011465 0.364501
v 1.008309 0.218103 0.438564
v 0.945354 0.032698 0.280793
v 0.945354 0.032698 0.280793
v 0.966764 0.197508 0.300792
v 0.973302 0.214889 0.563638
v 0.920756 0.168635 0.613269
v 0.920756 0.168635 0.613269
v 0.890808 0.072906 0.596176
v 0.874196 0.019105 0.523694
v 0.915913 -0.003403 0.441701
v 0.994804 0.029079 0.377364
v 0.994804 0.029079 0.377364
v 1.019730 0.110160 0.365005
v 0.875366 0.068970 0.159777
v 0.875366 0.068970 0.159777
v 0.729146 -0.010994 0.252618
v 0.585062 -0.009183 0.388468
v 0.819074 0.108785 0.034549
v 0.819074 0.108785 0.034549
v 0.719976 0.203771 -0.109227
v 0.719976 0.203771 -0.109227
v 0.719976 0.203771 -0.109227
v 0.507495 0.172189 -0.141692
v 0.507495 0.172189 -0.141692
v 0.367586 0.180145 -0.089494
v 0.367586 0.180145 -0.089494
v 0.212998 0.178158 0.073343
v 0.212998 0.178158 0.073343
v 0.160821 0.171631 0.268562
v 0.160821 0.171631 0.268562
v 0.629772 0.001374 0.042850
v 0.421272 0.006721 0.072003
v 0.277514 0.023411 0.231189
v 0.196889 0.069207 0.319825
v 0.056463 4.153154 0.923579
v 0.102528 4.234327 0.870049
v 0.174458 4.238667 0.862891
v 0.226554 4.321467 0.806801
v 0.237935 4.419136 0.713945
v 0.295283 4.534597 0.622802
v 0.317380 4.619348 0.597069
v 0.402894 4.648143 0.466764
v 0.482134 4.649627 0.321639
v 0.499570 4.655848 0.178957
v 0.447642 4.631661 0.065554
v 0.356889 4.593476 -0.042106
v 0.264233 4.575265 -0.128849
v 0.176804 4.568050 -0.180961
v -0.000477 4.563442 -0.231305
v -0.000477 4.563442 -0.231305
v 0.065425 4.075233 0.945982
v 0.130496 4.107972 0.916631
v 0.224596 4.136594 0.887073
v 0.307556 4.208403 0.794704
v 0.359953 4.324876 0.690597
v 0.394384 4.464326 0.567646
v 0.439238 4.571145 0.488413
v 0.513228 4.623360 0.368593
v 0.591025 4.660145 0.236967
v 0.592775 4.570890 0.026241
v 0.446529 4.509865 -0.069011
v 0.402199 4.483622 -0.150511
v 0.292604 4.470562 -0.191472
v 0.190537 4.464211 -0.223629
v -0.000331 4.455710 -0.254418
v -0.000331 4.455710 -0.254418
v -0.000001 4.261775 0.905458
v 0.132849 4.352800 0.819284
v 0.155645 4.470813 0.750067
v 0.150060 4.568366 0.711259
v 0.156194 4.639544 0.718832
v 0.284478 4.748426 0.825978
v 0.416990 4.754327 0.667836
v 0.500870 4.767851 0.530402
v 0.555465 4.785819 0.375928
v 0.556447 4.777758 0.150217
v 0.470917 4.770951 0.008532
v 0.357719 4.774449 -0.110989
v 0.239056 4.782565 -0.189020
v 0.143431 4.745875 0.926675
v 0.367272 4.674821 -0.006367
v 0.367272 4.674821 -0.006367
v 0.276014 4.670126 -0.105736
v 0.276014 4.670126 -0.105736
v 0.288773 4.679745 0.677678
v 0.288773 4.679745 0.677678
v 0.388333 4.688818 0.544413
v 0.388333 4.688818 0.544413
v 0.148217 4.688444 0.782314
v 0.148217 4.688444 0.782314
v 0.185572 4.670328 -0.167812
v 0.185572 4.670328 -0.167812
v 0.454792 4.701598 0.407268
v 0.454792 4.701598 0.407268
v 0.489458 4.700198 0.269100
v 0.489458 4.700198 0.269100
v 0.452757 4.687859 0.132892
v 0.452757 4.687859 0.132892
v 0.316376 4.817911 0.926780
v 0.316376 4.817911 0.926780
v 0.137749 4.817757 1.055511
v 0.137749 4.817757 1.055511
v -0.000001 4.816105 1.104338
v -0.000001 4.816105 1.104338
v -0.000001 4.816105 1.104338
v 0.352989 4.952304 1.002943
v 0.151179 4.946004 1.167305
v -0.000001 4.963173 1.218172
v 0.367314 5.108190 1.047011
v 0.155690 5.087911 1.243868
v 0.356375 5.261492 1.048616
v 0.145548 5.271675 1.246481
v -0.000027 5.281837 1.284943
v 0.586787 4.830690 0.626454
v 0.586787 4.830690 0.626454
v 0.688180 4.954391 0.692438
v 0.702353 5.124034 0.720274
v 0.731971 5.285810 0.734632
v 0.552124 5.264838 0.896648
v 0.538381 5.109434 0.887868
v 0.518289 4.953548 0.845696
v 0.465733 4.824036 0.770480
v 0.465733 4.824036 0.770480
v 0.342846 5.401996 1.016504
v 0.148239 5.405346 1.133223
v 0.687803 5.418912 0.752675
v 0.524696 5.405909 0.892291
v 0.646329 4.868046 0.237816
v 0.646329 4.868046 0.237816
v 1.020926 4.911566 0.372883
v 1.020926 4.911566 0.372883
v 0.931882 5.162611 0.388444
v 0.931882 5.162611 0.388444
v 1.067014 5.384207 0.361759
v 1.067014 5.384207 0.361759
v 0.843645 5.464036 0.397971
v 0.843645 5.464036 0.397971
v 0.855531 4.947573 0.541736
v 0.684436 4.840536 0.485414
v 0.684436 4.840536 0.485414
v 0.849535 5.142805 0.557528
v 0.828351 5.440443 0.604743
v 0.828351 5.440443 0.604743
v 0.906647 5.325396 0.566278
v 0.658942 4.886291 0.060831
v 0.790160 5.017048 0.129037
v 0.856503 5.183790 0.222842
v 0.870435 5.342011 0.182243
v 0.853144 5.456367 0.205094
v 0.152256 3.574998 -0.261820
v 0.146156 3.728662 -0.258969
v 0.114149 4.205785 -0.302736
v 0.126554 4.045989 -0.292505
v 0.137463 3.886668 -0.270415
v 0.109078 4.345171 -0.282734
v 0.152185 3.147150 -0.314923
v 0.154425 3.427389 -0.268908
v 0.153171 3.285588 -0.287157
v 0.125421 3.003212 -0.348746
v 0.054402 2.871814 -0.393530
v 0.054402 2.871814 -0.393530
v 0.105236 4.566129 -0.211592
v 0.109387 4.460461 -0.242899
v 0.140994 4.789651 -0.236111
v 0.108262 4.672194 -0.204332
v 0.108262 4.672194 -0.204332
v 0.529372 4.875598 -0.107691
v 0.708467 5.004429 -0.072060
v 0.947268 5.168455 0.086393
v 0.854992 5.311758 0.034059
v 0.856968 5.446698 -0.000885
v 0.348287 4.884544 -0.223547
v 0.483018 4.994954 -0.260790
v 0.620833 5.136191 -0.264148
v 0.644300 5.322603 -0.296755
v 0.638270 5.488111 -0.303304
v 0.199394 4.898097 -0.289629
v 0.269118 5.010870 -0.356799
v 0.344399 5.148653 -0.406117
v 0.392762 5.314588 -0.435559
v 0.413910 5.500478 -0.443323
v -0.000811 4.917747 -0.339304
v -0.000811 4.917747 -0.339304
v -0.000758 5.357570 -0.493272
v -0.000758 5.357570 -0.493272
v 0.923900 5.725727 0.273506
v 0.923900 5.725727 0.273506
v 0.970704 5.665822 0.170954
v 0.970704 5.665822 0.170954
v 0.832429 5.513577 0.206196
v 0.832429 5.513577 0.206196
v 0.832429 5.513577 0.206196
v 0.812171 5.602597 0.401776
v 0.812171 5.602597 0.401776
v 0.958359 5.746807 0.023097
v 0.856459 5.560552 -0.002668
v 0.856459 5.560552 -0.002668
v 0.855187 5.929695 -0.124912
v 0.641183 5.710695 -0.266045
v 0.641183 5.710695 -0.266045
v 0.675287 6.156063 -0.183340
v 0.451192 6.004664 -0.257033
v 0.451192 6.004664 -0.257033
v 0.504371 6.376927 -0.065804
v 0.292824 6.227582 -0.117548
v 0.292824 6.227582 -0.117548
v 0.416218 6.493858 0.207707
v 0.279408 6.358958 0.157884
v 0.279408 6.358958 0.157884
v 0.279408 6.358958 0.157884
v 0.524220 6.479155 0.526093
v 0.362056 5.743862 -0.419334
v 0.263531 6.010198 -0.306151
v 0.175427 6.224065 -0.126208
v 0.187486 6.350329 0.152235
v 0.187486 6.350329 0.152235
v 0.260112 6.357957 0.564749
v -0.000001 6.348860 0.569689
v -0.000001 6.348860 0.569689
v 0.713210 5.747355 0.631769
v 0.713210 5.747355 0.631769
v 0.758815 5.590115 0.600428
v 0.758815 5.590115 0.600428
v 0.605649 5.731126 0.764691
v 0.639194 5.569435 0.755067
v 0.471085 5.716116 0.882634
v 0.496355 5.553070 0.883375
v 0.326095 5.703646 0.992553
v 0.332101 5.542062 0.994423
v 0.160957 5.696704 1.055589
v 0.159617 5.544087 1.076452
v 0.960260 5.914153 0.338671
v 0.773018 5.771646 0.498101
v 0.773018 5.771646 0.498101
v 0.619432 6.375661 0.592601
v 0.513285 6.295599 0.639736
v 0.513285 6.295599 0.639736
v 0.595489 6.192994 0.626364
v 0.595489 6.192994 0.626364
v 0.696189 6.257105 0.536825
v 0.933096 6.221879 0.479158
v 0.667823 6.045179 0.587123
v 0.667823 6.045179 0.587123
v 0.794257 5.953672 0.476723
v 0.722855 5.911798 0.553627
v 0.722855 5.911798 0.553627
v 0.856460 5.991520 0.433589
v 0.820165 6.112536 0.508731
v 0.638490 6.220958 0.585939
v 0.557935 6.328939 0.616826
v 0.843094 5.828795 0.406698
v 0.843094 5.828795 0.406698
v 0.343460 6.396864 0.186544
v 0.390450 6.277565 -0.079346
v 0.567675 6.059752 -0.209211
v 0.747583 5.812356 -0.160273
v 0.861775 5.644190 0.027032
v 0.870319 5.599001 0.180271
v 0.870319 5.599001 0.180271
v 0.856738 5.683449 0.314371
v 0.856738 5.683449 0.314371
v 0.371329 6.352539 0.579898
v 0.371329 6.352539 0.579898
v 0.452794 6.402435 0.530754
v 0.451167 6.500873 0.412390
v 0.215126 6.370444 0.429090
v -0.000001 6.349855 0.363719
v -0.000001 6.349855 0.363719
v 0.385724 6.415728 0.415362
v 0.309306 6.374893 0.410871
v 0.309306 6.374893 0.410871
v 0.980432 5.799021 0.227808
v 0.980432 5.799021 0.227808
v 1.054680 5.769420 0.155677
v 1.054680 5.769420 0.155677
v 1.055163 5.849375 0.017040
v 0.973339 6.056229 -0.109465
v 0.825222 6.307575 -0.142339
v 0.655418 6.515735 -0.043524
v 0.540451 6.616898 0.210817
v 0.600700 6.560767 0.513378
v 0.949827 6.006749 0.225540
v 0.949827 6.006749 0.225540
v 0.681377 6.445136 0.558298
v 0.740736 6.324699 0.482028
v 0.958771 6.270682 0.428695
v 0.958771 6.270682 0.428695
v 0.949518 6.073561 0.369012
v 0.949518 6.073561 0.369012
v 0.552595 6.606242 0.403905
v 0.666896 5.894855 0.655406
v 0.666896 5.894855 0.655406
v 0.558552 5.881364 0.757446
v 0.558552 5.881364 0.757446
v 0.432915 5.869581 0.866064
v 0.432915 5.869581 0.866064
v 0.300382 5.861642 0.966280
v 0.300382 5.861642 0.966280
v 0.156543 5.859893 1.025403
v 0.156543 5.859893 1.025403
v 0.000036 5.862521 1.050469
v 0.000036 5.862521 1.050469
v 0.000036 5.862521 1.050469
v 0.616023 6.038142 0.661550
v 0.498970 6.015116 0.724663
v 0.381187 6.008212 0.839307
v 0.254105 6.008297 0.934478
v 0.139119 6.023525 0.976085
v 1.123758 6.110799 0.109292
v 1.201679 6.058064 0.051361
v 1.201679 6.058064 0.051361
v 1.155879 6.144952 -0.035988
v 1.119960 6.298707 -0.054153
v 1.035583 6.506527 -0.032511
v 0.910274 6.709279 0.051195
v 0.783492 6.818721 0.228143
v 0.782231 6.740397 0.469571
v 1.082642 6.222726 0.131637
v 0.857926 6.632034 0.460626
v 0.909966 6.552981 0.374584
v 0.983550 6.474417 0.263490
v 1.029154 6.357387 0.181124
v 0.751888 6.793851 0.385426
v 0.759401 6.520264 0.512165
v 0.801694 6.411054 0.426351
v 1.111768 5.977094 -0.016430
v 1.046212 6.180156 -0.092585
v 0.894204 6.294390 0.305215
v 0.929953 6.408769 -0.092447
v 0.960728 6.189678 0.249928
v 0.781873 6.612365 0.000416
v 0.978340 6.084597 0.156877
v 0.661891 6.720145 0.217867
v 0.646652 6.698268 0.398202
v 0.677975 6.646408 0.494682
v 1.039542 5.948152 0.149462
v 1.123499 5.893534 0.090096
v 1.123499 5.893534 0.090096
v 0.869723 6.831131 0.436014
v 0.943780 6.749651 0.436486
v 0.962102 6.936231 0.391545
v 1.011676 6.856851 0.420776
v 1.111898 7.015789 0.346805
v 1.109043 6.866757 0.390905
v 1.215187 6.921927 0.281267
v 1.215187 6.921927 0.281267
v 1.194482 6.804190 0.337906
v 1.252513 6.713445 0.199942
v 1.252513 6.713445 0.199942
v 1.230512 6.684955 0.266991
v 1.264368 6.541100 0.137945
v 1.264368 6.541100 0.137945
v 1.173878 6.508756 0.213900
v 1.175225 6.336687 0.149312
v 1.255708 6.367147 0.103527
v 1.255708 6.367147 0.103527
v 1.175127 6.224194 0.116334
v 1.232800 6.211688 0.080905
v 1.232800 6.211688 0.080905
v 1.204934 6.379968 0.007946
v 1.103996 6.626175 0.297480
v 1.019877 6.697529 0.373245
v 1.210879 6.244601 -0.001070
v 1.166395 6.591177 0.052061
v 1.200183 6.733985 0.141501
v 1.129931 6.937043 0.203543
v 1.054106 7.013812 0.261943
v 0.963394 6.962358 0.345972
v 0.844905 6.874189 0.373770
v 1.038381 6.803956 0.113269
v 0.890779 6.908673 0.250711
v 0.317371 6.122155 0.837705
v 0.178943 6.138371 0.980066
v 0.061278 6.146346 1.015100
v 0.428401 6.119781 0.699322
v 0.542043 6.179687 0.611857
v 0.321211 6.196395 0.734077
v 0.217715 6.205633 0.794122
v 0.111734 6.217080 0.804826
v -0.000001 6.279966 0.799720
v -0.000001 6.279966 0.799720
v -0.000001 6.279966 0.799720
v 0.405857 6.181711 0.677313
v 0.468503 6.245525 0.617878
v 0.353048 6.272886 0.610488
v 0.252368 6.275793 0.639905
v 0.138596 6.298934 0.658229
v -0.000001 6.324579 0.699718
v -0.000001 6.324579 0.699718
v 0.067333 3.730397 -0.262440
v 0.056751 4.047820 -0.294852
v 0.047410 4.344634 -0.285386
v 0.071043 3.424157 -0.273590
v 0.052530 3.008554 -0.366161
v 0.047932 4.564354 -0.226515
v 0.048382 4.457732 -0.251385
v 0.067446 4.793330 -0.264257
v 0.051162 4.674162 -0.225766
v 0.051162 4.674162 -0.225766
v 0.070118 3.574759 -0.265227
v 0.050431 4.205449 -0.304076
v 0.062701 3.888940 -0.274080
v 0.066393 3.144370 -0.330244
v 0.069177 3.280082 -0.295759
v 0.024610 2.881099 -0.397566
v 0.024610 2.881099 -0.397566
v 0.167069 5.342272 -0.489161
v 0.152919 5.176867 -0.453202
v 0.124266 5.033924 -0.396431
v 0.093913 4.910130 -0.325823
v 0.165449 5.533653 -0.495403
v 0.142459 5.767027 -0.464486
v 0.122841 6.004912 -0.343339
v 0.090831 6.219006 -0.144126
v 0.094720 6.344958 0.138804
v 0.094720 6.344958 0.138804
v 0.162096 6.399456 0.528744
v 0.102205 6.362340 0.406847
v 0.078619 4.735492 -1.441755
v 0.111988 4.333125 -1.312195
v 0.114802 4.174305 -1.449248
v 0.120851 4.023262 -1.590137
v 0.127730 3.943358 -1.628514
v 0.130038 3.736451 -1.623357
v 0.127219 3.492646 -1.642832
v 0.121058 3.263483 -1.724362
v 0.112474 3.301558 -1.699179
v 0.101369 3.170081 -1.509526
v 0.087155 3.021899 -1.343993
v 0.068392 2.860392 -1.208179
v 0.048137 2.842283 -1.099207
v 0.033242 2.855327 -0.870521
v 0.023393 2.857551 -0.623552
v -0.000000 2.857490 -0.626311
v -0.000000 2.857490 -0.626311
v -0.000000 2.857334 -0.877208
v -0.000000 2.857334 -0.877208
v -0.000048 2.871711 -1.204466
v -0.000048 2.871711 -1.204466
v -0.000110 3.183372 -1.498655
v -0.000110 3.183372 -1.498655
v -0.000126 3.312026 -1.689810
v -0.000126 3.312026 -1.689810
v -0.000117 3.260516 -1.690220
v -0.000117 3.260516 -1.690220
v -0.000074 3.498459 -1.621264
v -0.000074 3.498459 -1.621264
v 0.000523 4.003391 -1.566300
v 0.000523 4.003391 -1.566300
v 0.001173 4.145192 -1.433244
v 0.001173 4.145192 -1.433244
v 0.000614 4.300613 -1.312398
v 0.000614 4.300613 -1.312398
v 0.179897 4.379643 -1.327935
v 0.205987 4.233950 -1.481843
v 0.231573 4.073035 -1.643637
v 0.255019 3.956205 -1.686418
v 0.261688 3.733465 -1.699024
v 0.255329 3.486513 -1.708522
v 0.242567 3.259193 -1.775621
v 0.225610 3.264061 -1.736460
v 0.204018 3.130893 -1.546801
v 0.178117 2.990874 -1.369256
v 0.148081 2.835366 -1.218850
v 0.115561 2.823684 -1.094450
v 0.083160 2.842600 -0.865851
v 0.063556 2.847089 -0.620579
v 0.055594 4.747565 -1.543427
v 0.201405 4.455803 -1.354480
v 0.264752 4.308939 -1.527124
v 0.326972 4.144556 -1.718579
v 0.381019 3.972203 -1.780961
v 0.394277 3.730259 -1.807824
v 0.382220 3.481580 -1.824438
v 0.362331 3.254350 -1.882224
v 0.337733 3.198203 -1.806143
v 0.305136 3.065814 -1.612135
v 0.267912 2.933329 -1.415089
v 0.227446 2.788797 -1.243180
v 0.180429 2.780070 -1.090308
v 0.133713 2.814259 -0.860464
v 0.099406 2.826771 -0.616284
v 0.154682 4.483216 -1.234269
v 0.080817 4.704742 -1.677778
v 0.119301 4.619848 -1.909574
v 0.172734 4.445767 -2.210751
v 0.185662 4.141817 -2.450735
v 0.276606 3.882717 -2.572101
v 0.265213 3.534151 -2.634810
v 0.252768 3.147462 -2.575757
v 0.242516 2.749801 -2.326682
v 0.227051 2.533182 -2.031542
v 0.202878 2.401788 -1.743449
v 0.170341 2.315595 -1.431784
v 0.137631 2.332478 -1.062562
v 0.102227 2.441680 -0.795019
v 0.071971 2.562343 -0.562423
v 0.139324 2.637288 -0.577852
v 0.190536 2.553897 -0.817522
v 0.241355 2.471926 -1.071731
v 0.291811 2.466594 -1.380329
v 0.344832 2.563656 -1.646349
v 0.399621 2.688735 -1.900061
v 0.445774 2.862995 -2.160791
v 0.470501 3.170146 -2.369230
v 0.464152 3.499766 -2.397835
v 0.513593 3.820970 -2.403961
v 0.405651 4.139053 -2.246387
v 0.317757 4.422876 -2.044688
v 0.219017 4.573456 -1.786269
v 0.145002 4.671249 -1.578261
v -0.000272 4.464612 -1.210070
v -0.000272 4.464612 -1.210070
v 0.151615 2.720529 -0.594945
v 0.202790 2.665923 -0.834082
v 0.257355 2.604378 -1.078948
v 0.313994 2.606152 -1.327335
v 0.371928 2.717355 -1.561671
v 0.435180 2.851411 -1.797811
v 0.492581 2.991467 -2.021115
v 0.515464 3.207331 -2.181931
v 0.523274 3.482166 -2.189155
v 0.531984 3.755669 -2.151884
v 0.498858 4.068516 -2.088170
v 0.414312 4.336312 -1.921263
v 0.280990 4.488331 -1.674868
v 0.104156 4.476923 -1.208358
v 0.000025 4.611990 -2.026173
v 0.000025 4.611990 -2.026173
v -0.000001 3.884729 -2.672981
v -0.000001 3.884729 -2.672981
v 0.000000 3.180006 -2.656677
v 0.000000 3.180006 -2.656677
v 0.000000 2.748185 -2.415313
v 0.000000 2.748185 -2.415313
v 0.000000 2.505599 -2.109790
v 0.000000 2.505599 -2.109790
v -0.000000 2.364438 -1.811620
v -0.000000 2.364438 -1.811620
v -0.000000 2.290806 -1.076378
v -0.000000 2.290806 -1.076378
v -0.000000 2.411764 -0.800902
v -0.000000 2.411764 -0.800902
v 0.186804 4.609662 -1.463547
v 0.209914 4.528785 -1.387477
v 0.294216 4.387655 -1.589288
v 0.401577 4.206694 -1.827693
v 0.471054 4.011395 -1.938219
v 0.500042 3.732040 -1.966644
v 0.491924 3.477744 -1.997145
v 0.470152 3.237586 -2.020620
v 0.441980 3.105456 -1.905413
v 0.394496 2.969936 -1.702509
v 0.342287 2.835521 -1.490622
v 0.289029 2.708516 -1.280097
v 0.230928 2.706385 -1.084377
v 0.178471 2.755301 -0.845334
v 0.133004 2.784706 -0.605597
v 0.151227 4.569029 -1.228273
v 0.085197 4.597470 -1.151016
v 0.093699 4.706675 -1.307620
v 0.131846 4.632941 -1.246542
v 0.059589 4.680294 -1.133948
v 0.047249 4.713901 -1.165970
v -0.000636 4.706505 -1.137662
v -0.000636 4.706505 -1.137662
vn -0.6890 -0.6726 -0.2701
vn -0.8220 -0.4478 0.3519
vn -0.4219 -0.5900 0.6884
vn -0.5325 -0.6186 0.5778
vn -0.3933 -0.1615 0.9051
vn -0.3848 -0.1060 0.9169
vn -0.4729 0.4061 0.7819
vn -0.4083 0.3920 0.8244
vn -0.4083 0.3921 0.8244
vn -0.4730 0.4062 0.7819
vn -0.5039 0.8115 0.2958
vn -0.5350 0.8008 0.2694
vn -0.4719 0.7292 -0.4956
vn -0.5300 0.6863 -0.4981
vn -0.5237 0.3669 -0.7688
vn -0.4654 0.2458 -0.8503
vn -0.8333 0.3281 -0.4449
vn -0.5598 -0.1816 -0.8085
vn -0.8334 0.3280 -0.4449
vn -0.8034 -0.5676 -0.1801
vn -0.7095 -0.4317 0.5569
vn -0.5495 -0.0653 0.8329
vn -0.5459 0.3563 0.7583
vn -0.6486 0.7036 0.2903
vn -0.6814 0.6260 -0.3793
vn -0.6031 0.1823 -0.7766
vn -0.6463 -0.2489 -0.7214
vn -0.6463 -0.2490 -0.7213
vn -0.7403 -0.0438 0.6708
vn -0.8860 -0.2042 0.4163
vn -0.8089 0.2306 0.5408
vn -0.9794 0.0790 0.1858
vn -0.9794 0.0791 0.1858
vn -0.8089 0.2307 0.5408
vn -0.8105 0.5190 0.2714
vn -0.8986 0.4200 -0.1266
vn -0.8720 0.1784 -0.4558
vn -0.9530 -0.0971 -0.2868
vn -0.9530 -0.0973 -0.2868
vn -0.9500 -0.3123 0.0011
vn -0.9071 0.4207 0.0105
vn -0.8620 -0.0104 0.5068
vn -0.4221 -0.6319 0.6500
vn -0.3741 -0.6706 0.6406
vn 0.0643 -0.9555 0.2877
vn -0.2534 -0.8939 0.3699
vn 0.2644 -0.8679 -0.4205
vn 0.0575 -0.7574 -0.6504
vn 0.2644 -0.8679 -0.4206
vn 0.1265 -0.2796 -0.9517
vn 0.1667 -0.2318 -0.9584
vn -0.2479 0.1979 -0.9484
vn -0.1437 0.2595 -0.9550
vn -0.6880 0.4699 -0.5530
vn -0.5598 0.4891 -0.6689
vn -0.9071 0.4207 0.0104
vn -0.4988 -0.8614 -0.0956
vn -0.4658 -0.7176 -0.5178
vn -0.0476 -0.8580 -0.5115
vn -0.1757 -0.9709 0.1629
vn -0.4213 -0.4241 -0.8016
vn -0.1576 -0.3536 -0.9220
vn -0.0475 -0.8579 -0.5115
vn -0.5974 -0.1991 -0.7769
vn -0.3743 0.0209 -0.9271
vn -0.7769 -0.0238 -0.6292
vn -0.7420 0.2074 -0.6375
vn -0.9367 -0.1457 -0.3184
vn -0.9793 0.1703 -0.1095
vn -0.9451 -0.3257 0.0280
vn -0.9294 -0.1644 0.3305
vn -0.9793 0.1703 -0.1094
vn -0.7699 -0.6369 0.0397
vn -0.5606 -0.6714 0.4847
vn -0.7784 -0.4406 -0.4471
vn -0.7784 -0.4405 -0.4472
vn -0.5257 -0.5710 -0.6306
vn -0.6770 -0.4493 -0.5829
vn -0.8480 -0.5244 0.0768
vn -0.7179 -0.6853 0.1224
vn -0.5734 -0.5822 0.5764
vn -0.4566 -0.5782 0.6761
vn -0.1697 -0.7439 0.6464
vn -0.0069 -0.6617 0.7497
vn 0.2379 -0.9338 0.2674
vn 0.4950 -0.8239 0.2759
vn -0.6770 -0.4492 -0.5830
vn -0.5256 -0.5710 -0.6307
vn -0.1017 -0.4142 -0.9045
vn -0.2356 -0.4403 -0.8664
vn 0.2439 -0.4737 -0.8463
vn 0.1100 -0.5644 -0.8181
vn 0.5425 -0.7059 -0.4555
vn 0.3402 -0.8337 -0.4350
vn 0.3403 -0.8337 -0.4350
vn 0.5425 -0.7059 -0.4554
vn 0.0211 -0.7814 0.6237
vn -0.3549 -0.6891 0.6317
vn 0.5927 -0.7812 0.1960
vn 0.6371 -0.6294 -0.4449
vn 0.3251 -0.4343 -0.8401
vn 0.6371 -0.6294 -0.4450
vn 0.0579 -0.4191 -0.9061
vn -0.7826 -0.6225 0.0039
vn -0.5772 -0.7627 0.2919
vn -0.6166 -0.6355 -0.4647
vn -0.6167 -0.6354 -0.4647
vn -0.3089 -0.5779 -0.7554
vn -0.1278 -0.7606 -0.6365
vn 0.0666 -0.9130 -0.4024
vn -0.0927 -0.9944 0.0507
vn -0.3031 -0.8542 0.4224
vn -0.4022 -0.8942 -0.1966
vn -0.1279 -0.7606 -0.6365
vn -0.3951 -0.6482 0.6509
vn -0.4773 0.4665 -0.7447
vn -0.4915 0.7330 -0.4703
vn -0.5702 0.7793 0.2600
vn -0.5861 0.3473 0.7320
vn -0.5476 -0.2638 0.7941
vn -0.5861 0.3473 0.7321
vn -0.7030 -0.4143 0.5780
vn -0.6379 0.1574 0.7539
vn -0.3686 -0.8006 0.4724
vn -0.2547 0.3127 -0.9150
vn -0.5034 0.6988 -0.5083
vn -0.5953 0.7778 0.2016
vn -0.5008 0.5080 0.7008
vn -0.5008 0.5078 0.7010
vn -0.3692 0.3533 0.8596
vn 0.0754 -0.2159 -0.9735
vn 0.3375 -0.4759 -0.8122
vn 0.5999 -0.6800 -0.4216
vn 0.5999 -0.6800 -0.4215
vn 0.5728 -0.8171 0.0647
vn 0.2974 -0.8638 0.4068
vn 0.0866 -0.9046 0.4174
vn -0.7117 0.1692 0.6818
vn -0.3020 0.3904 0.8697
vn -0.8408 -0.3849 0.3808
vn -0.4906 -0.8520 0.1828
vn 0.0555 -0.9582 0.2805
vn 0.1085 0.3042 0.9464
vn -0.0732 0.2519 0.9650
vn 0.4335 -0.0237 0.9009
vn 0.3070 -0.1347 0.9421
vn 0.4748 -0.5915 0.6516
vn 0.4347 -0.6324 0.6411
vn -0.7701 -0.3142 0.5552
vn -0.7074 0.1648 0.6873
vn -0.3092 0.3154 0.8972
vn 0.0995 0.3166 0.9433
vn 0.2727 -0.0437 0.9611
vn 0.3656 -0.5390 0.7588
vn -0.0992 -0.8170 0.5680
vn -0.5510 -0.7790 0.2991
vn -0.3147 -0.1842 0.9311
vn 0.4745 -0.8104 0.3437
vn 0.5593 -0.8282 -0.0366
vn 0.5321 -0.7509 -0.3913
vn 0.3553 -0.5455 -0.7591
vn 0.5320 -0.7509 -0.3913
vn 0.0546 -0.1841 -0.9814
vn -0.2507 0.2732 -0.9287
vn -0.5005 0.7030 -0.5052
vn -0.5583 0.8057 0.1980
vn -0.3838 0.5388 0.7499
vn -0.3836 0.5385 0.7503
vn 0.1151 -0.1051 -0.9878
vn 0.3982 -0.4771 -0.7835
vn 0.3712 -0.5210 -0.7686
vn 0.0948 -0.1406 -0.9855
vn 0.5823 -0.7189 -0.3795
vn 0.5407 -0.7464 -0.3880
vn 0.5839 -0.7142 -0.3859
vn 0.6385 -0.7689 0.0350
vn 0.5903 -0.8070 -0.0199
vn 0.5421 -0.7427 -0.3931
vn 0.5954 -0.6558 0.4641
vn 0.5633 -0.7284 0.3900
vn 0.4220 -0.3810 0.8227
vn 0.4309 -0.4613 0.7756
vn 0.1900 -0.0720 0.9791
vn 0.1926 -0.1212 0.9738
vn -0.0651 0.2574 0.9641
vn -0.0737 0.2021 0.9766
vn -0.3519 0.6314 0.6910
vn -0.3532 0.5772 0.7363
vn -0.3459 0.6336 0.6921
vn -0.5205 0.8461 0.1151
vn -0.5297 0.8308 0.1710
vn -0.3515 0.5781 0.7364
vn -0.4494 0.7136 -0.5374
vn -0.4700 0.7109 -0.5233
vn -0.1819 0.3105 -0.9330
vn -0.2064 0.2949 -0.9330
vn 0.4747 -0.8103 0.3436
vn 0.3070 -0.1348 0.9421
vn -0.0732 0.2518 0.9650
vn -0.3838 0.5385 0.7501
vn -0.5601 0.8037 0.2009
vn -0.5082 0.7020 -0.4990
vn -0.2570 0.2689 -0.9282
vn 0.0523 -0.1859 -0.9812
vn 0.3565 -0.5452 -0.7587
vn 0.5332 -0.7509 -0.3898
vn 0.5603 -0.8275 -0.0366
vn 0.5336 -0.7499 -0.3910
vn 0.6529 -0.7381 0.1699
vn 0.5491 -0.5742 0.6072
vn 0.5871 -0.6005 0.5428
vn 0.6566 -0.7470 0.1040
vn 0.6123 -0.7071 -0.3538
vn 0.6027 -0.7062 -0.3717
vn 0.4013 -0.4560 -0.7944
vn 0.6119 -0.7084 -0.3516
vn 0.6020 -0.7091 -0.3670
vn 0.4024 -0.4576 -0.7929
vn 0.1067 -0.1000 -0.9893
vn 0.1140 -0.0940 -0.9890
vn -0.2093 0.3062 -0.9287
vn -0.1911 0.3119 -0.9307
vn -0.4808 0.6911 -0.5397
vn -0.4629 0.7046 -0.5378
vn -0.5587 0.8278 0.0513
vn -0.5363 0.8402 0.0807
vn -0.4177 0.6669 0.6171
vn -0.3710 0.6613 0.6519
vn -0.1465 0.3282 0.9332
vn -0.4195 0.6660 0.6168
vn -0.3765 0.6599 0.6502
vn -0.0911 0.3086 0.9468
vn 0.1133 -0.0027 0.9936
vn 0.1676 -0.0246 0.9855
vn 0.3489 -0.3043 0.8864
vn 0.3994 -0.3257 0.8569
vn 0.6523 -0.7199 0.2374
vn 0.4837 -0.5566 0.6755
vn 0.5109 -0.5605 0.6519
vn 0.6497 -0.7286 0.2169
vn 0.6494 -0.6995 -0.2982
vn 0.6266 -0.7071 -0.3275
vn 0.4382 -0.4623 -0.7709
vn 0.6495 -0.6993 -0.2985
vn 0.6264 -0.7075 -0.3273
vn 0.4095 -0.4582 -0.7889
vn 0.1348 -0.1010 -0.9857
vn 0.1102 -0.1019 -0.9887
vn -0.1780 0.3067 -0.9350
vn -0.2079 0.3077 -0.9285
vn -0.4544 0.6569 -0.6017
vn -0.4769 0.6764 -0.5613
vn -0.5961 0.7986 -0.0831
vn -0.5787 0.8155 -0.0074
vn -0.5334 0.6818 0.5006
vn -0.4741 0.6732 0.5675
vn -0.2775 0.3530 0.8935
vn -0.5329 0.6818 0.5011
vn -0.4745 0.6731 0.5673
vn -0.2107 0.3384 0.9171
vn -0.0176 0.0324 0.9993
vn 0.0475 0.0158 0.9987
vn 0.2341 -0.2707 0.9338
vn 0.2884 -0.2889 0.9129
vn -0.9252 -0.3273 0.1922
vn -0.8043 -0.1880 0.5638
vn -0.3542 -0.5323 0.7689
vn -0.1523 -0.9364 0.3162
vn -0.7916 -0.4586 -0.4037
vn 0.0274 -0.9614 -0.2737
vn -0.4328 -0.4064 -0.8047
vn -0.7926 -0.4569 -0.4038
vn 0.0441 -0.9614 -0.2717
vn 0.0524 -0.6454 -0.7620
vn -0.2863 -0.1228 -0.9502
vn -0.0124 -0.1733 -0.9848
vn -0.3919 0.1072 -0.9137
vn -0.1506 0.2607 -0.9536
vn -0.3041 0.5416 -0.7837
vn -0.3010 0.5754 -0.7605
vn -0.5170 0.6936 -0.5016
vn -0.5163 0.7351 -0.4393
vn -0.6769 0.7254 0.1250
vn -0.6395 0.7414 0.2033
vn -0.5309 0.5179 0.6707
vn -0.6757 0.7258 0.1290
vn -0.6371 0.7425 0.2067
vn -0.4793 0.4892 0.7286
vn -0.6555 0.1210 0.7454
vn -0.3784 0.2113 0.9012
vn -0.6580 0.0707 0.7497
vn -0.3857 -0.1033 0.9168
vn 0.4549 -0.5588 0.6934
vn 0.1757 -0.2540 0.9511
vn -0.0837 0.0575 0.9948
vn -0.3437 0.3925 0.8531
vn -0.5793 0.7020 0.4142
vn -0.5801 0.7020 0.4131
vn -0.5930 0.7821 -0.1913
vn -0.4076 0.6250 -0.6658
vn -0.1400 0.2896 -0.9468
vn 0.1613 -0.1248 -0.9790
vn 0.4688 -0.4991 -0.7288
vn 0.6539 -0.7086 -0.2652
vn 0.6534 -0.7094 -0.2644
vn 0.6418 -0.7287 0.2389
vn 0.1524 -0.1584 -0.9755
vn 0.4436 -0.5702 -0.6914
vn 0.6184 -0.7521 -0.2281
vn 0.6170 -0.7537 -0.2265
vn 0.5956 -0.7636 0.2492
vn 0.3278 -0.5830 0.7434
vn -0.0025 -0.2331 0.9725
vn -0.2032 0.1146 0.9724
vn -0.3992 0.4459 0.8011
vn -0.5985 0.7339 0.3212
vn -0.6000 0.7336 0.3191
vn -0.5442 0.7755 -0.3201
vn -0.3343 0.6028 -0.7245
vn -0.1059 0.2741 -0.9559
vn -0.7534 0.0108 0.6575
vn -0.8692 0.0513 0.4917
vn -0.9107 -0.2257 0.3461
vn -0.8238 -0.2035 0.5291
vn -0.3679 -0.0023 0.9299
vn -0.4073 -0.0806 0.9097
vn 0.0001 -0.0924 0.9957
vn 0.0007 -0.0604 0.9982
vn -0.6726 -0.0833 0.7353
vn -0.6261 -0.0235 0.7794
vn -0.4527 -0.1112 0.8847
vn -0.4066 -0.0267 0.9132
vn -0.0273 -0.0270 -0.9993
vn -0.0269 -0.1012 -0.9945
vn -0.0000 -0.1015 -0.9948
vn -0.0007 -0.0299 -0.9996
vn -0.2884 -0.1214 -0.9498
vn -0.3915 0.1085 -0.9137
vn -0.2734 -0.0151 -0.9618
vn -0.3228 -0.0935 -0.9418
vn -0.7937 -0.4550 -0.4038
vn -0.4305 -0.4092 -0.8045
vn -0.4087 -0.1898 -0.8927
vn -0.6043 -0.1688 -0.7787
vn -0.2616 -0.0560 -0.9636
vn -0.3373 -0.0027 -0.9414
vn -0.7160 -0.0457 -0.6966
vn -0.4968 0.0353 0.8671
vn -0.4683 0.0454 0.8824
vn -0.6941 0.0820 0.7152
vn -0.7416 0.0406 0.6696
vn -0.7574 0.1216 0.6416
vn -0.8723 0.0328 0.4878
vn -0.6555 0.1178 0.7460
vn -0.6578 0.0701 0.7499
vn -0.8030 -0.1876 0.5657
vn -0.8283 0.0404 0.5588
vn -0.9204 -0.0406 0.3889
vn -0.9248 -0.3265 0.1952
vn -0.9597 -0.0079 0.2808
vn -0.8092 0.0011 0.5875
vn -0.7080 0.2249 0.6694
vn -0.0220 -0.0939 -0.9953
vn -0.0197 0.0399 -0.9990
vn -0.0000 0.0302 -0.9995
vn -0.0000 -0.0943 -0.9955
vn -0.1570 0.9789 0.1307
vn -0.3873 0.8802 -0.2742
vn -0.0214 0.9976 -0.0657
vn -0.1671 0.9859 -0.0081
vn -0.1637 -0.0945 -0.9820
vn -0.1564 0.0451 -0.9867
vn -0.1955 -0.1166 -0.9737
vn -0.0257 0.0364 -0.9990
vn -0.0006 0.0356 -0.9994
vn -0.9585 -0.0603 -0.2787
vn -0.7693 0.1436 0.6226
vn -0.3098 0.0049 0.9508
vn 0.0031 -0.0243 0.9997
vn 0.0020 -0.0330 0.9995
vn -0.3450 0.0169 0.9384
vn -0.2963 -0.0417 0.9542
vn 0.0083 -0.0648 0.9979
vn -0.5582 -0.0142 0.8296
vn -0.9990 -0.0386 0.0222
vn -0.6842 0.4356 0.5850
vn -0.6845 0.3830 0.6203
vn -0.8588 -0.0436 0.5105
vn -0.8621 0.5068 0.0046
vn -0.9184 -0.2396 0.3149
vn -0.6857 0.2735 -0.6746
vn -0.8528 -0.1636 -0.4960
vn -0.6432 0.5360 -0.5468
vn -0.7707 0.1416 -0.6213
vn -0.5926 0.2903 -0.7514
vn -0.1872 0.2501 -0.9500
vn -0.1667 0.2705 -0.9482
vn -0.0364 0.2156 -0.9758
vn -0.0002 0.2010 -0.9796
vn -0.0726 -0.1026 -0.9921
vn -0.0611 -0.0962 -0.9935
vn -0.3754 0.0587 -0.9250
vn -0.7372 0.0521 -0.6737
vn -0.9580 0.0709 -0.2779
vn -0.9971 0.0751 0.0119
vn -0.9659 0.0494 0.2541
vn -0.8386 -0.0011 0.5447
vn -0.5938 -0.0645 0.8020
vn -0.3079 -0.1104 0.9450
vn 0.0121 -0.1271 0.9918
vn -0.2922 -0.1329 0.9471
vn 0.0115 -0.1869 0.9823
vn 0.0111 -0.1451 0.9894
vn -0.3124 -0.1194 0.9424
vn -0.4944 0.0492 0.8678
vn -0.5870 -0.0315 0.8090
vn -0.6781 0.3733 0.6331
vn -0.8202 0.1050 0.5623
vn -0.8914 0.3381 0.3019
vn -0.9348 0.2104 0.2860
vn -0.9168 0.3980 0.0325
vn -0.9645 0.2629 0.0273
vn -0.7748 0.4502 -0.4438
vn -0.9189 0.2362 -0.3160
vn -0.6726 0.2039 -0.7114
vn -0.7226 0.1409 -0.6768
vn -0.4124 0.1348 -0.9009
vn -0.3935 0.1225 -0.9111
vn -0.1325 0.0860 -0.9874
vn -0.1081 0.0292 -0.9937
vn -0.2297 0.1839 -0.9557
vn -0.1674 0.1627 -0.9724
vn -0.2608 -0.1887 0.9468
vn 0.0132 -0.2453 0.9694
vn -0.3681 -0.0229 0.9295
vn -0.7301 0.2593 0.6322
vn -0.5116 0.7664 0.3885
vn -0.7107 0.5816 0.3959
vn -0.4574 0.8881 0.0464
vn -0.7534 0.6299 -0.1885
vn -0.6388 0.4271 -0.6400
vn -0.6146 0.2410 -0.7511
vn -0.3955 0.1310 -0.9091
vn -0.1022 0.2357 -0.9664
vn -0.0041 0.2544 -0.9671
vn -0.0041 0.2346 -0.9721
vn -0.1333 0.2167 -0.9671
vn -0.6358 0.4702 -0.6121
vn -0.7746 0.1895 -0.6033
vn -0.3910 0.0985 -0.9151
vn -0.3329 -0.0370 -0.9422
vn -0.8032 -0.1344 -0.5803
vn -0.6629 -0.4349 -0.6094
vn -0.1906 -0.1720 -0.9665
vn -0.4413 -0.6738 -0.5927
vn 0.0832 -0.8006 -0.5934
vn 0.0226 -0.3896 -0.9207
vn -0.0647 -0.3303 -0.9417
vn -0.7619 -0.1755 0.6234
vn -0.3296 -0.1981 0.9231
vn -0.2037 -0.2502 0.9465
vn 0.0137 -0.2975 0.9546
vn -0.9558 -0.0005 0.2941
vn -0.9864 0.1148 -0.1177
vn -0.7661 0.0930 -0.6360
vn -0.6081 0.1996 -0.7684
vn -0.0975 -0.3261 0.9403
vn 0.0123 -0.4021 0.9155
vn -0.2346 -0.1732 0.9565
vn -0.6023 -0.1270 0.7881
vn -0.9378 -0.1718 0.3018
vn -0.9854 -0.1302 -0.1096
vn -0.8621 -0.0045 -0.5067
vn -0.6352 0.0672 -0.7694
vn 0.0722 -0.5665 0.8209
vn 0.0084 -0.6528 0.7575
vn 0.3386 -0.8372 0.4294
vn 0.0038 -0.9359 0.3523
vn 0.4787 -0.8771 0.0389
vn 0.0005 -0.9999 0.0135
vn 0.1148 -0.1374 0.9838
vn 0.6951 -0.4176 0.5852
vn 0.9159 -0.3946 0.0729
vn 0.4326 -0.8735 -0.2233
vn 0.0010 -0.9812 -0.1929
vn -0.0001 -0.9999 0.0128
vn 0.4801 -0.8764 0.0379
vn 0.2785 -0.8211 -0.4982
vn 0.0013 -0.8740 -0.4859
vn 0.0897 -0.6243 -0.7760
vn 0.0055 -0.6623 -0.7492
vn 0.9173 -0.3916 0.0722
vn 0.8465 -0.4514 -0.2823
vn 0.6413 -0.5824 -0.4996
vn 0.2536 -0.4871 -0.8357
vn -0.4235 0.1130 0.8988
vn -0.8974 0.1252 0.4231
vn -0.9962 0.0774 -0.0405
vn -0.9159 0.0706 -0.3951
vn -0.6461 0.0367 -0.7623
vn -0.2895 0.2741 0.9171
vn 0.3411 0.1055 0.9341
vn 0.8140 -0.0416 0.5794
vn 0.9863 -0.0992 0.1315
vn 0.9720 -0.1276 -0.1975
vn 0.9864 -0.0992 0.1312
vn 0.8340 -0.2704 -0.4809
vn 0.4272 -0.3530 -0.8324
vn -0.8293 0.3230 0.4559
vn -0.9710 0.2386 -0.0163
vn -0.9313 0.1549 -0.3297
vn -0.7157 0.0695 -0.6950
vn -0.2194 -0.1272 -0.9673
vn 0.4194 -0.3584 -0.8340
vn 0.4131 -0.2790 -0.8669
vn -0.3275 -0.1406 -0.9343
vn -0.2239 -0.1202 -0.9672
vn 0.8265 -0.2896 -0.4827
vn 0.8611 -0.1736 -0.4779
vn 0.9719 -0.1287 -0.1971
vn 0.9904 -0.0678 -0.1204
vn 0.9863 -0.0988 0.1320
vn 0.9733 -0.0417 0.2257
vn 0.8142 -0.0418 0.5790
vn 0.7710 -0.0086 0.6368
vn 0.9732 -0.0420 0.2260
vn 0.9863 -0.0988 0.1324
vn 0.3417 0.1042 0.9340
vn 0.3420 0.0970 0.9347
vn -0.2892 0.2740 0.9172
vn -0.2428 0.2588 0.9349
vn -0.8293 0.3230 0.4561
vn -0.7739 0.3570 0.5231
vn -0.9710 0.2385 -0.0163
vn -0.9591 0.2830 -0.0009
vn -0.9309 0.1545 -0.3310
vn -0.9323 0.1817 -0.3127
vn -0.7198 0.0788 -0.6897
vn -0.7833 0.0678 -0.6179
vn -0.7778 0.0626 -0.6254
vn -0.7126 0.0785 -0.6972
vn -0.4135 -0.2802 -0.8663
vn 0.3275 -0.1406 -0.9343
vn 0.3953 -0.0717 -0.9157
vn -0.4383 -0.1156 -0.8914
vn 0.4362 -0.1176 -0.8921
vn 0.9053 -0.0588 -0.4208
vn 0.9996 -0.0281 -0.0042
vn 0.9312 -0.0496 0.3612
vn 0.6896 -0.0566 0.7220
vn 0.9311 -0.0497 0.3613
vn 0.3068 0.0094 0.9517
vn -0.1889 0.1209 0.9745
vn -0.7445 0.2341 0.6252
vn -0.9722 0.2318 0.0332
vn -0.9290 0.1534 -0.3367
vn -0.8036 0.0491 -0.5932
vn -0.3954 -0.0717 -0.9157
vn -0.8014 0.0507 -0.5960
vn 0.3276 -0.1169 0.9376
vn -0.1863 -0.0797 0.9793
vn -0.8078 0.0059 0.5894
vn -0.9949 0.0769 -0.0653
vn -0.8999 0.0687 -0.4307
vn -0.7390 0.0278 -0.6731
vn -0.7390 0.0278 -0.6732
vn -0.2861 0.0300 -0.9577
vn 0.4187 0.0498 -0.9068
vn 0.8745 0.0316 -0.4841
vn 0.9991 -0.0052 -0.0433
vn 0.9341 -0.0593 0.3522
vn 0.9340 -0.0594 0.3523
vn 0.6922 -0.1109 0.7131
vn 0.9127 0.0513 0.4055
vn 0.9175 -0.0061 0.3976
vn 0.5513 -0.0730 0.8311
vn 0.5458 0.1224 0.8289
vn 0.0728 -0.1589 0.9846
vn 0.0576 0.1779 0.9824
vn -0.3656 -0.2173 0.9051
vn -0.3848 0.2318 0.8934
vn -0.8233 -0.2041 0.5297
vn -0.8286 0.1932 0.5255
vn -0.9912 -0.1139 0.0669
vn -0.9872 0.1305 0.0923
vn -0.9635 -0.0111 -0.2676
vn -0.9646 0.0573 -0.2573
vn -0.7209 0.0739 -0.6891
vn -0.7160 -0.0496 -0.6964
vn -0.7156 -0.0492 -0.6968
vn -0.1477 0.1081 -0.9831
vn -0.1307 -0.1347 -0.9822
vn 0.4779 0.0870 -0.8741
vn 0.4757 -0.1420 -0.8681
vn 0.8659 0.0560 -0.4970
vn 0.8631 -0.0866 -0.4975
vn 0.9975 0.0294 -0.0649
vn 0.9983 -0.0167 -0.0558
vn 0.9176 -0.0064 0.3974
vn 0.9125 0.0496 0.4060
vn -0.2842 -0.4056 0.8688
vn -0.2228 -0.2924 0.9300
vn -0.8252 -0.2426 0.5101
vn -0.7978 -0.3807 0.4674
vn -0.9886 -0.1030 -0.1101
vn -0.9742 -0.2198 -0.0504
vn -0.8845 0.0007 -0.4665
vn -0.9206 -0.0426 -0.3881
vn -0.6787 0.0685 -0.7312
vn -0.6806 0.1218 -0.7225
vn -0.6805 0.1219 -0.7225
vn -0.2082 0.1340 -0.9688
vn -0.1645 0.2156 -0.9625
vn 0.4131 0.1465 -0.8988
vn 0.4414 0.1968 -0.8755
vn 0.8540 0.0894 -0.5125
vn 0.8531 0.1156 -0.5087
vn 0.9971 0.0183 -0.0742
vn 0.9960 0.0395 -0.0804
vn 0.9394 -0.0596 0.3375
vn 0.9334 -0.0449 0.3561
vn 0.9333 -0.0449 0.3562
vn 0.9394 -0.0596 0.3376
vn 0.6816 -0.1555 0.7150
vn 0.6275 -0.1730 0.7592
vn 0.3005 -0.2398 0.9231
vn 0.1987 -0.3103 0.9297
vn 0.1340 0.4607 0.8774
vn -0.4271 0.5583 0.7113
vn -0.7986 0.4577 0.3909
vn -0.9617 0.2111 -0.1747
vn -0.9256 0.0285 -0.3774
vn -0.6185 -0.1337 -0.7744
vn -0.6173 -0.1329 -0.7754
vn -0.0550 -0.2548 -0.9654
vn 0.4760 -0.2959 -0.8282
vn 0.8386 -0.2411 -0.4884
vn 0.9914 -0.1000 -0.0840
vn 0.9495 0.1043 0.2961
vn 0.9519 0.1070 0.2872
vn 0.6239 0.3380 0.7046
vn -0.4465 0.6028 0.6612
vn 0.1355 0.6840 0.7168
vn 0.0502 0.7458 0.6643
vn -0.5684 0.6037 0.5590
vn -0.5326 0.3573 0.7673
vn 0.0056 0.3366 0.9416
vn -0.6608 -0.1248 0.7401
vn -0.0810 -0.2108 0.9742
vn -0.0810 -0.2109 0.9742
vn -0.5794 -0.5991 0.5526
vn -0.1534 -0.7413 0.6535
vn 0.3578 -0.6257 0.6932
vn 0.4957 -0.1618 0.8533
vn 0.4957 -0.1617 0.8533
vn 0.4740 0.3034 0.8266
vn 0.6415 0.4114 0.6474
vn 0.7766 -0.1449 0.6131
vn 0.8011 -0.2093 0.5607
vn 0.3851 0.3868 0.8379
vn -0.8728 -0.0142 0.4880
vn -0.8774 -0.0723 0.4743
vn -0.8778 -0.0715 0.4736
vn -0.8739 -0.0136 0.4859
vn -0.3821 -0.8438 0.3768
vn -0.6467 -0.6946 0.3152
vn -0.0778 -0.9910 0.1089
vn -0.1551 -0.9571 0.2449
vn 0.1114 -0.9469 0.3016
vn 0.4286 -0.8120 0.3961
vn 0.7997 -0.2114 0.5619
vn 0.7755 -0.1476 0.6138
vn 0.2890 0.5221 0.8024
vn 0.7070 0.5174 0.4821
vn 0.7827 0.4995 0.3713
vn 0.3051 0.5194 0.7982
vn 0.4390 0.1847 0.8793
vn 0.7359 0.2794 0.6167
vn 0.5238 -0.1885 0.8307
vn 0.8694 -0.0888 0.4861
vn 0.8694 -0.0886 0.4862
vn 0.5234 -0.1889 0.8309
vn 0.4536 -0.6412 0.6189
vn 0.7788 -0.4829 0.4004
vn 0.0693 -0.2374 0.9689
vn 0.0702 -0.6551 0.7522
vn 0.0644 0.1477 0.9869
vn 0.0696 -0.2374 0.9689
vn -0.0087 0.2445 0.9696
vn -0.1533 -0.2977 0.9423
vn -0.1219 -0.8068 0.5781
vn -0.1528 -0.2973 0.9425
vn 0.1462 -0.9891 0.0175
vn 0.2195 -0.9527 0.2101
vn 0.7052 -0.6977 -0.1257
vn 0.7981 -0.6024 0.0151
vn 0.9993 0.0348 0.0155
vn 0.9960 0.0717 0.0529
vn 0.9962 0.0696 0.0525
vn 0.9992 0.0371 0.0125
vn -0.1029 -0.2143 0.9713
vn -0.1024 -0.2157 0.9711
vn -0.5868 0.5337 0.6089
vn -0.4209 0.0780 0.9038
vn -0.8130 0.5755 0.0881
vn -0.6222 0.5653 0.5416
vn -0.8313 0.5528 -0.0588
vn -0.9432 0.3237 -0.0743
vn -0.8248 0.3417 0.4504
vn -0.8249 0.3434 0.4490
vn -0.9424 0.3253 -0.0775
vn -0.9730 -0.1645 -0.1619
vn -0.8446 -0.2790 0.4570
vn -0.7337 -0.6752 -0.0766
vn -0.4406 -0.8657 0.2376
vn -0.2295 -0.7956 0.5607
vn -0.4075 -0.4057 0.8182
vn -0.4894 0.1385 0.8610
vn -0.4886 0.1407 0.8611
vn -0.3921 0.0693 0.9173
vn -0.3916 0.0674 0.9177
vn -0.2036 -0.5765 0.7913
vn -0.0790 -0.9225 0.3779
vn -0.1705 -0.9827 0.0729
vn -0.6486 -0.6849 -0.3321
vn -0.6470 -0.6873 -0.3303
vn -0.7330 -0.6762 -0.0743
vn -0.9729 -0.1666 -0.1605
vn -0.8910 0.0197 -0.4536
vn -0.8850 0.2169 -0.4120
vn -0.6182 -0.6207 -0.4823
vn -0.1160 -0.9914 -0.0602
vn -0.6210 -0.6163 -0.4842
vn -0.0723 -0.9831 0.1680
vn -0.4217 0.0764 0.9035
vn -0.7039 -0.5480 -0.4519
vn -0.7057 -0.5456 -0.4520
vn -0.1326 -0.9811 -0.1409
vn 0.0150 -0.9993 0.0336
vn 0.9408 -0.3038 -0.1505
vn 0.7639 -0.4730 -0.4389
vn 0.4350 -0.5301 -0.7279
vn 0.0313 -0.5112 -0.8589
vn -0.4950 -0.3531 -0.7939
vn -0.6948 -0.4879 -0.5284
vn -0.4948 -0.3517 -0.7946
vn 0.9991 0.0315 0.0287
vn -0.6936 -0.4881 -0.5298
vn -0.1163 -0.8924 -0.4360
vn 0.2633 -0.8874 -0.3784
vn 0.4600 -0.8588 -0.2255
vn 0.7480 -0.6456 -0.1538
vn 0.9432 -0.2946 -0.1534
vn -0.4943 -0.3567 -0.7927
vn 0.0310 -0.5139 -0.8573
vn 0.4336 -0.5293 -0.7293
vn 0.7682 -0.4657 -0.4393
vn -0.3147 0.1785 0.9323
vn -0.0000 0.1088 0.9941
vn -0.0000 0.3011 0.9536
vn -0.3142 0.3194 0.8940
vn -0.2889 0.3176 0.9031
vn -0.2992 0.2027 0.9324
vn -0.2753 0.3680 0.8881
vn -0.4413 0.1927 0.8764
vn -0.4476 0.4366 0.7804
vn -0.5949 0.2942 0.7480
vn -0.5309 0.4207 0.7356
vn -0.5970 0.4009 0.6949
vn -0.5917 0.2200 0.7756
vn -0.5587 0.3374 0.7576
vn -0.7033 -0.1553 0.6937
vn -0.5683 0.4405 0.6950
vn -0.8294 0.0725 0.5539
vn -0.3811 0.8358 0.3951
vn -0.7510 0.6071 0.2595
vn -0.3101 0.9473 0.0803
vn -0.4830 0.8147 -0.3209
vn -0.2323 0.7619 -0.6046
vn -0.5149 0.6390 -0.5714
vn -0.4196 0.6981 -0.5801
vn -0.5769 0.4748 -0.6646
vn -0.3575 0.6797 -0.6405
vn -0.4763 0.3743 -0.7956
vn -0.2389 0.5266 -0.8158
vn -0.3902 0.2582 -0.8838
vn -0.2398 0.4004 -0.8844
vn -0.0880 0.2664 -0.9598
vn -0.1685 0.1281 -0.9773
vn -0.0058 0.1105 -0.9939
vn -0.0024 0.2509 -0.9680
vn -0.0000 0.2838 0.9589
vn -0.4167 0.3433 0.8417
vn -0.0000 0.2534 0.9674
vn -0.5184 0.3959 0.7580
vn -0.0000 0.4174 0.9087
vn -0.5178 0.2190 0.8270
vn -0.0000 0.3659 0.9306
vn -0.4325 -0.3945 0.8108
vn -0.0000 -0.4294 0.9031
vn -0.3604 -0.1488 -0.9209
vn -0.4693 -0.1478 -0.8706
vn -0.3973 -0.4951 -0.7727
vn -0.3178 -0.4437 -0.8379
vn -0.6132 -0.1701 -0.7714
vn -0.7526 -0.1651 -0.6375
vn -0.6008 -0.6980 -0.3897
vn -0.5038 -0.5949 -0.6263
vn -0.2772 0.1614 -0.9472
vn -0.4140 0.6819 -0.6030
vn -0.6850 -0.6221 0.3792
vn -0.4662 -0.7429 0.4804
vn -0.3714 -0.8392 0.3972
vn -0.4841 -0.8173 0.3124
vn -0.9368 -0.3438 0.0646
vn -0.7822 -0.5524 0.2880
vn -0.5083 -0.8383 0.1974
vn -0.6023 -0.7971 0.0429
vn -0.9069 -0.1020 -0.4088
vn -0.6665 -0.7301 -0.1505
vn -0.2277 -0.8389 0.4943
vn -0.2238 -0.8776 0.4240
vn -0.9363 -0.3450 0.0650
vn -0.9070 -0.1037 -0.4082
vn -0.6849 -0.6222 0.3792
vn -0.7823 -0.5522 0.2881
vn -0.6133 -0.1718 -0.7709
vn -0.4694 -0.1477 -0.8706
vn -0.2277 -0.8389 0.4944
vn -0.7521 -0.1671 -0.6375
vn -0.1977 -0.4175 -0.8869
vn -0.2206 -0.1630 -0.9616
vn -0.0000 -0.8814 0.4724
vn -0.2904 0.1778 -0.9402
vn -0.3604 -0.1487 -0.9209
vn -0.0000 -0.9010 0.4339
vn -0.0000 -0.7508 0.6605
vn -0.3232 -0.7264 0.6066
vn -0.4835 -0.6915 0.5367
vn -0.3232 -0.7263 0.6066
vn -0.0000 -0.7507 0.6606
vn -0.0000 -0.5253 0.8509
vn -0.4084 -0.4953 0.7668
vn -0.6077 -0.4262 0.6702
vn 0.0001 -0.2068 0.9784
vn -0.4516 -0.2020 0.8691
vn -0.6637 -0.1472 0.7333
vn 0.0001 0.3463 0.9381
vn -0.4308 0.2856 0.8561
vn -0.6297 0.1515 0.7619
vn -0.6382 -0.4236 0.6428
vn -0.6727 -0.1680 0.7206
vn -0.6992 -0.1703 0.6943
vn -0.6351 -0.4588 0.6214
vn -0.6497 0.0306 0.7596
vn -0.6987 -0.0220 0.7151
vn -0.5244 -0.7203 0.4541
vn -0.4784 -0.8064 0.3476
vn -0.6043 0.1663 0.7792
vn -0.6710 0.1926 0.7160
vn 0.0010 0.5407 0.8412
vn -0.3693 0.4308 0.8234
vn -0.5449 0.2478 0.8011
vn -0.4022 -0.8985 0.1758
vn -0.6764 -0.5092 0.5322
vn -0.8828 -0.4676 -0.0440
vn -0.5148 -0.8373 -0.1842
vn -0.7733 -0.1375 0.6189
vn -0.9901 -0.1403 0.0005
vn -0.7954 0.1128 0.5956
vn -0.7599 0.3721 0.5329
vn -0.8244 0.5596 0.0855
vn -0.9670 0.2440 -0.0736
vn -0.4784 -0.8065 0.3475
vn -0.4022 -0.8985 0.1757
vn -0.5148 -0.8373 -0.1843
vn -0.9901 -0.1402 0.0005
vn -0.9596 0.1875 -0.2098
vn -0.9362 -0.1467 -0.3195
vn -0.8828 -0.4676 -0.0439
vn -0.7230 -0.6159 -0.3130
vn -0.6001 -0.7273 -0.3329
vn -0.8244 0.5595 0.0855
vn -0.9290 0.3563 -0.1001
vn 0.9068 -0.1020 -0.4091
vn 0.6667 -0.7299 -0.1511
vn 0.6026 -0.7969 0.0430
vn 0.9372 -0.3428 0.0641
vn -0.2206 -0.1629 -0.9617
vn -0.1670 0.3160 -0.9339
vn -0.0873 0.2386 -0.9672
vn -0.1834 0.7495 -0.6361
vn -0.0591 0.1960 -0.9788
vn -0.0339 0.1023 -0.9942
vn -0.0600 0.0440 -0.9972
vn -0.0883 -0.0297 -0.9957
vn -0.9475 0.0728 -0.3112
vn -0.9585 -0.2474 -0.1417
vn -0.6557 -0.6012 -0.4568
vn -0.5098 -0.6827 -0.5235
vn -0.9485 0.0385 -0.3145
vn -0.4383 -0.5379 -0.7201
vn -0.3544 -0.6161 -0.7035
vn -0.6677 0.0273 -0.7439
vn -0.6618 -0.0933 -0.7439
vn -0.6083 -0.3001 -0.7348
vn -0.2493 -0.5050 -0.8263
vn -0.2517 -0.5599 -0.7894
vn -0.3806 0.0504 -0.9233
vn -0.3541 -0.1492 -0.9232
vn -0.3087 -0.3341 -0.8905
vn -0.1416 -0.5102 -0.8483
vn 0.0005 -0.4848 -0.8746
vn -0.0030 -0.4080 -0.9130
vn -0.1063 -0.2979 -0.9487
vn -0.1125 -0.1254 -0.9857
vn 0.0045 -0.1095 -0.9940
vn 0.0040 -0.2762 -0.9611
vn -0.1065 -0.4506 -0.8864
vn 0.0030 -0.4191 -0.9079
vn -0.1193 0.0545 -0.9914
vn 0.0035 0.0573 -0.9983
vn -0.8702 -0.4803 0.1096
vn -0.8421 -0.3424 0.4166
vn -0.6270 -0.5152 0.5842
vn -0.7281 -0.6723 0.1340
vn -0.9623 0.0655 0.2639
vn -0.9966 0.0066 0.0821
vn -0.8703 -0.4803 0.1095
vn -0.7281 -0.6722 0.1340
vn -0.5904 -0.5450 -0.5953
vn -0.8014 -0.3752 -0.4658
vn -0.3800 -0.2058 -0.9018
vn -0.5588 -0.0526 -0.8277
vn -0.0538 0.1785 -0.9825
vn -0.1781 0.2950 -0.9388
vn 0.3987 0.5423 -0.7396
vn 0.2564 0.6660 -0.7005
vn 0.7125 0.6788 -0.1775
vn 0.5775 0.7923 -0.1970
vn -0.9392 -0.0229 -0.3425
vn -0.5990 0.1652 -0.7835
vn -0.3378 0.2853 -0.8969
vn -0.1289 0.3022 -0.9445
vn -0.2223 0.5492 -0.8056
vn -0.1204 0.5706 -0.8124
vn -0.0719 0.8089 -0.5835
vn -0.0702 0.8086 -0.5842
vn 0.0350 0.9702 -0.2399
vn 0.0165 0.9727 -0.2316
vn 0.1302 0.9855 -0.1084
vn -0.0275 0.9885 -0.1490
vn 0.2647 0.9643 0.0116
vn -0.2831 0.4485 -0.8477
vn -0.0070 0.7519 -0.6593
vn -0.8811 0.0341 0.4717
vn -0.8323 -0.0766 0.5490
vn -0.8518 0.1279 0.5080
vn -0.8650 0.2132 0.4541
vn -0.7035 0.1562 0.6933
vn -0.7294 0.0938 0.6776
vn -0.6072 0.1096 0.7869
vn -0.6151 0.0659 0.7857
vn -0.4981 0.1265 0.8578
vn -0.4659 0.0749 0.8817
vn -0.3046 0.2109 0.9288
vn -0.2482 0.1182 0.9615
vn 0.0027 0.2732 0.9620
vn 0.0109 0.1543 0.9880
vn -0.8651 0.2132 0.4541
vn -0.5092 -0.0942 0.8555
vn -0.7158 0.1191 0.6881
vn -0.7367 0.2732 0.6186
vn -0.4708 0.0971 0.8769
vn -0.4896 0.7670 0.4148
vn -0.1889 0.3806 0.9052
vn -0.6520 -0.1359 0.7460
vn -0.7920 0.0660 0.6069
vn -0.9966 0.0066 0.0820
vn -0.9393 -0.0229 -0.3424
vn -0.2831 0.4485 -0.8478
vn -0.0069 0.7518 -0.6593
vn 0.2084 0.9421 -0.2626
vn -0.7822 -0.2764 0.5583
vn -0.6473 -0.3608 0.6714
vn -0.6305 -0.2754 0.7257
vn -0.8630 -0.1275 0.4888
vn -0.6033 0.0673 0.7947
vn -0.4593 0.1357 0.8778
vn -0.2524 0.2233 0.9415
vn -0.6943 -0.2114 0.6880
vn 0.3745 0.6935 0.6155
vn 0.4136 0.5374 0.7349
vn 0.6053 0.7601 0.2362
vn 0.1702 0.9854 -0.0035
vn 0.7060 0.6393 0.3048
vn 0.0350 0.9702 -0.2398
vn 0.1701 0.9854 -0.0035
vn 0.0166 0.9727 -0.2315
vn 0.3099 0.5670 -0.7632
vn 0.6354 0.7363 -0.2328
vn -0.8680 -0.1650 0.4683
vn -0.9429 -0.0312 0.3315
vn -0.3591 0.1411 0.9226
vn -0.6003 0.2716 0.7523
vn -0.3477 -0.1624 -0.9234
vn -0.0874 0.2161 -0.9724
vn 0.6559 0.6920 0.3016
vn 0.3131 0.5217 0.7936
vn -0.8740 -0.4132 0.2559
vn -0.6230 -0.4874 -0.6118
vn -0.7019 -0.1155 0.7028
vn -0.8740 -0.4132 0.2558
vn -0.6261 0.1687 0.7613
vn -0.9721 -0.0504 0.2291
vn -0.7461 0.1152 0.6558
vn -0.8311 0.1725 0.5286
vn -0.1765 0.1471 0.9733
vn -0.4436 0.0740 0.8932
vn -0.6252 0.0658 0.7776
vn 0.0484 0.2243 0.9733
vn -0.4435 0.0740 0.8932
vn -0.1318 0.1643 0.9776
vn -0.4785 0.0404 0.8771
vn -0.7461 0.1151 0.6558
vn -0.6243 -0.0826 0.7768
vn -0.8185 -0.0189 0.5742
vn 0.0797 0.2949 0.9522
vn -0.8311 0.1726 0.5286
vn -0.8372 0.2163 0.5023
vn -0.7920 0.0661 0.6069
vn -0.7158 0.1192 0.6880
vn -0.7390 0.0218 0.6734
vn -0.4571 0.0016 0.8894
vn -0.4389 -0.0987 0.8931
vn -0.6052 -0.3254 0.7265
vn -0.3525 -0.0236 -0.9355
vn -0.6115 -0.3415 -0.7137
vn -0.6417 -0.1549 -0.7512
vn -0.4114 0.1141 -0.9043
vn -0.8528 0.1414 0.5027
vn -0.5277 -0.3344 0.7808
vn -0.1580 0.2903 -0.9438
vn -0.2388 0.3387 -0.9101
vn -0.9259 -0.0356 0.3761
vn -0.4700 -0.2608 0.8433
vn 0.2030 0.5924 -0.7796
vn 0.0986 0.5796 -0.8089
vn -0.7205 -0.0260 0.6929
vn -0.3810 -0.1931 0.9042
vn 0.5733 0.7666 -0.2891
vn 0.5217 0.7718 -0.3635
vn 0.6198 0.7236 0.3038
vn 0.5931 0.7442 0.3073
vn 0.2327 0.4943 0.8375
vn 0.1547 0.4421 0.8835
vn -0.6080 0.0682 0.7910
vn -0.4002 -0.1126 0.9095
vn -0.9169 -0.3451 0.2004
vn -0.9342 -0.3314 0.1319
vn -0.9169 -0.3450 0.2004
vn -0.9342 -0.3314 0.1320
vn -0.8800 0.0687 0.4700
vn -0.9976 0.0643 0.0272
vn -0.8662 0.4742 0.1578
vn 0.1810 0.4618 0.8683
vn -0.3312 -0.0742 0.9406
vn 0.1906 0.6108 0.7685
vn -0.2306 0.0935 0.9686
vn -0.3451 0.8311 0.4362
vn -0.4338 0.0492 0.8996
vn -0.8734 0.4837 0.0571
vn -0.6884 -0.0941 0.7192
vn -0.9857 0.1266 -0.1110
vn -0.7142 -0.2449 0.6557
vn -0.9998 -0.0162 -0.0139
vn -0.4952 -0.3471 0.7964
vn -0.3727 -0.2646 0.8894
vn -0.9788 -0.0880 0.1850
vn -0.3563 -0.2279 0.9062
vn -0.9311 -0.2315 0.2820
vn -0.3915 -0.4053 0.8261
vn -0.4541 -0.3457 0.8212
vn -0.7757 -0.0318 -0.6303
vn -0.6817 0.1488 -0.7163
vn -0.9998 -0.0161 -0.0137
vn -0.5091 0.3212 -0.7985
vn -0.5696 0.3674 -0.7353
vn -0.3167 0.6365 -0.7032
vn -0.8734 0.4837 0.0572
vn 0.5678 0.7681 0.2960
vn 0.4667 0.8590 0.2106
vn 0.1043 0.9326 -0.3454
vn 0.4737 0.7845 -0.4002
vn -0.0403 0.5346 -0.8442
vn -0.7842 -0.5434 0.2995
vn -0.4174 -0.5601 0.7156
vn -0.5546 -0.2989 0.7765
vn -0.9046 -0.3434 0.2524
vn 0.2111 -0.0129 0.9774
vn 0.2078 -0.0042 0.9782
vn 0.2987 0.5778 0.7596
vn -0.0525 0.2100 0.9763
vn -0.4908 -0.2610 0.8313
vn -0.8872 -0.0332 0.4601
vn -0.9805 -0.0156 0.1959
vn -0.9570 0.2646 0.1190
vn -0.7367 0.2732 0.6185
vn -0.7849 0.0018 0.6196
vn -0.6604 0.7115 -0.2401
vn -0.3185 -0.1551 0.9352
vn 0.4298 0.7492 0.5040
vn 0.2898 0.1892 0.9382
vn -0.6095 -0.0610 0.7904
vn -0.9650 -0.1655 0.2032
vn -0.4896 0.7670 0.4149
vn 0.4356 0.8778 0.1991
vn 0.4298 0.7492 0.5039
vn 0.3641 0.8580 0.3622
vn 0.3977 0.8785 0.2648
vn -0.1807 0.8824 -0.4344
vn 0.0262 0.9689 -0.2460
vn -0.0000 0.9634 -0.2681
vn 0.0098 0.9980 -0.0625
vn 0.1555 0.9786 0.1346
vn -0.0000 0.7997 -0.6004
vn -0.0000 0.9634 -0.2682
vn -0.0000 0.5570 -0.8305
vn 0.0013 0.2937 -0.9559
vn -0.0012 0.1054 -0.9944
vn -0.0024 0.2069 -0.9784
vn -0.0102 0.7849 -0.6195
vn -0.0000 -0.8814 0.4723
vn -0.0061 -0.1707 -0.9853
vn -0.0263 0.9499 -0.3114
vn -0.8089 -0.1334 -0.5726
vn -0.7661 0.1696 -0.6199
vn -0.9047 0.4161 0.0912
vn -0.9797 0.0670 0.1889
vn -0.8868 0.4495 0.1077
vn -0.9767 0.0966 0.1914
vn -0.8914 0.4084 0.1966
vn -0.9739 0.0536 0.2204
vn -0.9107 0.2613 0.3199
vn -0.9760 -0.0616 0.2088
vn -0.9126 0.2112 0.3500
vn -0.9764 -0.0838 0.1993
vn -0.8971 0.2398 0.3711
vn -0.9781 -0.0907 0.1873
vn -0.8896 0.2174 0.4017
vn -0.9900 -0.1015 0.0979
vn -0.9196 0.0069 0.3927
vn -0.9966 -0.0767 -0.0284
vn -0.9248 -0.0864 0.3705
vn -0.9978 -0.0197 -0.0626
vn -0.9342 -0.0108 0.3567
vn -0.9938 0.0709 -0.0857
vn -0.9304 0.0789 0.3579
vn -0.9628 0.2517 -0.0981
vn -0.9292 0.0997 0.3558
vn -0.9013 0.4328 0.0170
vn -0.9440 0.1423 0.2977
vn -0.8723 0.4777 0.1046
vn -0.6164 0.4105 -0.6719
vn -0.6697 0.7426 0.0104
vn -0.6583 0.7519 0.0376
vn -0.6845 0.7149 0.1431
vn -0.7207 0.5523 0.4190
vn -0.7460 0.4498 0.4911
vn -0.7500 0.4751 0.4602
vn -0.6965 0.5051 0.5097
vn -0.7493 0.0858 0.6567
vn -0.7398 -0.1418 0.6577
vn -0.7560 -0.0401 0.6533
vn -0.7638 -0.0054 0.6454
vn -0.8100 -0.1508 0.5667
vn -0.8770 -0.2066 0.4337
vn -0.9061 -0.0870 0.4141
vn -0.9292 0.2830 0.2378
vn -0.3310 -0.5678 0.7537
vn 0.0171 -0.5929 0.8051
vn -0.0001 -0.5182 0.8553
vn -0.2964 -0.4644 0.8346
vn 0.0061 -0.9098 -0.4150
vn -0.4974 -0.7579 -0.4220
vn -0.5318 -0.7355 0.4198
vn 0.0017 -0.8844 0.4668
vn -0.5219 -0.7461 0.4134
vn 0.0090 -0.8969 0.4421
vn -0.5339 -0.8102 0.2420
vn 0.0312 -0.9756 0.2172
vn -0.5309 -0.8463 -0.0440
vn 0.0440 -0.9916 -0.1217
vn -0.5428 -0.8069 -0.2329
vn 0.0245 -0.9383 -0.3450
vn -0.5219 -0.7596 -0.3881
vn 0.0373 -0.8508 -0.5241
vn -0.4881 -0.6157 -0.6186
vn 0.0593 -0.6424 -0.7640
vn -0.4827 -0.3050 -0.8210
vn 0.0688 -0.3054 -0.9497
vn -0.5363 0.0015 -0.8440
vn 0.0365 0.0151 -0.9992
vn -0.5788 0.2852 -0.7639
vn 0.0222 0.3241 -0.9458
vn -0.5532 0.4961 -0.6692
vn -0.0146 0.5440 -0.8389
vn -0.4292 0.7264 -0.5367
vn -0.0509 0.6643 -0.7457
vn -0.4655 0.8269 -0.3156
vn -0.1027 0.8629 -0.4948
vn -0.4676 0.8570 -0.2165
vn -0.0500 0.9478 -0.3150
vn -0.8464 0.5215 0.1083
vn -0.6941 -0.4914 -0.5260
vn -0.8796 -0.3569 0.3147
vn -0.8975 -0.3213 0.3020
vn -0.8969 -0.3777 0.2300
vn -0.8887 -0.4517 0.0788
vn -0.8938 -0.4483 -0.0123
vn -0.8808 -0.4626 -0.1012
vn -0.8559 -0.4193 -0.3027
vn -0.8512 -0.2031 -0.4839
vn -0.8731 0.0011 -0.4875
vn -0.8551 0.1901 -0.4824
vn -0.7662 0.4266 -0.4805
vn -0.6837 0.6586 -0.3144
vn -0.7040 0.7002 -0.1188
vn -0.7278 0.6844 -0.0444
vn -0.4006 0.6128 -0.6812
vn -0.3820 0.9235 -0.0355
vn -0.3811 0.9245 -0.0062
vn -0.4132 0.9061 0.0909
vn -0.4709 0.7498 0.4649
vn -0.5118 0.5948 0.6199
vn -0.5598 0.6353 0.5320
vn -0.4160 0.8564 0.3058
vn -0.6218 0.3143 0.7173
vn -0.5488 -0.1826 0.8158
vn -0.5745 -0.0293 0.8180
vn -0.5591 -0.1121 0.8215
vn -0.6286 -0.3358 0.7015
vn -0.6855 -0.4607 0.5637
vn -0.6616 -0.4398 0.6074
vn -0.6220 -0.3571 0.6969
vn -0.1786 0.6723 -0.7185
vn -0.1441 0.9882 -0.0515
vn -0.1553 0.9876 -0.0233
vn -0.1745 0.9811 0.0835
vn -0.2473 0.8305 0.4991
vn -0.2749 0.6623 0.6970
vn -0.3024 0.7413 0.5992
vn -0.1394 0.9692 -0.2029
vn -0.5360 0.8072 0.2471
vn -0.3103 -0.2010 0.9291
vn -0.3356 -0.0179 0.9418
vn -0.3416 -0.2050 0.9172
vn -0.3678 -0.5132 0.7755
vn -0.3838 -0.6078 0.6952
vn -0.4115 0.9044 -0.1126
vn 0.0175 0.9915 -0.1288
vn -0.0079 0.7101 -0.7040
vn -0.0022 0.9988 -0.0499
vn -0.0099 0.9994 -0.0326
vn 0.0271 0.9930 0.1148
vn -0.0407 0.8485 0.5277
vn -0.0110 0.6895 0.7242
vn 0.0036 0.7825 0.6226
vn 0.1422 0.8970 -0.4186
vn -0.5209 -0.8423 -0.1387
vn -0.0162 -0.1891 0.9818
vn 0.0171 -0.0286 0.9994
vn -0.0007 -0.2472 0.9690
vn 0.0372 -0.5899 0.8066
vn 0.0685 -0.6624 0.7460
vn -0.5337 -0.1555 0.8312
vn -0.8119 -0.0000 0.5838
vn -0.5492 0.8345 0.0439
vn 0.0350 0.9936 0.1072
vn -0.0068 -0.3365 0.9416
vn 0.2168 0.3508 0.9110
vn -0.5953 0.2764 0.7545
vn -0.6623 0.7313 0.1629
vn 0.1397 0.9765 0.1643
vn -0.8680 0.3817 0.3174
vn -0.4323 0.8334 0.3442
vn 0.3665 0.8274 0.4256
vn 0.6890 -0.6726 -0.2701
vn 0.5325 -0.6186 0.5778
vn 0.4219 -0.5899 0.6885
vn 0.8220 -0.4478 0.3519
vn 0.3848 -0.1060 0.9169
vn 0.3933 -0.1615 0.9051
vn 0.4083 0.3920 0.8244
vn 0.4729 0.4061 0.7819
vn 0.4083 0.3921 0.8244
vn 0.5350 0.8008 0.2694
vn 0.5039 0.8115 0.2958
vn 0.4730 0.4062 0.7819
vn 0.5300 0.6863 -0.4981
vn 0.4719 0.7292 -0.4956
vn 0.4654 0.2458 -0.8503
vn 0.5237 0.3669 -0.7688
vn 0.5598 -0.1816 -0.8085
vn 0.8333 0.3281 -0.4449
vn 0.8334 0.3280 -0.4449
vn 0.8034 -0.5676 -0.1801
vn 0.7095 -0.4318 0.5569
vn 0.5495 -0.0653 0.8329
vn 0.5459 0.3563 0.7583
vn 0.6486 0.7036 0.2903
vn 0.6814 0.6260 -0.3793
vn 0.6031 0.1823 -0.7766
vn 0.6463 -0.2489 -0.7214
vn 0.6463 -0.2490 -0.7213
vn 0.8860 -0.2042 0.4163
vn 0.7403 -0.0438 0.6708
vn 0.9794 0.0790 0.1858
vn 0.8089 0.2306 0.5408
vn 0.9794 0.0791 0.1858
vn 0.8986 0.4200 -0.1266
vn 0.8105 0.5190 0.2714
vn 0.8089 0.2307 0.5408
vn 0.8720 0.1783 -0.4558
vn 0.9530 -0.0972 -0.2868
vn 0.9500 -0.3123 0.0011
vn 0.8620 -0.0104 0.5068
vn 0.9071 0.4207 0.0105
vn 0.3741 -0.6706 0.6406
vn 0.4221 -0.6319 0.6500
vn 0.2534 -0.8939 0.3699
vn -0.0643 -0.9555 0.2877
vn -0.0575 -0.7574 -0.6504
vn -0.2644 -0.8679 -0.4205
vn -0.2644 -0.8679 -0.4206
vn -0.1667 -0.2318 -0.9584
vn -0.1265 -0.2796 -0.9517
vn 0.1437 0.2595 -0.9550
vn 0.2478 0.1978 -0.9484
vn 0.5598 0.4891 -0.6689
vn 0.6880 0.4699 -0.5530
vn 0.9071 0.4207 0.0104
vn 0.4988 -0.8614 -0.0956
vn 0.1757 -0.9709 0.1629
vn 0.0475 -0.8580 -0.5115
vn 0.4658 -0.7176 -0.5178
vn 0.0476 -0.8579 -0.5115
vn 0.1576 -0.3536 -0.9220
vn 0.4213 -0.4241 -0.8016
vn 0.3743 0.0209 -0.9271
vn 0.5973 -0.1991 -0.7769
vn 0.7420 0.2074 -0.6375
vn 0.7769 -0.0238 -0.6292
vn 0.9793 0.1702 -0.1095
vn 0.9367 -0.1457 -0.3184
vn 0.9367 -0.1458 -0.3184
vn 0.9793 0.1702 -0.1094
vn 0.9294 -0.1644 0.3305
vn 0.9451 -0.3257 0.0280
vn 0.5606 -0.6714 0.4847
vn 0.7699 -0.6369 0.0397
vn 0.7784 -0.4406 -0.4471
vn 0.7784 -0.4405 -0.4472
vn 0.5257 -0.5710 -0.6306
vn 0.7179 -0.6853 0.1224
vn 0.8480 -0.5244 0.0768
vn 0.6770 -0.4493 -0.5830
vn 0.4566 -0.5782 0.6761
vn 0.5734 -0.5822 0.5764
vn 0.0069 -0.6617 0.7497
vn 0.1697 -0.7439 0.6464
vn -0.4950 -0.8239 0.2759
vn -0.2379 -0.9338 0.2674
vn 0.2356 -0.4403 -0.8664
vn 0.1017 -0.4142 -0.9045
vn 0.5256 -0.5710 -0.6306
vn -0.1100 -0.5644 -0.8181
vn -0.2439 -0.4736 -0.8463
vn -0.3403 -0.8336 -0.4350
vn -0.5425 -0.7059 -0.4555
vn -0.5425 -0.7059 -0.4554
vn -0.3403 -0.8337 -0.4350
vn 0.3549 -0.6891 0.6317
vn -0.0211 -0.7814 0.6237
vn -0.5927 -0.7812 0.1960
vn -0.6371 -0.6294 -0.4449
vn -0.6371 -0.6294 -0.4450
vn -0.3251 -0.4343 -0.8401
vn -0.0579 -0.4191 -0.9061
vn 0.5772 -0.7627 0.2918
vn 0.7826 -0.6225 0.0039
vn 0.6166 -0.6355 -0.4647
vn 0.6166 -0.6355 -0.4648
vn 0.3089 -0.5779 -0.7554
vn 0.1278 -0.7606 -0.6365
vn -0.0667 -0.9130 -0.4024
vn 0.0927 -0.9944 0.0507
vn -0.0667 -0.9131 -0.4023
vn 0.3031 -0.8542 0.4224
vn 0.4022 -0.8942 -0.1966
vn 0.1279 -0.7606 -0.6365
vn 0.3951 -0.6482 0.6509
vn 0.4773 0.4665 -0.7447
vn 0.4915 0.7330 -0.4703
vn 0.5703 0.7793 0.2599
vn 0.5860 0.3473 0.7321
vn 0.5861 0.3473 0.7321
vn 0.5476 -0.2638 0.7941
vn 0.6379 0.1574 0.7539
vn 0.7030 -0.4143 0.5780
vn 0.3686 -0.8006 0.4724
vn 0.2547 0.3127 -0.9150
vn 0.5034 0.6987 -0.5083
vn 0.5953 0.7778 0.2016
vn 0.5008 0.5080 0.7008
vn 0.5008 0.5078 0.7010
vn 0.3692 0.3533 0.8596
vn -0.0754 -0.2159 -0.9735
vn -0.3375 -0.4759 -0.8122
vn -0.5999 -0.6800 -0.4216
vn -0.5999 -0.6800 -0.4215
vn -0.5728 -0.8171 0.0647
vn -0.2974 -0.8638 0.4068
vn -0.0867 -0.9046 0.4173
vn 0.3020 0.3904 0.8697
vn 0.7117 0.1692 0.6818
vn 0.8408 -0.3849 0.3807
vn 0.4906 -0.8520 0.1828
vn -0.0555 -0.9582 0.2805
vn 0.0733 0.2519 0.9650
vn -0.1085 0.3042 0.9464
vn -0.3070 -0.1348 0.9421
vn -0.4334 -0.0237 0.9009
vn -0.4347 -0.6324 0.6411
vn -0.4748 -0.5915 0.6516
vn 0.7701 -0.3142 0.5552
vn 0.7074 0.1648 0.6873
vn 0.3091 0.3154 0.8972
vn -0.0995 0.3166 0.9433
vn -0.2727 -0.0437 0.9611
vn -0.3656 -0.5390 0.7588
vn 0.0992 -0.8170 0.5680
vn 0.5511 -0.7790 0.2991
vn 0.3147 -0.1842 0.9311
vn -0.4745 -0.8104 0.3437
vn -0.5593 -0.8282 -0.0366
vn -0.5321 -0.7509 -0.3912
vn -0.5321 -0.7509 -0.3913
vn -0.3553 -0.5455 -0.7591
vn -0.0546 -0.1841 -0.9814
vn 0.2507 0.2732 -0.9287
vn 0.5005 0.7030 -0.5052
vn 0.5583 0.8057 0.1980
vn 0.3838 0.5388 0.7499
vn 0.3837 0.5384 0.7503
vn -0.1151 -0.1051 -0.9878
vn -0.0948 -0.1407 -0.9855
vn -0.3712 -0.5210 -0.7686
vn -0.3982 -0.4770 -0.7835
vn -0.5407 -0.7464 -0.3880
vn -0.5823 -0.7189 -0.3795
vn -0.5839 -0.7142 -0.3859
vn -0.5421 -0.7427 -0.3931
vn -0.5903 -0.8070 -0.0199
vn -0.6386 -0.7687 0.0348
vn -0.5633 -0.7284 0.3900
vn -0.5954 -0.6559 0.4641
vn -0.4309 -0.4613 0.7756
vn -0.4219 -0.3810 0.8227
vn -0.1926 -0.1212 0.9738
vn -0.1903 -0.0721 0.9791
vn 0.0737 0.2021 0.9766
vn 0.0651 0.2574 0.9641
vn 0.3532 0.5772 0.7363
vn 0.3519 0.6314 0.6910
vn 0.3459 0.6336 0.6921
vn 0.3515 0.5781 0.7364
vn 0.5297 0.8308 0.1710
vn 0.5207 0.8460 0.1149
vn 0.4700 0.7109 -0.5233
vn 0.4494 0.7136 -0.5374
vn 0.2064 0.2949 -0.9330
vn 0.1820 0.3105 -0.9330
vn -0.4747 -0.8103 0.3436
vn 0.0732 0.2518 0.9650
vn 0.3838 0.5385 0.7501
vn 0.3839 0.5388 0.7499
vn 0.5601 0.8037 0.2009
vn 0.5082 0.7020 -0.4990
vn 0.2570 0.2689 -0.9282
vn -0.0523 -0.1859 -0.9812
vn -0.3565 -0.5452 -0.7587
vn -0.5332 -0.7509 -0.3898
vn -0.5336 -0.7499 -0.3910
vn -0.5603 -0.8275 -0.0366
vn -0.6529 -0.7381 0.1699
vn -0.6566 -0.7470 0.1039
vn -0.5871 -0.6005 0.5428
vn -0.5491 -0.5742 0.6073
vn -0.6122 -0.7071 -0.3538
vn -0.6027 -0.7062 -0.3717
vn -0.4012 -0.4559 -0.7944
vn -0.4024 -0.4576 -0.7929
vn -0.6020 -0.7091 -0.3670
vn -0.6119 -0.7084 -0.3516
vn -0.1067 -0.1000 -0.9892
vn -0.1138 -0.0940 -0.9890
vn 0.2092 0.3062 -0.9287
vn 0.1911 0.3119 -0.9307
vn 0.4808 0.6911 -0.5397
vn 0.4629 0.7046 -0.5379
vn 0.5587 0.8278 0.0513
vn 0.5363 0.8401 0.0808
vn 0.4177 0.6669 0.6171
vn 0.3710 0.6613 0.6519
vn 0.1465 0.3282 0.9332
vn 0.0912 0.3085 0.9468
vn 0.3765 0.6599 0.6502
vn 0.4195 0.6659 0.6168
vn -0.1133 -0.0027 0.9936
vn -0.1676 -0.0246 0.9855
vn -0.3489 -0.3043 0.8864
vn -0.3994 -0.3257 0.8570
vn -0.6523 -0.7199 0.2374
vn -0.6497 -0.7286 0.2170
vn -0.5109 -0.5605 0.6519
vn -0.4837 -0.5566 0.6755
vn -0.6494 -0.6995 -0.2982
vn -0.6266 -0.7072 -0.3275
vn -0.4382 -0.4623 -0.7709
vn -0.4095 -0.4582 -0.7889
vn -0.6264 -0.7075 -0.3273
vn -0.6495 -0.6993 -0.2985
vn -0.1348 -0.1010 -0.9857
vn -0.1102 -0.1019 -0.9887
vn 0.1780 0.3067 -0.9350
vn 0.2082 0.3077 -0.9284
vn 0.4544 0.6569 -0.6017
vn 0.4769 0.6764 -0.5613
vn 0.5961 0.7986 -0.0831
vn 0.5787 0.8155 -0.0074
vn 0.5334 0.6818 0.5006
vn 0.4741 0.6732 0.5675
vn 0.2775 0.3531 0.8935
vn 0.2107 0.3384 0.9171
vn 0.4745 0.6731 0.5673
vn 0.5329 0.6818 0.5011
vn 0.0175 0.0324 0.9993
vn -0.0475 0.0157 0.9987
vn -0.2341 -0.2707 0.9338
vn -0.2884 -0.2890 0.9129
vn 0.9255 -0.3265 0.1917
vn 0.1530 -0.9362 0.3163
vn 0.3553 -0.5321 0.7685
vn 0.8055 -0.1869 0.5624
vn 0.7911 -0.4590 -0.4043
vn -0.0280 -0.9614 -0.2737
vn 0.4321 -0.4068 -0.8049
vn -0.0535 -0.6439 -0.7633
vn -0.0438 -0.9614 -0.2717
vn 0.7920 -0.4575 -0.4043
vn 0.2859 -0.1230 -0.9503
vn 0.0120 -0.1730 -0.9849
vn 0.3920 0.1071 -0.9137
vn 0.1506 0.2607 -0.9536
vn 0.3041 0.5416 -0.7837
vn 0.3010 0.5754 -0.7605
vn 0.5172 0.6938 -0.5012
vn 0.5162 0.7353 -0.4392
vn 0.6765 0.7257 0.1252
vn 0.6393 0.7416 0.2034
vn 0.5297 0.5184 0.6714
vn 0.4788 0.4897 0.7286
vn 0.6365 0.7430 0.2069
vn 0.6751 0.7262 0.1301
vn 0.6547 0.1219 0.7460
vn 0.3783 0.2117 0.9012
vn 0.6583 0.0715 0.7494
vn 0.3867 -0.1029 0.9165
vn -0.4549 -0.5588 0.6934
vn -0.1757 -0.2540 0.9511
vn 0.0837 0.0575 0.9948
vn 0.3437 0.3925 0.8531
vn 0.5793 0.7020 0.4142
vn 0.5801 0.7020 0.4132
vn 0.5930 0.7821 -0.1913
vn 0.4075 0.6250 -0.6658
vn 0.1400 0.2896 -0.9468
vn -0.1613 -0.1248 -0.9790
vn -0.4688 -0.4991 -0.7288
vn -0.6539 -0.7086 -0.2652
vn -0.6534 -0.7093 -0.2644
vn -0.6418 -0.7287 0.2390
vn -0.1525 -0.1584 -0.9755
vn -0.4436 -0.5703 -0.6914
vn -0.6183 -0.7521 -0.2281
vn -0.6170 -0.7537 -0.2265
vn -0.5957 -0.7636 0.2492
vn -0.3278 -0.5830 0.7434
vn 0.0027 -0.2331 0.9725
vn 0.2034 0.1145 0.9724
vn 0.3994 0.4458 0.8011
vn 0.5986 0.7339 0.3211
vn 0.6001 0.7336 0.3191
vn 0.5442 0.7755 -0.3201
vn 0.3343 0.6028 -0.7245
vn 0.1058 0.2741 -0.9559
vn 0.7547 0.0093 0.6560
vn 0.8243 -0.2037 0.5282
vn 0.9106 -0.2267 0.3456
vn 0.8694 0.0508 0.4915
vn 0.3680 -0.0027 0.9298
vn 0.4080 -0.0814 0.9093
vn 0.6733 -0.0829 0.7347
vn 0.6266 -0.0234 0.7790
vn 0.4066 -0.0270 0.9132
vn 0.4525 -0.1117 0.8848
vn 0.0273 -0.0270 -0.9993
vn 0.0007 -0.0299 -0.9996
vn 0.0263 -0.1013 -0.9945
vn 0.2892 -0.1218 -0.9495
vn 0.3241 -0.0938 -0.9414
vn 0.2742 -0.0149 -0.9616
vn 0.3920 0.1084 -0.9135
vn 0.7939 -0.4547 -0.4038
vn 0.6046 -0.1685 -0.7785
vn 0.4094 -0.1905 -0.8922
vn 0.4305 -0.4095 -0.8043
vn 0.7165 -0.0580 -0.6952
vn 0.3374 -0.0024 -0.9414
vn 0.2624 -0.0562 -0.9633
vn 0.4953 0.0334 0.8681
vn 0.7418 0.0396 0.6695
vn 0.6941 0.0826 0.7152
vn 0.4673 0.0448 0.8830
vn 0.7566 0.1229 0.6422
vn 0.6567 0.0716 0.7507
vn 0.6552 0.1175 0.7462
vn 0.8726 0.0324 0.4873
vn 0.8020 -0.1874 0.5672
vn 0.8278 0.0410 0.5595
vn 0.9201 -0.0412 0.3894
vn 0.9248 -0.3264 0.1957
vn 0.9594 -0.0089 0.2820
vn 0.8089 -0.0010 0.5880
vn 0.7094 0.2242 0.6682
vn 0.0211 -0.0940 -0.9953
vn 0.0001 0.0302 -0.9995
vn 0.0187 0.0398 -0.9990
vn -0.1335 0.7187 0.6824
vn 0.1102 0.8817 0.4587
vn 0.1900 0.7592 0.6225
vn 0.1075 0.5634 0.8192
vn 0.1635 -0.0947 -0.9820
vn 0.1562 0.0456 -0.9867
vn 0.1960 -0.1177 -0.9735
vn 0.0257 0.0364 -0.9990
vn 0.0006 0.0356 -0.9994
vn 0.9574 -0.0625 -0.2820
vn 0.7681 0.1467 0.6234
vn 0.3109 0.0024 0.9504
vn 0.3446 0.0154 0.9386
vn 0.3002 -0.0472 0.9527
vn 0.5551 -0.0194 0.8316
vn 0.9989 -0.0396 0.0235
vn 0.6844 0.4353 0.5849
vn 0.8586 -0.0438 0.5107
vn 0.6849 0.3826 0.6201
vn 0.9182 -0.2394 0.3156
vn 0.8620 0.5070 0.0044
vn 0.8528 -0.1636 -0.4959
vn 0.6848 0.2737 -0.6754
vn 0.7707 0.1415 -0.6212
vn 0.6431 0.5361 -0.5468
vn 0.5928 0.2913 -0.7508
vn 0.1873 0.2517 -0.9495
vn 0.1666 0.2729 -0.9475
vn -0.0001 0.2010 -0.9796
vn 0.0360 0.2157 -0.9758
vn 0.0716 -0.1034 -0.9921
vn 0.0594 -0.0963 -0.9936
vn 0.3881 0.0508 -0.9202
vn 0.7450 0.0492 -0.6653
vn 0.9564 0.0727 -0.2830
vn 0.9972 0.0743 0.0123
vn 0.9656 0.0488 0.2555
vn 0.8378 -0.0035 0.5459
vn 0.5891 -0.0679 0.8052
vn 0.3143 -0.1118 0.9427
vn 0.3007 -0.1368 0.9439
vn 0.3191 -0.1194 0.9402
vn 0.4882 0.0438 0.8716
vn 0.5829 -0.0347 0.8118
vn 0.6752 0.3729 0.6364
vn 0.8186 0.1034 0.5649
vn 0.8905 0.3385 0.3038
vn 0.9343 0.2096 0.2883
vn 0.9168 0.3981 0.0329
vn 0.9644 0.2628 0.0279
vn 0.7748 0.4502 -0.4438
vn 0.9188 0.2363 -0.3162
vn 0.6704 0.2046 -0.7132
vn 0.7143 0.1573 -0.6820
vn 0.4087 0.1350 -0.9026
vn 0.3967 0.1224 -0.9097
vn 0.1330 0.0849 -0.9875
vn 0.1081 0.0292 -0.9937
vn 0.2339 0.1808 -0.9553
vn 0.1723 0.1570 -0.9725
vn 0.2657 -0.1900 0.9451
vn 0.3580 -0.0223 0.9334
vn 0.7265 0.2603 0.6359
vn 0.7102 0.5816 0.3967
vn 0.5113 0.7663 0.3891
vn 0.7534 0.6299 -0.1885
vn 0.4574 0.8881 0.0465
vn 0.6376 0.4283 -0.6403
vn 0.6130 0.2410 -0.7524
vn 0.3927 0.1346 -0.9098
vn 0.1117 0.2333 -0.9660
vn 0.1429 0.2192 -0.9652
vn 0.0045 0.2354 -0.9719
vn 0.0122 0.2526 -0.9675
vn 0.6380 0.4737 -0.6071
vn 0.3899 0.1018 -0.9152
vn 0.7751 0.1897 -0.6027
vn 0.3324 -0.0355 -0.9425
vn 0.1903 -0.1721 -0.9665
vn 0.6628 -0.4351 -0.6094
vn 0.8036 -0.1333 -0.5801
vn 0.4416 -0.6740 -0.5922
vn 0.0654 -0.3306 -0.9415
vn -0.0219 -0.3899 -0.9206
vn -0.0840 -0.8005 -0.5934
vn 0.3183 -0.1963 0.9274
vn 0.7603 -0.1742 0.6258
vn 0.2069 -0.2487 0.9462
vn 0.9558 0.0003 0.2939
vn 0.9864 0.1149 -0.1174
vn 0.7661 0.0930 -0.6360
vn 0.6074 0.1996 -0.7689
vn 0.1001 -0.3204 0.9420
vn 0.2228 -0.1693 0.9600
vn 0.6001 -0.1265 0.7898
vn 0.9378 -0.1714 0.3018
vn 0.9855 -0.1301 -0.1092
vn 0.8621 -0.0045 -0.5067
vn 0.6362 0.0671 -0.7686
vn -0.0703 -0.5601 0.8254
vn -0.3368 -0.8365 0.4323
vn -0.4780 -0.8775 0.0391
vn -0.1223 -0.1319 0.9837
vn -0.6965 -0.4143 0.5859
vn -0.9155 -0.3956 0.0737
vn -0.4332 -0.8732 -0.2232
vn -0.4791 -0.8770 0.0365
vn 0.0006 -0.9999 0.0131
vn -0.0006 -0.9812 -0.1931
vn -0.2783 -0.8213 -0.4980
vn -0.0003 -0.8737 -0.4864
vn -0.0890 -0.6245 -0.7759
vn -0.0035 -0.6626 -0.7489
vn -0.9168 -0.3930 0.0711
vn -0.8467 -0.4507 -0.2828
vn -0.6414 -0.5824 -0.4994
vn -0.2540 -0.4870 -0.8357
vn 0.4218 0.1140 0.8995
vn 0.8974 0.1253 0.4232
vn 0.9962 0.0774 -0.0405
vn 0.9159 0.0707 -0.3951
vn 0.6461 0.0368 -0.7623
vn -0.3393 0.1045 0.9349
vn 0.2891 0.2743 0.9172
vn -0.8136 -0.0420 0.5799
vn -0.9860 -0.1004 0.1328
vn -0.9717 -0.1283 -0.1982
vn -0.9862 -0.1012 0.1307
vn -0.8340 -0.2704 -0.4809
vn -0.4270 -0.3531 -0.8325
vn 0.8293 0.3231 0.4560
vn 0.9710 0.2386 -0.0162
vn 0.9313 0.1549 -0.3297
vn 0.7157 0.0695 -0.6950
vn 0.2194 -0.1272 -0.9673
vn -0.4194 -0.3584 -0.8340
vn 0.2238 -0.1202 -0.9672
vn -0.8587 -0.1777 -0.4807
vn -0.8265 -0.2896 -0.4827
vn -0.9718 -0.1289 -0.1973
vn -0.9904 -0.0681 -0.1206
vn -0.9734 -0.0431 0.2251
vn -0.9862 -0.1004 0.1317
vn -0.8139 -0.0417 0.5795
vn -0.9860 -0.0999 0.1333
vn -0.9730 -0.0427 0.2266
vn -0.7706 -0.0085 0.6373
vn -0.3420 0.0973 0.9346
vn -0.3419 0.1048 0.9339
vn 0.2424 0.2590 0.9350
vn 0.2887 0.2743 0.9173
vn 0.8292 0.3231 0.4561
vn 0.7739 0.3571 0.5231
vn 0.9591 0.2830 -0.0009
vn 0.9710 0.2385 -0.0163
vn 0.9309 0.1545 -0.3310
vn 0.9323 0.1817 -0.3127
vn 0.7833 0.0678 -0.6179
vn 0.7198 0.0788 -0.6897
vn 0.7126 0.0785 -0.6972
vn 0.7778 0.0626 -0.6254
vn -0.9049 -0.0580 -0.4216
vn -0.9996 -0.0279 -0.0040
vn -0.9313 -0.0497 0.3610
vn -0.9311 -0.0497 0.3614
vn -0.6895 -0.0565 0.7220
vn -0.3070 0.0098 0.9517
vn 0.1884 0.1213 0.9746
vn 0.7445 0.2341 0.6252
vn 0.9722 0.2318 0.0332
vn 0.9290 0.1535 -0.3367
vn 0.8036 0.0492 -0.5931
vn 0.8014 0.0507 -0.5960
vn -0.3276 -0.1169 0.9376
vn 0.1863 -0.0797 0.9793
vn 0.8078 0.0059 0.5894
vn 0.9949 0.0769 -0.0653
vn 0.8999 0.0686 -0.4307
vn 0.7390 0.0278 -0.6731
vn 0.7390 0.0278 -0.6732
vn 0.2861 0.0300 -0.9577
vn -0.4187 0.0498 -0.9068
vn -0.8745 0.0316 -0.4841
vn -0.9991 -0.0052 -0.0433
vn -0.9341 -0.0593 0.3522
vn -0.9340 -0.0594 0.3523
vn -0.6922 -0.1109 0.7131
vn -0.9127 0.0513 0.4055
vn -0.5457 0.1226 0.8290
vn -0.5513 -0.0730 0.8311
vn -0.9175 -0.0061 0.3976
vn -0.0575 0.1780 0.9823
vn -0.0728 -0.1589 0.9846
vn 0.3848 0.2316 0.8935
vn 0.3656 -0.2173 0.9051
vn 0.8286 0.1931 0.5256
vn 0.8233 -0.2041 0.5297
vn 0.9872 0.1303 0.0924
vn 0.9912 -0.1139 0.0669
vn 0.9646 0.0573 -0.2573
vn 0.9635 -0.0111 -0.2676
vn 0.7160 -0.0496 -0.6964
vn 0.7209 0.0740 -0.6891
vn 0.7156 -0.0492 -0.6968
vn 0.1307 -0.1347 -0.9822
vn 0.1477 0.1081 -0.9831
vn 0.7209 0.0739 -0.6891
vn -0.4758 -0.1420 -0.8680
vn -0.4779 0.0870 -0.8741
vn -0.8631 -0.0866 -0.4975
vn -0.8659 0.0560 -0.4970
vn -0.9983 -0.0166 -0.0558
vn -0.9975 0.0294 -0.0649
vn -0.9125 0.0495 0.4060
vn -0.9176 -0.0064 0.3974
vn 0.2842 -0.4056 0.8688
vn 0.7978 -0.3807 0.4674
vn 0.8252 -0.2426 0.5101
vn 0.2228 -0.2924 0.9300
vn 0.9742 -0.2198 -0.0504
vn 0.9886 -0.1030 -0.1101
vn 0.9206 -0.0426 -0.3881
vn 0.8845 0.0007 -0.4665
vn 0.6806 0.1218 -0.7224
vn 0.6787 0.0685 -0.7312
vn 0.6806 0.1219 -0.7225
vn 0.1645 0.2156 -0.9625
vn 0.2083 0.1340 -0.9688
vn -0.4414 0.1968 -0.8755
vn -0.4131 0.1465 -0.8988
vn -0.8532 0.1156 -0.5086
vn -0.8540 0.0894 -0.5125
vn -0.9960 0.0395 -0.0804
vn -0.9971 0.0183 -0.0742
vn -0.9334 -0.0449 0.3561
vn -0.9394 -0.0596 0.3375
vn -0.9333 -0.0450 0.3561
vn -0.6275 -0.1730 0.7592
vn -0.6816 -0.1555 0.7150
vn -0.9394 -0.0596 0.3376
vn -0.1986 -0.3103 0.9296
vn -0.3005 -0.2398 0.9231
vn -0.1336 0.4608 0.8774
vn 0.4274 0.5581 0.7112
vn 0.7986 0.4577 0.3909
vn 0.9617 0.2110 -0.1747
vn 0.9256 0.0286 -0.3775
vn 0.6185 -0.1337 -0.7744
vn 0.6173 -0.1329 -0.7754
vn 0.0549 -0.2548 -0.9654
vn -0.4760 -0.2959 -0.8282
vn -0.8386 -0.2411 -0.4884
vn -0.9914 -0.1000 -0.0840
vn -0.9495 0.1043 0.2961
vn -0.9519 0.1070 0.2872
vn -0.6243 0.3380 0.7043
vn -0.1351 0.6844 0.7165
vn 0.4465 0.6028 0.6612
vn -0.0502 0.7458 0.6642
vn -0.0057 0.3367 0.9416
vn 0.5326 0.3573 0.7673
vn 0.5685 0.6036 0.5590
vn 0.0810 -0.2108 0.9742
vn 0.6608 -0.1248 0.7401
vn 0.0810 -0.2109 0.9742
vn 0.1534 -0.7413 0.6535
vn 0.5794 -0.5991 0.5526
vn -0.4957 -0.1618 0.8533
vn -0.3578 -0.6257 0.6932
vn -0.4740 0.3034 0.8266
vn -0.4957 -0.1617 0.8533
vn -0.6415 0.4114 0.6475
vn -0.3851 0.3868 0.8379
vn -0.8011 -0.2093 0.5607
vn -0.7766 -0.1449 0.6131
vn 0.8774 -0.0723 0.4743
vn 0.8728 -0.0142 0.4880
vn 0.8778 -0.0715 0.4736
vn 0.6467 -0.6946 0.3152
vn 0.3821 -0.8438 0.3768
vn 0.8739 -0.0136 0.4859
vn 0.1551 -0.9571 0.2449
vn 0.0778 -0.9910 0.1089
vn -0.4286 -0.8120 0.3961
vn -0.1114 -0.9469 0.3016
vn -0.7755 -0.1476 0.6138
vn -0.7997 -0.2114 0.5619
vn -0.2891 0.5224 0.8022
vn -0.7071 0.5177 0.4816
vn -0.7827 0.4994 0.3714
vn -0.7357 0.2791 0.6171
vn -0.4390 0.1847 0.8793
vn -0.3053 0.5194 0.7982
vn -0.8694 -0.0888 0.4861
vn -0.5238 -0.1885 0.8307
vn -0.8694 -0.0886 0.4862
vn -0.7788 -0.4829 0.4005
vn -0.4536 -0.6412 0.6189
vn -0.5234 -0.1889 0.8309
vn -0.0702 -0.6551 0.7522
vn -0.0693 -0.2374 0.9689
vn -0.0696 -0.2374 0.9689
vn -0.0644 0.1477 0.9869
vn 0.0088 0.2445 0.9696
vn 0.1533 -0.2977 0.9423
vn 0.1219 -0.8069 0.5780
vn 0.1528 -0.2973 0.9425
vn -0.2195 -0.9527 0.2102
vn -0.1462 -0.9891 0.0175
vn -0.7979 -0.6026 0.0154
vn -0.7052 -0.6977 -0.1257
vn -0.9960 0.0717 0.0529
vn -0.9993 0.0348 0.0155
vn -0.9992 0.0371 0.0126
vn -0.9962 0.0696 0.0525
vn 0.1029 -0.2143 0.9713
vn 0.1024 -0.2157 0.9711
vn 0.4209 0.0780 0.9038
vn 0.5868 0.5337 0.6089
vn 0.8130 0.5755 0.0882
vn 0.6221 0.5653 0.5417
vn 0.8248 0.3417 0.4504
vn 0.9432 0.3237 -0.0743
vn 0.8312 0.5529 -0.0588
vn 0.8249 0.3434 0.4490
vn 0.8447 -0.2789 0.4569
vn 0.9730 -0.1645 -0.1619
vn 0.9424 0.3253 -0.0775
vn 0.4406 -0.8657 0.2376
vn 0.7337 -0.6752 -0.0766
vn 0.4074 -0.4057 0.8182
vn 0.2295 -0.7956 0.5607
vn 0.4894 0.1386 0.8610
vn 0.3921 0.0693 0.9173
vn 0.4886 0.1407 0.8611
vn 0.3916 0.0674 0.9177
vn 0.2036 -0.5765 0.7913
vn 0.0790 -0.9225 0.3778
vn 0.1705 -0.9827 0.0729
vn 0.6486 -0.6849 -0.3321
vn 0.6470 -0.6873 -0.3303
vn 0.8911 0.0197 -0.4534
vn 0.9729 -0.1666 -0.1605
vn 0.7330 -0.6761 -0.0743
vn 0.8850 0.2169 -0.4120
vn 0.6182 -0.6207 -0.4823
vn 0.1159 -0.9914 -0.0602
vn 0.6210 -0.6163 -0.4842
vn 0.0725 -0.9831 0.1683
vn 0.4218 0.0764 0.9035
vn 0.7039 -0.5480 -0.4519
vn 0.1326 -0.9811 -0.1409
vn 0.7057 -0.5456 -0.4520
vn -0.0150 -0.9993 0.0336
vn -0.7639 -0.4730 -0.4389
vn -0.9408 -0.3038 -0.1506
vn -0.0313 -0.5112 -0.8589
vn -0.4350 -0.5301 -0.7279
vn 0.6948 -0.4880 -0.5284
vn 0.4951 -0.3531 -0.7939
vn 0.4948 -0.3517 -0.7946
vn -0.9991 0.0315 0.0287
vn 0.1163 -0.8924 -0.4360
vn 0.6936 -0.4881 -0.5298
vn -0.2633 -0.8874 -0.3784
vn -0.4601 -0.8586 -0.2260
vn -0.7480 -0.6456 -0.1538
vn -0.9432 -0.2946 -0.1534
vn -0.0310 -0.5139 -0.8573
vn 0.4942 -0.3567 -0.7928
vn -0.4336 -0.5293 -0.7293
vn -0.7682 -0.4657 -0.4393
vn 0.3147 0.1785 0.9323
vn 0.3142 0.3194 0.8940
vn 0.2992 0.2027 0.9324
vn 0.2889 0.3176 0.9031
vn 0.4413 0.1927 0.8764
vn 0.2753 0.3680 0.8881
vn 0.5963 0.2932 0.7473
vn 0.4476 0.4366 0.7804
vn 0.5970 0.4006 0.6950
vn 0.5309 0.4207 0.7356
vn 0.5594 0.3370 0.7573
vn 0.5917 0.2199 0.7756
vn 0.5684 0.4403 0.6950
vn 0.7033 -0.1553 0.6937
vn 0.3809 0.8361 0.3947
vn 0.8294 0.0725 0.5539
vn 0.3103 0.9472 0.0808
vn 0.7506 0.6079 0.2589
vn 0.2323 0.7618 -0.6047
vn 0.4839 0.8144 -0.3204
vn 0.4193 0.6983 -0.5802
vn 0.5150 0.6388 -0.5716
vn 0.3563 0.6803 -0.6405
vn 0.5768 0.4740 -0.6653
vn 0.2380 0.5279 -0.8153
vn 0.4767 0.3731 -0.7960
vn 0.2404 0.4022 -0.8834
vn 0.3916 0.2562 -0.8838
vn 0.0883 0.2655 -0.9601
vn -0.0023 0.2509 -0.9680
vn 0.1679 0.1264 -0.9777
vn 0.4167 0.3433 0.8417
vn 0.5184 0.3959 0.7580
vn 0.5177 0.2190 0.8270
vn 0.4325 -0.3945 0.8108
vn 0.3629 -0.1481 -0.9200
vn 0.3176 -0.4413 -0.8393
vn 0.3965 -0.4921 -0.7750
vn 0.4696 -0.1472 -0.8705
vn 0.6153 -0.1724 -0.7692
vn 0.5051 -0.5947 -0.6255
vn 0.6007 -0.6982 -0.3895
vn 0.7528 -0.1674 -0.6366
vn 0.6849 -0.6221 0.3792
vn 0.4841 -0.8173 0.3125
vn 0.3714 -0.8392 0.3972
vn 0.4662 -0.7429 0.4804
vn 0.2846 0.1647 -0.9444
vn 0.4205 0.6842 -0.5959
vn -0.0029 -0.4080 -0.9130
vn 0.1973 -0.4160 -0.8877
vn 0.2192 -0.1631 -0.9619
vn 0.5081 -0.8383 0.1977
vn 0.7820 -0.5526 0.2884
vn 0.2238 -0.8776 0.4240
vn 0.2277 -0.8389 0.4944
vn 0.9068 -0.1035 -0.4087
vn 0.9368 -0.3440 0.0645
vn 0.7820 -0.5525 0.2884
vn 0.6849 -0.6222 0.3793
vn 0.4697 -0.1471 -0.8705
vn 0.6154 -0.1728 -0.7690
vn 0.7527 -0.1686 -0.6364
vn 0.2962 0.1757 -0.9388
vn 0.3629 -0.1479 -0.9200
vn 0.3232 -0.7264 0.6066
vn 0.4835 -0.6915 0.5367
vn 0.3232 -0.7263 0.6066
vn 0.4084 -0.4953 0.7668
vn 0.6077 -0.4262 0.6702
vn 0.4516 -0.2019 0.8691
vn 0.6637 -0.1471 0.7334
vn 0.4309 0.2856 0.8560
vn 0.6297 0.1515 0.7619
vn 0.6384 -0.4234 0.6428
vn 0.6369 -0.4589 0.6195
vn 0.6996 -0.1716 0.6936
vn 0.6729 -0.1679 0.7204
vn 0.6984 -0.0219 0.7154
vn 0.6498 0.0304 0.7595
vn 0.5244 -0.7203 0.4541
vn 0.4798 -0.8057 0.3473
vn 0.6707 0.1930 0.7162
vn 0.6042 0.1669 0.7791
vn 0.3695 0.4324 0.8225
vn 0.5443 0.2492 0.8010
vn 0.4042 -0.8974 0.1768
vn 0.5151 -0.8372 -0.1838
vn 0.8827 -0.4680 -0.0418
vn 0.6746 -0.5108 0.5329
vn 0.9899 -0.1418 0.0022
vn 0.7732 -0.1392 0.6186
vn 0.7954 0.1134 0.5954
vn 0.9669 0.2440 -0.0741
vn 0.8243 0.5597 0.0855
vn 0.7598 0.3723 0.5330
vn 0.5244 -0.7203 0.4540
vn 0.4042 -0.8974 0.1767
vn 0.5151 -0.8372 -0.1839
vn 0.9364 -0.1467 -0.3187
vn 0.9598 0.1870 -0.2093
vn 0.9669 0.2440 -0.0740
vn 0.6000 -0.7274 -0.3331
vn 0.7232 -0.6156 -0.3132
vn 0.8827 -0.4680 -0.0417
vn 0.9289 0.3566 -0.1001
vn 0.2192 -0.1630 -0.9620
vn 0.0869 0.2400 -0.9669
vn 0.1709 0.3165 -0.9331
vn 0.1785 0.7546 -0.6314
vn 0.0620 0.1937 -0.9791
vn 0.0339 0.1023 -0.9942
vn 0.0584 0.0442 -0.9973
vn 0.0883 -0.0299 -0.9956
vn 0.9585 -0.2475 -0.1417
vn 0.9475 0.0728 -0.3113
vn 0.5100 -0.6826 -0.5234
vn 0.6557 -0.6012 -0.4567
vn 0.9485 0.0386 -0.3145
vn 0.3541 -0.6158 -0.7038
vn 0.4383 -0.5379 -0.7201
vn 0.6618 -0.0933 -0.7439
vn 0.6677 0.0273 -0.7439
vn 0.6083 -0.3001 -0.7348
vn 0.2505 -0.5594 -0.7901
vn 0.2472 -0.5039 -0.8276
vn 0.3513 -0.1488 -0.9244
vn 0.3784 0.0498 -0.9243
vn 0.3061 -0.3333 -0.8917
vn 0.0006 -0.4848 -0.8746
vn 0.1421 -0.5087 -0.8491
vn 0.1073 -0.2971 -0.9488
vn 0.1136 -0.1252 -0.9856
vn 0.1073 -0.4491 -0.8870
vn 0.1203 0.0528 -0.9913
vn 0.8702 -0.4803 0.1097
vn 0.7281 -0.6722 0.1342
vn 0.6267 -0.5153 0.5845
vn 0.8421 -0.3423 0.4167
vn 0.9966 0.0068 0.0821
vn 0.9623 0.0657 0.2638
vn 0.8014 -0.3752 -0.4658
vn 0.5904 -0.5450 -0.5953
vn 0.5588 -0.0526 -0.8277
vn 0.3800 -0.2058 -0.9018
vn 0.1781 0.2950 -0.9388
vn 0.0538 0.1785 -0.9825
vn -0.2564 0.6660 -0.7005
vn -0.3987 0.5423 -0.7396
vn -0.5775 0.7923 -0.1970
vn -0.7125 0.6788 -0.1775
vn 0.9392 -0.0229 -0.3425
vn 0.5990 0.1652 -0.7835
vn 0.1295 0.3004 -0.9450
vn 0.3367 0.2841 -0.8977
vn 0.1204 0.5706 -0.8124
vn 0.2223 0.5492 -0.8056
vn 0.0702 0.8086 -0.5842
vn 0.0719 0.8089 -0.5835
vn -0.0165 0.9727 -0.2316
vn -0.0350 0.9702 -0.2399
vn -0.0881 0.9930 -0.0791
vn 0.0724 0.9852 0.1555
vn 0.0398 0.9974 -0.0598
vn 0.2831 0.4485 -0.8477
vn 0.0070 0.7519 -0.6593
vn 0.8326 -0.0765 0.5486
vn 0.8806 0.0346 0.4725
vn 0.9623 0.0656 0.2638
vn 0.8348 0.1446 0.5312
vn 0.6937 0.1565 0.7031
vn 0.6970 0.1684 0.6970
vn 0.8630 0.2160 0.4568
vn 0.6107 0.1548 0.7766
vn 0.6063 0.1274 0.7850
vn 0.4817 0.1385 0.8653
vn 0.5001 0.1365 0.8552
vn 0.2624 0.1460 0.9538
vn 0.3061 0.2132 0.9278
vn 0.7598 0.3723 0.5329
vn 0.8630 0.2160 0.4567
vn 0.8348 0.1447 0.5311
vn 0.8807 0.0346 0.4725
vn 0.5091 -0.0943 0.8555
vn 0.4708 0.0970 0.8769
vn 0.3636 0.0992 0.9262
vn 0.6253 0.1192 0.7713
vn 0.1889 0.3806 0.9052
vn 0.0293 0.2705 0.9623
vn 0.6520 -0.1361 0.7459
vn 0.7860 0.0679 0.6145
vn 0.9966 0.0067 0.0821
vn 0.9393 -0.0229 -0.3424
vn 0.2831 0.4485 -0.8478
vn 0.0069 0.7518 -0.6593
vn -0.2085 0.9421 -0.2626
vn 0.7819 -0.2766 0.5587
vn 0.8629 -0.1277 0.4890
vn 0.6301 -0.2758 0.7259
vn 0.6468 -0.3610 0.6718
vn 0.6033 0.0672 0.7947
vn 0.4593 0.1357 0.8778
vn 0.2524 0.2233 0.9415
vn 0.6941 -0.2116 0.6880
vn 0.9966 0.0067 0.0822
vn -0.3745 0.6935 0.6155
vn -0.4136 0.5374 0.7349
vn -0.6054 0.7601 0.2363
vn -0.2423 0.9670 0.0791
vn -0.7060 0.6393 0.3048
vn -0.2084 0.9421 -0.2626
vn -0.0350 0.9702 -0.2398
vn -0.0166 0.9727 -0.2315
vn -0.6354 0.7363 -0.2328
vn -0.3099 0.5670 -0.7632
vn 0.9429 -0.0314 0.3316
vn 0.8680 -0.1650 0.4683
vn 0.6003 0.2716 0.7523
vn 0.3591 0.1411 0.9226
vn 0.0874 0.2161 -0.9724
vn 0.3477 -0.1624 -0.9234
vn -0.3131 0.5217 0.7936
vn -0.6559 0.6920 0.3017
vn 0.6230 -0.4874 -0.6118
vn 0.8739 -0.4132 0.2559
vn 0.7018 -0.1155 0.7029
vn 0.6261 0.1687 0.7613
vn 0.9720 -0.0505 0.2293
vn 0.7486 0.2211 0.6250
vn 0.6205 0.2773 0.7336
vn 0.4702 0.2692 0.8405
vn 0.2491 0.2488 0.9360
vn 0.5933 0.3020 0.7462
vn 0.5094 0.2399 0.8264
vn 0.1597 0.1268 0.9790
vn 0.6204 0.2773 0.7336
vn 0.5346 0.4114 0.7382
vn 0.6178 0.3794 0.6888
vn 0.0797 0.2950 0.9522
vn 0.0484 0.2244 0.9733
vn 0.7487 0.2211 0.6250
vn 0.5493 0.3174 0.7730
vn 0.7860 0.0679 0.6144
vn 0.6253 0.1193 0.7712
vn 0.7390 0.0218 0.6734
vn 0.6052 -0.3254 0.7265
vn 0.4389 -0.0987 0.8931
vn 0.4571 0.0016 0.8894
vn 0.3525 -0.0236 -0.9355
vn 0.4114 0.1141 -0.9043
vn 0.6417 -0.1549 -0.7512
vn 0.6115 -0.3415 -0.7137
vn 0.8528 0.1414 0.5027
vn 0.5277 -0.3344 0.7808
vn 0.1580 0.2903 -0.9438
vn 0.2388 0.3387 -0.9101
vn 0.9259 -0.0356 0.3761
vn 0.4700 -0.2607 0.8433
vn -0.2030 0.5924 -0.7796
vn -0.0986 0.5796 -0.8089
vn 0.7205 -0.0260 0.6929
vn 0.3810 -0.1931 0.9042
vn -0.5733 0.7666 -0.2891
vn -0.5217 0.7718 -0.3635
vn -0.6198 0.7236 0.3038
vn -0.5931 0.7442 0.3073
vn -0.2327 0.4943 0.8375
vn -0.1547 0.4421 0.8835
vn 0.6080 0.0683 0.7910
vn 0.4002 -0.1126 0.9095
vn 0.9170 -0.3450 0.2004
vn 0.9342 -0.3314 0.1319
vn 0.9342 -0.3314 0.1320
vn 0.8800 0.0687 0.4700
vn 0.9976 0.0643 0.0272
vn 0.8662 0.4742 0.1578
vn 0.3313 -0.0742 0.9406
vn -0.1810 0.4618 0.8683
vn 0.2305 0.0934 0.9686
vn -0.1906 0.6108 0.7685
vn 0.4338 0.0492 0.8996
vn 0.3451 0.8311 0.4362
vn 0.6884 -0.0940 0.7192
vn 0.8734 0.4837 0.0571
vn 0.7142 -0.2449 0.6557
vn 0.9857 0.1266 -0.1110
vn 0.4952 -0.3471 0.7964
vn 0.9998 -0.0161 -0.0138
vn 0.3727 -0.2646 0.8894
vn 0.9788 -0.0879 0.1850
vn 0.3563 -0.2279 0.9062
vn 0.9311 -0.2315 0.2820
vn 0.3915 -0.4053 0.8261
vn 0.4541 -0.3457 0.8212
vn 0.7757 -0.0318 -0.6303
vn 0.9788 -0.0880 0.1850
vn 0.6817 0.1488 -0.7163
vn 0.9998 -0.0162 -0.0137
vn 0.5091 0.3212 -0.7985
vn 0.5696 0.3674 -0.7353
vn 0.3167 0.6365 -0.7032
vn 0.8734 0.4836 0.0572
vn -0.5678 0.7681 0.2960
vn -0.4667 0.8590 0.2106
vn -0.1043 0.9326 -0.3454
vn -0.4737 0.7845 -0.4002
vn 0.0403 0.5346 -0.8442
vn 0.5968 0.5380 0.5952
vn 0.3915 0.4820 0.7838
vn -0.1273 0.4397 0.8891
vn 0.2987 0.5777 0.7596
vn 0.5211 0.4933 0.6965
vn 0.2186 0.1634 0.9620
vn 0.3636 0.0992 0.9263
vn 0.0563 0.2326 0.9709
vn 0.4305 0.5682 0.7013
vn 0.4191 0.7294 0.5407
vn 0.2118 0.8723 0.4408
vn 0.2918 0.8455 0.4473
vn 0.1795 0.8408 0.5107
vn 0.0012 0.1054 -0.9944
vn 0.0026 0.2069 -0.9784
vn -0.0071 0.7849 -0.6196
vn -0.0060 -0.1706 -0.9853
vn 0.8093 -0.1323 -0.5724
vn 0.9797 0.0670 0.1889
vn 0.9048 0.4160 0.0912
vn 0.7663 0.1694 -0.6197
vn 0.9768 0.0967 0.1910
vn 0.8868 0.4495 0.1077
vn 0.9740 0.0538 0.2202
vn 0.8914 0.4085 0.1966
vn 0.9756 -0.0628 0.2103
vn 0.9107 0.2613 0.3200
vn 0.9764 -0.0836 0.1992
vn 0.9124 0.2114 0.3505
vn 0.9783 -0.0894 0.1870
vn 0.8972 0.2393 0.3712
vn 0.9901 -0.1002 0.0980
vn 0.8896 0.2190 0.4008
vn 0.9969 -0.0739 -0.0267
vn 0.9191 0.0080 0.3939
vn 0.9981 -0.0541 -0.0311
vn 0.9244 -0.0863 0.3715
vn 0.9988 0.0481 -0.0008
vn 0.9340 -0.0107 0.3570
vn 0.9615 0.2727 -0.0350
vn 0.9282 0.0877 0.3615
vn 0.9054 0.4234 0.0296
vn 0.9219 0.0761 0.3799
vn 0.8810 0.4588 0.1156
vn 0.9367 0.1144 0.3308
vn 0.6701 0.7422 0.0104
vn 0.6188 0.4078 -0.6714
vn 0.6583 0.7519 0.0376
vn 0.6845 0.7149 0.1431
vn 0.7207 0.5523 0.4190
vn 0.7456 0.4495 0.4919
vn 0.7513 0.4715 0.4618
vn 0.7083 0.4930 0.5052
vn 0.7591 0.0819 0.6458
vn 0.7440 -0.1385 0.6537
vn 0.7560 -0.0406 0.6533
vn 0.7610 -0.0086 0.6487
vn 0.8051 -0.1543 0.5726
vn 0.8727 -0.1820 0.4531
vn 0.9291 0.2615 0.2616
vn 0.9257 -0.0262 0.3774
vn 0.3561 -0.5626 0.7461
vn 0.3618 -0.4274 0.8285
vn -0.0000 -0.5182 0.8553
vn 0.0053 -0.5928 0.8053
vn -0.0061 -0.9098 -0.4150
vn -0.0017 -0.8844 0.4668
vn 0.5318 -0.7355 0.4198
vn 0.4975 -0.7579 -0.4220
vn -0.0090 -0.8969 0.4421
vn 0.5219 -0.7460 0.4135
vn -0.0312 -0.9756 0.2172
vn 0.5338 -0.8102 0.2420
vn -0.0440 -0.9916 -0.1217
vn 0.5309 -0.8463 -0.0440
vn -0.0245 -0.9383 -0.3450
vn 0.5428 -0.8069 -0.2328
vn -0.0373 -0.8508 -0.5241
vn 0.5219 -0.7596 -0.3881
vn -0.0592 -0.6424 -0.7641
vn 0.4882 -0.6157 -0.6185
vn -0.0687 -0.3053 -0.9498
vn 0.4826 -0.3049 -0.8210
vn -0.0375 0.0150 -0.9992
vn 0.5092 -0.0294 -0.8602
vn -0.0348 0.3230 -0.9457
vn 0.5215 0.2879 -0.8032
vn -0.0407 0.5467 -0.8363
vn 0.4841 0.5240 -0.7007
vn 0.0160 0.6645 -0.7471
vn 0.4289 0.7286 -0.5341
vn 0.1062 0.8620 -0.4957
vn 0.4653 0.8282 -0.3124
vn 0.0641 0.9464 -0.3166
vn 0.4723 0.8561 -0.2097
vn 0.8472 0.5195 0.1115
vn 0.6940 -0.4914 -0.5261
vn 0.8796 -0.3569 0.3146
vn 0.8975 -0.3213 0.3020
vn 0.8971 -0.3776 0.2295
vn 0.8886 -0.4518 0.0789
vn 0.8942 -0.4475 -0.0126
vn 0.8811 -0.4621 -0.1012
vn 0.8558 -0.4198 -0.3024
vn 0.8494 -0.2063 -0.4857
vn 0.8711 -0.0543 -0.4882
vn 0.8557 0.1887 -0.4819
vn 0.7618 0.4635 -0.4527
vn 0.6861 0.6567 -0.3132
vn 0.7049 0.6995 -0.1176
vn 0.7228 0.6897 -0.0428
vn 0.3832 0.9230 -0.0359
vn 0.4047 0.6105 -0.6808
vn 0.3811 0.9245 -0.0062
vn 0.4132 0.9061 0.0908
vn 0.4709 0.7497 0.4650
vn 0.5118 0.5941 0.6205
vn 0.5581 0.6327 0.5369
vn 0.3854 0.8979 0.2127
vn 0.6556 0.4045 0.6376
vn 0.5530 -0.1633 0.8170
vn 0.5744 -0.0284 0.8181
vn 0.5527 -0.1127 0.8257
vn 0.6177 -0.3371 0.7105
vn 0.6971 -0.4357 0.5694
vn 0.7308 -0.3664 0.5760
vn 0.7451 -0.2445 0.6205
vn 0.1423 0.9884 -0.0521
vn 0.1724 0.6763 -0.7162
vn 0.1553 0.9876 -0.0233
vn 0.1745 0.9811 0.0834
vn 0.2471 0.8307 0.4989
vn 0.2746 0.6621 0.6973
vn 0.2978 0.7409 0.6019
vn 0.1165 0.9736 -0.1965
vn 0.4454 0.8420 0.3042
vn 0.3022 -0.1936 0.9334
vn 0.3388 -0.0165 0.9407
vn 0.3466 -0.1912 0.9183
vn 0.3780 -0.4998 0.7793
vn 0.3986 -0.6055 0.6889
vn 0.0245 0.9914 -0.1284
vn 0.4290 0.8967 -0.1086
vn -0.0022 0.9987 -0.0500
vn -0.0086 0.7101 -0.7041
vn 0.0099 0.9994 -0.0326
vn -0.0273 0.9930 0.1148
vn 0.0401 0.8483 0.5280
vn 0.0105 0.6896 0.7241
vn -0.0083 0.7819 0.6233
vn -0.1546 0.8949 -0.4186
vn 0.5228 -0.8408 -0.1405
vn 0.0217 -0.1887 0.9818
vn -0.0078 -0.0288 0.9996
vn 0.0206 -0.2459 0.9691
vn -0.0028 -0.5868 0.8098
vn -0.0224 -0.6631 0.7482
vn 0.8541 0.0651 0.5160
vn 0.5489 -0.1322 0.8253
vn 0.0026 0.9942 0.1074
vn 0.5615 0.8267 0.0357
vn -0.0125 -0.3337 0.9426
vn 0.5997 0.3304 0.7289
vn -0.2221 0.3482 0.9107
vn -0.1309 0.9784 0.1599
vn 0.6582 0.7367 0.1555
vn 0.8676 0.3896 0.3090
vn -0.3828 0.8242 0.4173
vn 0.4179 0.8487 0.3242
vt 0.032778 0.105914
vt 0.043715 0.106268
vt 0.041155 0.088398
vt 0.031975 0.095364
vt 0.030970 0.077525
vt 0.025889 0.086208
vt 0.015157 0.070705
vt 0.015774 0.080195
vt 0.360346 0.294218
vt 0.362215 0.303525
vt 0.350290 0.305588
vt 0.349108 0.297745
vt 0.338597 0.302197
vt 0.340972 0.294701
vt 0.328441 0.293728
vt 0.333872 0.288683
vt 0.321215 0.279306
vt 0.329990 0.279103
vt 0.028559 0.117015
vt 0.034921 0.122995
vt 0.027418 0.104072
vt 0.026765 0.096918
vt 0.022756 0.091525
vt 0.015317 0.088943
vt 0.356683 0.286557
vt 0.349438 0.289722
vt 0.343580 0.288198
vt 0.338906 0.283411
vt 0.337778 0.276537
vt 0.023022 0.110795
vt 0.020701 0.095284
vt 0.022141 0.098982
vt 0.015988 0.095554
vt 0.017260 0.100995
vt 0.348317 0.278512
vt 0.352670 0.281609
vt 0.349217 0.284920
vt 0.345783 0.283293
vt 0.342734 0.280880
vt 0.343504 0.276718
vt 0.019533 0.105899
vt 0.023039 0.103005
vt 0.043924 0.122995
vt 0.050214 0.112261
vt 0.061157 0.105371
vt 0.059348 0.094050
vt 0.073947 0.105537
vt 0.076552 0.092153
vt 0.082975 0.115471
vt 0.092561 0.102705
vt 0.283902 0.268127
vt 0.292073 0.277086
vt 0.286601 0.290086
vt 0.274788 0.280215
vt 0.302361 0.280412
vt 0.302121 0.292373
vt 0.311100 0.277125
vt 0.313555 0.287405
vt 0.317502 0.270987
vt 0.068452 0.118659
vt 0.070853 0.123043
vt 0.077483 0.120342
vt 0.070724 0.113949
vt 0.295762 0.261966
vt 0.297032 0.266387
vt 0.294745 0.270274
vt 0.289629 0.264495
vt 0.300861 0.267085
vt 0.300671 0.272945
vt 0.305037 0.267124
vt 0.307612 0.271348
vt 0.306724 0.262949
vt 0.312071 0.265403
vt 0.058768 0.125284
vt 0.059330 0.120511
vt 0.055880 0.117433
vt 0.052221 0.124542
vt 0.063775 0.119045
vt 0.062565 0.113205
vt 0.064793 0.124920
vt 0.301504 0.261584
vt 0.094264 0.094973
vt 0.096528 0.089748
vt 0.092116 0.085054
vt 0.086425 0.087415
vt 0.091959 0.078538
vt 0.086542 0.076182
vt 0.095329 0.073683
vt 0.092571 0.068164
vt 0.100373 0.072404
vt 0.101519 0.066791
vt 0.262014 0.276325
vt 0.267305 0.278279
vt 0.262303 0.286854
vt 0.258952 0.281827
vt 0.254742 0.290340
vt 0.253624 0.284158
vt 0.246597 0.289585
vt 0.247722 0.282939
vt 0.106423 0.074430
vt 0.109595 0.068240
vt 0.086081 0.058326
vt 0.076934 0.075436
vt 0.102536 0.057384
vt 0.112340 0.058985
vt 0.256589 0.298542
vt 0.246024 0.299138
vt 0.267824 0.293497
vt 0.095381 0.083505
vt 0.095799 0.079852
vt 0.098735 0.085397
vt 0.257584 0.274978
vt 0.256513 0.278587
vt 0.252759 0.278933
vt 0.249176 0.279317
vt 0.100341 0.076886
vt 0.104130 0.077853
vt 0.097000 0.076748
vt 0.099593 0.080765
vt 0.102770 0.085608
vt 0.103848 0.081722
vt 0.055870 0.075909
vt 0.321039 0.301624
vt 0.335594 0.312169
vt 0.351835 0.316691
vt 0.369857 0.315407
vt 0.039331 0.065912
vt 0.017745 0.056620
vt 0.046786 0.058911
vt 0.032092 0.047691
vt 0.066486 0.059930
vt 0.306644 0.312097
vt 0.330784 0.325578
vt 0.351902 0.331887
vt 0.372106 0.332766
vt 0.013098 0.039492
vt 0.030628 0.035006
vt 0.278527 0.307069
vt 0.258430 0.311200
vt 0.245028 0.311960
vt 0.115412 0.046260
vt 0.104033 0.043786
vt 0.088607 0.042474
vt 0.074544 0.042457
vt 0.041810 0.044144
vt 0.041436 0.035161
vt 0.050116 0.049891
vt 0.059758 0.049612
vt 0.064273 0.041249
vt 0.046443 0.027606
vt 0.035352 0.017563
vt 0.055514 0.026447
vt 0.057111 0.012867
vt 0.062899 0.031621
vt 0.072716 0.022806
vt 0.051624 0.043801
vt 0.047186 0.042054
vt 0.047823 0.037271
vt 0.049460 0.032841
vt 0.054025 0.033683
vt 0.058417 0.035261
vt 0.057923 0.040261
vt 0.056515 0.044648
vt 0.052508 0.039034
vt 0.089539 0.024901
vt 0.108191 0.027842
vt 0.119052 0.029947
vt 0.255781 0.328199
vt 0.241723 0.328023
vt 0.276275 0.329808
vt 0.301608 0.335312
vt 0.327692 0.344723
vt 0.351446 0.350518
vt 0.373916 0.351376
vt 0.010354 0.020525
vt 0.397760 0.611921
vt 0.416676 0.615148
vt 0.422383 0.598046
vt 0.403132 0.593837
vt 0.431936 0.619094
vt 0.436588 0.602239
vt 0.402867 0.564267
vt 0.401520 0.550323
vt 0.384536 0.552623
vt 0.386027 0.565183
vt 0.400797 0.534409
vt 0.381868 0.536220
vt 0.402219 0.518848
vt 0.381718 0.520900
vt 0.406407 0.503326
vt 0.387632 0.506002
vt 0.410355 0.486131
vt 0.391186 0.487623
vt 0.414082 0.467718
vt 0.395162 0.467705
vt 0.309290 0.605860
vt 0.329154 0.609093
vt 0.330676 0.590014
vt 0.309755 0.586051
vt 0.351489 0.610091
vt 0.354320 0.591375
vt 0.376042 0.610127
vt 0.380016 0.591561
vt 0.362866 0.523056
vt 0.365402 0.538363
vt 0.372011 0.508976
vt 0.371051 0.488775
vt 0.376427 0.466689
vt 0.333339 0.571162
vt 0.312067 0.566626
vt 0.356959 0.572531
vt 0.383815 0.572089
vt 0.408770 0.575563
vt 0.427802 0.581748
vt 0.440545 0.586590
vt 0.368874 0.555409
vt 0.370390 0.565489
vt 0.437710 0.545380
vt 0.438936 0.530059
vt 0.420020 0.532285
vt 0.419553 0.547763
vt 0.438031 0.560921
vt 0.420388 0.562681
vt 0.406090 0.650163
vt 0.422051 0.654274
vt 0.427070 0.636658
vt 0.411240 0.632668
vt 0.387684 0.647915
vt 0.392649 0.629864
vt 0.367566 0.647253
vt 0.371887 0.628548
vt 0.344962 0.648590
vt 0.348144 0.629280
vt 0.324950 0.648592
vt 0.327187 0.628670
vt 0.307932 0.645572
vt 0.308854 0.625662
vt 0.449268 0.483659
vt 0.451969 0.467456
vt 0.432960 0.467909
vt 0.429727 0.484976
vt 0.445658 0.499534
vt 0.425986 0.501340
vt 0.441779 0.514846
vt 0.422248 0.516868
vt 0.474507 0.541609
vt 0.477648 0.525647
vt 0.457922 0.527819
vt 0.455920 0.543312
vt 0.473855 0.557693
vt 0.455671 0.559126
vt 0.395447 0.686763
vt 0.412387 0.690023
vt 0.417322 0.671925
vt 0.400816 0.667989
vt 0.377361 0.686309
vt 0.382471 0.666626
vt 0.358625 0.686758
vt 0.362950 0.666711
vt 0.339480 0.687192
vt 0.342299 0.667801
vt 0.321370 0.686802
vt 0.323402 0.667598
vt 0.304800 0.684514
vt 0.306587 0.665229
vt 0.488660 0.477693
vt 0.488768 0.462030
vt 0.470662 0.465577
vt 0.469104 0.481459
vt 0.486421 0.493816
vt 0.465880 0.497285
vt 0.482200 0.509902
vt 0.461506 0.512632
vt 0.529465 0.533124
vt 0.534313 0.509532
vt 0.521912 0.514630
vt 0.517010 0.537033
vt 0.517732 0.563568
vt 0.510836 0.557095
vt 0.386516 0.740815
vt 0.407315 0.736967
vt 0.406545 0.727560
vt 0.388703 0.729665
vt 0.369480 0.745929
vt 0.370028 0.732526
vt 0.350310 0.749703
vt 0.351840 0.733967
vt 0.333062 0.745398
vt 0.334298 0.732371
vt 0.316161 0.737471
vt 0.317422 0.729485
vt 0.301891 0.735853
vt 0.302191 0.726343
vt 0.540030 0.452906
vt 0.532585 0.440810
vt 0.525015 0.445884
vt 0.530417 0.459896
vt 0.545349 0.467614
vt 0.531221 0.476288
vt 0.539832 0.491077
vt 0.527104 0.495224
vt 0.495542 0.523873
vt 0.500245 0.506461
vt 0.504391 0.488892
vt 0.505271 0.472269
vt 0.503547 0.456835
vt 0.303543 0.700955
vt 0.319786 0.704051
vt 0.337394 0.704496
vt 0.355581 0.704592
vt 0.373805 0.704911
vt 0.391658 0.705083
vt 0.408282 0.706897
vt 0.490698 0.556655
vt 0.491838 0.540773
vt 0.371407 0.719530
vt 0.389612 0.719072
vt 0.406517 0.718953
vt 0.502478 0.556573
vt 0.505337 0.540136
vt 0.510038 0.520359
vt 0.515021 0.501318
vt 0.519517 0.482633
vt 0.520790 0.465457
vt 0.516183 0.451046
vt 0.302407 0.715540
vt 0.318666 0.718109
vt 0.335637 0.719136
vt 0.353394 0.719828
vt 0.391101 0.087156
vt 0.376428 0.077674
vt 0.369665 0.086733
vt 0.387383 0.091778
vt 0.421789 0.104067
vt 0.419924 0.115037
vt 0.428728 0.124703
vt 0.428685 0.112839
vt 0.395023 0.106845
vt 0.400866 0.098178
vt 0.409449 0.110331
vt 0.413314 0.099956
vt 0.240606 0.108931
vt 0.242523 0.092569
vt 0.236118 0.091458
vt 0.233769 0.107633
vt 0.288989 0.085886
vt 0.292990 0.068552
vt 0.276500 0.066701
vt 0.274770 0.082521
vt 0.301660 0.119924
vt 0.289871 0.102888
vt 0.274863 0.099017
vt 0.277292 0.115772
vt 0.260404 0.112557
vt 0.259323 0.128622
vt 0.277020 0.131847
vt 0.402800 0.130037
vt 0.384558 0.129391
vt 0.364407 0.067244
vt 0.347232 0.066445
vt 0.352618 0.089738
vt 0.348740 0.108499
vt 0.368240 0.107598
vt 0.359728 0.128194
vt 0.332673 0.124790
vt 0.354662 0.145028
vt 0.377681 0.147760
vt 0.368439 0.059508
vt 0.244458 0.076119
vt 0.246960 0.059998
vt 0.241721 0.059274
vt 0.238641 0.075257
vt 0.771599 0.682502
vt 0.789634 0.680867
vt 0.792932 0.686939
vt 0.782523 0.691810
vt 0.261702 0.079774
vt 0.263300 0.063974
vt 0.260960 0.096175
vt 0.238292 0.124872
vt 0.231232 0.123417
vt 0.301817 0.136447
vt 0.417181 0.132109
vt 0.428778 0.136869
vt 0.414130 0.151947
vt 0.428859 0.153805
vt 0.397291 0.150002
vt 0.328839 0.141121
vt 0.345546 0.046463
vt 0.335477 0.045127
vt 0.335804 0.056336
vt 0.325089 0.046280
vt 0.326305 0.051926
vt 0.317034 0.050907
vt 0.318188 0.054270
vt 0.298651 0.049456
vt 0.305107 0.058664
vt 0.293507 0.056616
vt 0.278085 0.053990
vt 0.265886 0.050001
vt 0.250248 0.045533
vt 0.245383 0.044741
vt 0.250126 0.093980
vt 0.251468 0.077555
vt 0.257006 0.143862
vt 0.275542 0.146837
vt 0.300149 0.150589
vt 0.326093 0.154566
vt 0.351241 0.159342
vt 0.372712 0.163436
vt 0.392879 0.167442
vt 0.411442 0.170739
vt 0.428971 0.173634
vt 0.405980 0.204893
vt 0.429209 0.208530
vt 0.429090 0.192103
vt 0.408841 0.188304
vt 0.382276 0.199656
vt 0.388489 0.184083
vt 0.362536 0.195476
vt 0.368462 0.178956
vt 0.340979 0.194646
vt 0.348141 0.173522
vt 0.318973 0.182765
vt 0.323492 0.167607
vt 0.297177 0.179707
vt 0.298414 0.164697
vt 0.271267 0.175477
vt 0.273554 0.161141
vt 0.249544 0.173021
vt 0.253668 0.158441
vt 0.243931 0.141718
vt 0.246724 0.126384
vt 0.235763 0.170237
vt 0.240256 0.156278
vt 0.403410 0.221924
vt 0.429347 0.225970
vt 0.374048 0.215306
vt 0.351621 0.216042
vt 0.338478 0.205366
vt 0.314766 0.199717
vt 0.297834 0.194760
vt 0.269280 0.189771
vt 0.241400 0.188777
vt 0.227276 0.168186
vt 0.220876 0.166287
vt 0.216957 0.178959
vt 0.221755 0.180907
vt 0.219184 0.197212
vt 0.220387 0.201337
vt 0.242131 0.201833
vt 0.240384 0.214421
vt 0.219523 0.205923
vt 0.216707 0.210821
vt 0.233107 0.233452
vt 0.211167 0.213508
vt 0.205974 0.215402
vt 0.202705 0.228678
vt 0.213779 0.230663
vt 0.351107 0.223724
vt 0.377920 0.233039
vt 0.404067 0.239447
vt 0.429491 0.242758
vt 0.336836 0.217008
vt 0.314775 0.207050
vt 0.294425 0.207724
vt 0.268284 0.204042
vt 0.406095 0.259479
vt 0.429657 0.260960
vt 0.381667 0.252974
vt 0.355783 0.240937
vt 0.336437 0.228996
vt 0.313127 0.226218
vt 0.292250 0.222697
vt 0.266943 0.218949
vt 0.409927 0.283365
vt 0.429887 0.284710
vt 0.417195 0.315093
vt 0.430195 0.314979
vt 0.421115 0.342614
vt 0.430509 0.344635
vt 0.387958 0.277283
vt 0.406570 0.313219
vt 0.412329 0.341789
vt 0.191470 0.281336
vt 0.184045 0.276279
vt 0.172626 0.290238
vt 0.177499 0.297330
vt 0.201110 0.265576
vt 0.192187 0.260788
vt 0.208055 0.249014
vt 0.198226 0.244834
vt 0.181384 0.304483
vt 0.199601 0.286024
vt 0.208083 0.271945
vt 0.217384 0.255833
vt 0.358667 0.258734
vt 0.335915 0.248321
vt 0.313899 0.243221
vt 0.292356 0.239897
vt 0.266212 0.235923
vt 0.357198 0.272454
vt 0.380233 0.288818
vt 0.396149 0.314103
vt 0.402561 0.341154
vt 0.201016 0.298641
vt 0.183716 0.313240
vt 0.211828 0.282147
vt 0.223102 0.267336
vt 0.335874 0.262919
vt 0.315664 0.257304
vt 0.295174 0.254763
vt 0.270113 0.252777
vt 0.244162 0.255702
vt 0.610239 0.345482
vt 0.611911 0.357747
vt 0.637492 0.347770
vt 0.631192 0.332805
vt 0.595479 0.357120
vt 0.593428 0.367451
vt 0.578190 0.366216
vt 0.574349 0.373412
vt 0.555032 0.367200
vt 0.551174 0.374836
vt 0.149186 0.549900
vt 0.145823 0.557316
vt 0.166888 0.562413
vt 0.170903 0.555570
vt 0.125693 0.540437
vt 0.124834 0.549505
vt 0.100953 0.532264
vt 0.101171 0.542430
vt 0.078878 0.527181
vt 0.081233 0.537646
vt 0.058255 0.523722
vt 0.061351 0.535003
vt 0.037729 0.522736
vt 0.041449 0.534295
vt 0.012960 0.522781
vt 0.018385 0.535866
vt 0.662605 0.342822
vt 0.657811 0.328654
vt 0.239072 0.354095
vt 0.213490 0.344117
vt 0.205190 0.375342
vt 0.239165 0.384013
vt 0.611817 0.387666
vt 0.585934 0.392882
vt 0.563083 0.393866
vt 0.542679 0.392797
vt 0.139902 0.574804
vt 0.158144 0.578895
vt 0.121846 0.568868
vt 0.103615 0.563351
vt 0.085807 0.559399
vt 0.067574 0.558561
vt 0.048362 0.560515
vt 0.027732 0.564618
vt 0.645792 0.378995
vt 0.670266 0.373519
vt 0.123341 0.587627
vt 0.104682 0.583747
vt 0.084061 0.580844
vt 0.063640 0.580821
vt 0.044519 0.583037
vt 0.025211 0.587714
vt 0.664316 0.396374
vt 0.641923 0.401535
vt 0.613352 0.408669
vt 0.589580 0.413470
vt 0.567776 0.413777
vt 0.546940 0.411501
vt 0.160154 0.597136
vt 0.141648 0.592430
vt 0.169474 0.691856
vt 0.164607 0.664668
vt 0.145394 0.666153
vt 0.150616 0.696852
vt 0.125352 0.666676
vt 0.128574 0.700054
vt 0.104239 0.666928
vt 0.104636 0.702223
vt 0.082946 0.667705
vt 0.083714 0.701390
vt 0.059807 0.668220
vt 0.061057 0.700480
vt 0.037176 0.669533
vt 0.038526 0.699981
vt 0.018074 0.670111
vt 0.017781 0.699715
vt 0.655322 0.509419
vt 0.655089 0.479975
vt 0.635056 0.481446
vt 0.634171 0.509884
vt 0.615437 0.482840
vt 0.614188 0.510540
vt 0.596061 0.483418
vt 0.594753 0.511374
vt 0.576250 0.483539
vt 0.575279 0.511887
vt 0.556293 0.483284
vt 0.555650 0.511767
vt 0.104230 0.635303
vt 0.104630 0.607522
vt 0.082472 0.605622
vt 0.081955 0.634935
vt 0.061224 0.606476
vt 0.060203 0.635871
vt 0.041716 0.608915
vt 0.039806 0.638200
vt 0.022956 0.613232
vt 0.020925 0.641104
vt 0.655194 0.450626
vt 0.658466 0.422034
vt 0.637775 0.426470
vt 0.635728 0.453750
vt 0.614392 0.431118
vt 0.615194 0.456372
vt 0.592567 0.433623
vt 0.595093 0.457685
vt 0.571775 0.433504
vt 0.575096 0.457520
vt 0.551464 0.432268
vt 0.555043 0.456757
vt 0.162775 0.640046
vt 0.161685 0.617127
vt 0.143000 0.613656
vt 0.143911 0.638475
vt 0.124186 0.610323
vt 0.124510 0.636704
vt 0.134408 0.733453
vt 0.101531 0.742917
vt 0.084076 0.734660
vt 0.053601 0.743979
vt 0.035883 0.734372
vt 0.015386 0.731265
vt 0.650541 0.541699
vt 0.630475 0.540286
vt 0.610987 0.538741
vt 0.591137 0.538216
vt 0.572117 0.538651
vt 0.553663 0.539368
vt 0.178383 0.718218
vt 0.160353 0.723828
vt 0.104984 0.758820
vt 0.128537 0.754114
vt 0.124866 0.768172
vt 0.114433 0.769429
vt 0.119199 0.775279
vt 0.126226 0.775297
vt 0.117588 0.781334
vt 0.126886 0.781753
vt 0.155934 0.131301
vt 0.166625 0.130827
vt 0.165302 0.138719
vt 0.158850 0.140468
vt 0.151278 0.141046
vt 0.146669 0.134704
vt 0.134852 0.778167
vt 0.132174 0.773312
vt 0.136627 0.767269
vt 0.143062 0.772920
vt 0.149977 0.768014
vt 0.144383 0.760024
vt 0.099319 0.774768
vt 0.108734 0.778814
vt 0.176219 0.135105
vt 0.187329 0.139402
vt 0.177277 0.153990
vt 0.170585 0.144675
vt 0.162351 0.161971
vt 0.161306 0.149984
vt 0.145047 0.165079
vt 0.149601 0.151413
vt 0.134061 0.150235
vt 0.139293 0.142502
vt 0.152932 0.746503
vt 0.168192 0.737810
vt 0.173327 0.748037
vt 0.163015 0.753272
vt 0.168545 0.758708
vt 0.173156 0.753815
vt 0.171945 0.761817
vt 0.178029 0.756653
vt 0.110065 0.173513
vt 0.114129 0.165496
vt 0.119144 0.169485
vt 0.114529 0.174363
vt 0.119951 0.159232
vt 0.122955 0.165730
vt 0.162539 0.760936
vt 0.164955 0.764949
vt 0.155305 0.760122
vt 0.156398 0.767702
vt 0.132634 0.165157
vt 0.128764 0.154781
vt 0.139816 0.183207
vt 0.126572 0.173848
vt 0.122653 0.189475
vt 0.116782 0.179814
vt 0.108136 0.195186
vt 0.107522 0.181550
vt 0.181585 0.750042
vt 0.185596 0.738017
vt 0.090986 0.765045
vt 0.073233 0.759600
vt 0.083631 0.773427
vt 0.071426 0.770460
vt 0.070668 0.777033
vt 0.079066 0.778716
vt 0.208507 0.150061
vt 0.214916 0.156621
vt 0.211404 0.163555
vt 0.205005 0.155955
vt 0.206237 0.166946
vt 0.200080 0.163793
vt 0.196497 0.158431
vt 0.199301 0.153420
vt 0.202566 0.147138
vt 0.085092 0.778980
vt 0.090994 0.776919
vt 0.196379 0.143646
vt 0.190889 0.152994
vt 0.189677 0.162316
vt 0.195264 0.169887
vt 0.205295 0.173811
vt 0.056700 0.784227
vt 0.062540 0.786528
vt 0.065578 0.781903
vt 0.060622 0.777080
vt 0.057688 0.765502
vt 0.047716 0.778915
vt 0.188620 0.179340
vt 0.203032 0.185133
vt 0.179053 0.169208
vt 0.037180 0.770121
vt 0.199546 0.200063
vt 0.181011 0.192880
vt 0.163463 0.182700
vt 0.566299 0.559661
vt 0.586757 0.557092
vt 0.609706 0.556739
vt 0.624978 0.558841
vt 0.012960 0.748181
vt 0.026383 0.761798
vt 0.647581 0.559661
vt 0.547985 0.559619
vt 0.197525 0.214795
vt 0.175552 0.214690
vt 0.155787 0.216962
vt 0.138026 0.206562
vt 0.126450 0.201242
vt 0.118976 0.211541
vt 0.192754 0.235853
vt 0.169685 0.242368
vt 0.153415 0.241396
vt 0.131783 0.229710
vt 0.422151 0.095369
vt 0.428646 0.099838
vt 0.428618 0.087919
vt 0.422734 0.087410
vt 0.417086 0.078206
vt 0.415374 0.091840
vt 0.409773 0.078277
vt 0.405898 0.088976
vt 0.402796 0.069229
vt 0.394668 0.080701
vt 0.397026 0.055867
vt 0.384884 0.067356
vt 0.384177 0.041163
vt 0.372923 0.050785
vt 0.381681 0.030700
vt 0.362245 0.038685
vt 0.362062 0.028471
vt 0.346273 0.034149
vt 0.342975 0.028688
vt 0.331480 0.035942
vt 0.326462 0.027196
vt 0.314305 0.040370
vt 0.312504 0.026515
vt 0.298778 0.039129
vt 0.296957 0.026372
vt 0.290026 0.042191
vt 0.281949 0.025584
vt 0.278976 0.039176
vt 0.270064 0.024093
vt 0.267919 0.036117
vt 0.253735 0.032491
vt 0.256895 0.021882
vt 0.252799 0.021859
vt 0.249197 0.032320
vt 0.428598 0.076087
vt 0.412464 0.065034
vt 0.428587 0.064341
vt 0.407236 0.050301
vt 0.428583 0.052164
vt 0.405875 0.037612
vt 0.428587 0.039934
vt 0.406438 0.028811
vt 0.428605 0.026015
vt 0.704655 0.441790
vt 0.712032 0.444710
vt 0.713138 0.463010
vt 0.701391 0.461084
vt 0.723886 0.448559
vt 0.740238 0.451874
vt 0.747257 0.464732
vt 0.728777 0.464659
vt 0.228553 0.183677
vt 0.217027 0.194645
vt 0.797144 0.425366
vt 0.806319 0.410091
vt 0.824067 0.405451
vt 0.812949 0.425004
vt 0.773516 0.447161
vt 0.786428 0.438090
vt 0.802910 0.439582
vt 0.790630 0.452659
vt 0.758982 0.451516
vt 0.767959 0.463846
vt 0.812685 0.392538
vt 0.830023 0.387673
vt 0.336555 0.022757
vt 0.320547 0.021342
vt 0.370708 0.022929
vt 0.352962 0.022003
vt 0.284393 0.016568
vt 0.271838 0.015113
vt 0.409902 0.022341
vt 0.390112 0.023205
vt 0.301463 0.018514
vt 0.694157 0.459595
vt 0.700477 0.440143
vt 0.428618 0.019056
vt 0.261878 0.022778
vt 0.264067 0.013848
vt 0.831325 0.371323
vt 0.846771 0.368072
vt 0.845465 0.383854
vt 0.837754 0.406466
vt 0.841522 0.820352
vt 0.831865 0.831883
vt 0.844738 0.844425
vt 0.851955 0.833440
vt 0.855367 0.803280
vt 0.866739 0.814829
vt 0.853927 0.853377
vt 0.860364 0.843793
vt 0.877908 0.826369
vt 0.862841 0.862060
vt 0.869649 0.854730
vt 0.888687 0.836813
vt 0.881060 0.797254
vt 0.893313 0.809224
vt 0.909978 0.792031
vt 0.895741 0.779047
vt 0.905425 0.819884
vt 0.925110 0.802200
vt 0.868382 0.786158
vt 0.878880 0.770742
vt 0.914474 0.831872
vt 0.930290 0.817230
vt 0.873610 0.872550
vt 0.882847 0.862680
vt 0.898815 0.847034
vt 0.886549 0.755882
vt 0.910005 0.759031
vt 0.919581 0.736959
vt 0.876400 0.731293
vt 0.926245 0.777143
vt 0.939179 0.766441
vt 0.945051 0.788501
vt 0.945700 0.804003
vt 0.966025 0.801789
vt 0.967741 0.774917
vt 0.827309 0.427511
vt 0.817557 0.445266
vt 0.808367 0.460930
vt 0.782776 0.471479
vt 0.820957 0.520829
vt 0.827128 0.550404
vt 0.793792 0.542654
vt 0.803639 0.521684
vt 0.827463 0.485054
vt 0.785419 0.499845
vt 0.767459 0.482890
vt 0.812501 0.574619
vt 0.794021 0.558635
vt 0.758500 0.288670
vt 0.766069 0.276643
vt 0.787860 0.285618
vt 0.772288 0.291808
vt 0.259804 0.012778
vt 0.259391 0.033994
vt 0.256156 0.047194
vt 0.214929 0.193057
vt 0.231573 0.154634
vt 0.235318 0.140163
vt 0.253327 0.061415
vt 0.248687 0.110379
vt 0.774660 0.537904
vt 0.782342 0.522807
vt 0.759393 0.500695
vt 0.744375 0.482532
vt 0.769286 0.552334
vt 0.728604 0.496532
vt 0.720755 0.479029
vt 0.729002 0.549976
vt 0.733087 0.533595
vt 0.736771 0.515096
vt 0.704507 0.491925
vt 0.702937 0.475710
vt 0.702438 0.545452
vt 0.705064 0.526655
vt 0.705914 0.508936
vt 0.691175 0.473557
vt 0.681599 0.472189
vt 0.687836 0.459491
vt 0.684583 0.505764
vt 0.679914 0.522921
vt 0.662798 0.521748
vt 0.668397 0.503797
vt 0.687826 0.489274
vt 0.674808 0.487226
vt 0.674247 0.541727
vt 0.658203 0.541441
vt 0.518393 0.869159
vt 0.526441 0.853474
vt 0.513487 0.852336
vt 0.506088 0.864123
vt 0.801159 0.583309
vt 0.791298 0.565498
vt 0.456904 0.579594
vt 0.450948 0.589565
vt 0.461522 0.603041
vt 0.470314 0.590269
vt 0.477484 0.625095
vt 0.490779 0.613611
vt 0.494458 0.651109
vt 0.507603 0.643006
vt 0.505946 0.680537
vt 0.520837 0.674190
vt 0.513032 0.712210
vt 0.524938 0.706586
vt 0.766469 0.564924
vt 0.726697 0.573925
vt 0.692963 0.569147
vt 0.669569 0.567034
vt 0.680128 0.598690
vt 0.664958 0.595005
vt 0.669334 0.628615
vt 0.660120 0.626435
vt 0.669849 0.662056
vt 0.659788 0.660248
vt 0.759642 0.712956
vt 0.759494 0.701023
vt 0.779980 0.705784
vt 0.700891 0.602200
vt 0.682126 0.629987
vt 0.537592 0.857186
vt 0.537383 0.833262
vt 0.519763 0.833230
vt 0.963785 0.836119
vt 0.955263 0.820454
vt 0.939300 0.832367
vt 0.949382 0.847368
vt 0.924362 0.844429
vt 0.935197 0.858813
vt 0.908970 0.857535
vt 0.920507 0.870272
vt 0.894819 0.870991
vt 0.906652 0.882052
vt 0.883943 0.882613
vt 0.895132 0.893508
vt 0.832854 0.584074
vt 0.819579 0.599591
vt 0.809790 0.615988
vt 0.797825 0.607046
vt 0.512811 0.802642
vt 0.531905 0.798728
vt 0.529834 0.780159
vt 0.522791 0.781143
vt 0.530228 0.765809
vt 0.523608 0.765809
vt 0.525276 0.816640
vt 0.536377 0.815199
vt 0.457964 0.569721
vt 0.475686 0.582660
vt 0.507883 0.604771
vt 0.521397 0.638552
vt 0.532353 0.669051
vt 0.532214 0.701949
vt 0.504453 0.831435
vt 0.499621 0.799998
vt 0.513840 0.782620
vt 0.514559 0.766071
vt 0.514692 0.817875
vt 0.527872 0.874114
vt 0.536682 0.749270
vt 0.524699 0.748069
vt 0.512803 0.748934
vt 0.526045 0.732639
vt 0.535030 0.729521
vt 0.514401 0.734151
vt 0.679875 0.663256
vt 0.732047 0.709653
vt 0.730759 0.700287
vt 0.755779 0.691946
vt 0.732579 0.719308
vt 0.487111 0.689162
vt 0.495794 0.716634
vt 0.498804 0.816040
vt 0.489986 0.829106
vt 0.503764 0.764505
vt 0.503585 0.780978
vt 0.464492 0.637434
vt 0.476585 0.663677
vt 0.499159 0.735774
vt 0.500602 0.748975
vt 0.444702 0.601165
vt 0.452967 0.614765
vt 0.501263 0.848607
vt 0.493106 0.857440
vt 0.493781 0.798985
vt 0.959112 0.861585
vt 0.970469 0.850477
vt 0.918419 0.894367
vt 0.932231 0.883257
vt 0.947138 0.872950
vt 0.907994 0.906029
vt 0.834357 0.667842
vt 0.842099 0.682562
vt 0.828583 0.688211
vt 0.821886 0.672168
vt 0.813367 0.642396
vt 0.823586 0.654431
vt 0.809955 0.664220
vt 0.802842 0.655235
vt 0.846771 0.696353
vt 0.828696 0.703297
vt 0.802574 0.630699
vt 0.794773 0.644745
vt 0.794168 0.624507
vt 0.787816 0.638994
vt 0.490574 0.779850
vt 0.491130 0.763690
vt 0.474587 0.760618
vt 0.471327 0.773562
vt 0.456129 0.648999
vt 0.448711 0.628314
vt 0.444432 0.644725
vt 0.447284 0.659650
vt 0.482340 0.797970
vt 0.464968 0.787838
vt 0.464341 0.672138
vt 0.452073 0.680414
vt 0.481902 0.811884
vt 0.463948 0.802842
vt 0.472980 0.696009
vt 0.458887 0.703028
vt 0.480105 0.826191
vt 0.464523 0.818433
vt 0.480763 0.720271
vt 0.466601 0.723785
vt 0.486080 0.737057
vt 0.472468 0.737624
vt 0.488617 0.748088
vt 0.474585 0.747294
vt 0.483091 0.840775
vt 0.465586 0.831376
vt 0.477041 0.851753
vt 0.459665 0.841647
vt 0.442111 0.616569
vt 0.436320 0.634511
vt 0.462534 0.744965
vt 0.460788 0.755179
vt 0.450138 0.741254
vt 0.450282 0.749704
vt 0.433742 0.739075
vt 0.441478 0.752590
vt 0.425355 0.753453
vt 0.435655 0.761906
vt 0.427029 0.776825
vt 0.434780 0.775518
vt 0.432216 0.795650
vt 0.444895 0.792342
vt 0.450736 0.810943
vt 0.440500 0.812979
vt 0.455411 0.822588
vt 0.449781 0.827403
vt 0.448946 0.776318
vt 0.455238 0.764595
vt 0.429829 0.649535
vt 0.437711 0.653915
vt 0.425882 0.665442
vt 0.436778 0.666745
vt 0.423246 0.683822
vt 0.436806 0.687998
vt 0.429971 0.703242
vt 0.421887 0.702799
vt 0.434845 0.723173
vt 0.423893 0.725818
vt 0.461257 0.737886
vt 0.448455 0.737058
vt 0.440154 0.731635
vt 0.454750 0.727903
vt 0.445182 0.710626
vt 0.809611 0.676291
vt 0.803704 0.668734
vt 0.817533 0.685072
vt 0.812601 0.711657
vt 0.796337 0.667029
vt 0.787282 0.658036
vt 0.782726 0.655229
vt 0.794545 0.671582
vt 0.788009 0.669925
vt 0.796208 0.675303
vt 0.802621 0.714192
vt 0.804237 0.687254
vt 0.800858 0.680817
vt 0.779072 0.668155
vt 0.791968 0.717255
vt 0.793919 0.698594
vt 0.731832 0.729469
vt 0.757348 0.724310
vt 0.778398 0.720107
vt 0.650242 0.624679
vt 0.649471 0.657197
vt 0.651852 0.591894
vt 0.654549 0.565111
vt 0.228266 0.138464
vt 0.224710 0.152898
vt 0.212868 0.192425
vt 0.815429 0.375174
vt 0.255852 0.012907
vt 0.041962 0.851646
vt 0.041978 0.856647
vt 0.068990 0.857677
vt 0.069098 0.850242
vt 0.096025 0.857642
vt 0.096038 0.848259
vt 0.122997 0.857499
vt 0.122796 0.845974
vt 0.148998 0.856229
vt 0.148685 0.843486
vt 0.175422 0.854891
vt 0.174447 0.841005
vt 0.201665 0.853109
vt 0.200111 0.838499
vt 0.225795 0.852151
vt 0.223771 0.836407
vt 0.248813 0.850634
vt 0.247125 0.833283
vt 0.272684 0.849315
vt 0.270819 0.831604
vt 0.295672 0.847818
vt 0.294004 0.830336
vt 0.320210 0.842931
vt 0.319290 0.827294
vt 0.346783 0.838251
vt 0.345771 0.825874
vt 0.377145 0.839163
vt 0.375615 0.825901
vt 0.041846 0.861255
vt 0.068904 0.863713
vt 0.095994 0.865930
vt 0.122521 0.867221
vt 0.148698 0.868066
vt 0.174769 0.868307
vt 0.201589 0.868786
vt 0.226943 0.868868
vt 0.250023 0.867971
vt 0.276066 0.866216
vt 0.299852 0.864600
vt 0.323048 0.861221
vt 0.351030 0.854871
vt 0.378365 0.849381
vt 0.401432 0.846513
vt 0.402397 0.836562
vt 0.401874 0.860387
vt 0.404581 0.874206
vt 0.422746 0.861136
vt 0.416140 0.850684
vt 0.039295 0.833300
vt 0.039817 0.839196
vt 0.065467 0.830051
vt 0.063237 0.822173
vt 0.090854 0.820962
vt 0.087313 0.809975
vt 0.116155 0.812854
vt 0.111504 0.797939
vt 0.141305 0.805259
vt 0.136428 0.786310
vt 0.166479 0.798031
vt 0.162443 0.775076
vt 0.192045 0.791244
vt 0.188824 0.765714
vt 0.217921 0.785344
vt 0.216550 0.758057
vt 0.244590 0.780788
vt 0.245210 0.752690
vt 0.271482 0.778682
vt 0.273571 0.750202
vt 0.298809 0.781056
vt 0.300513 0.750852
vt 0.324311 0.784307
vt 0.324476 0.755650
vt 0.349810 0.788338
vt 0.343634 0.763214
vt 0.373987 0.794190
vt 0.370886 0.777241
vt 0.395753 0.800256
vt 0.393316 0.789106
vt 0.401891 0.824565
vt 0.041278 0.845646
vt 0.068088 0.840884
vt 0.094904 0.836075
vt 0.120996 0.831380
vt 0.146470 0.826849
vt 0.171619 0.822630
vt 0.196578 0.818994
vt 0.220919 0.815559
vt 0.245431 0.812279
vt 0.270136 0.809947
vt 0.295189 0.809133
vt 0.321086 0.808276
vt 0.347373 0.808276
vt 0.374845 0.810220
vt 0.398990 0.812358
vt 0.041499 0.864838
vt 0.068366 0.868233
vt 0.095111 0.872251
vt 0.121391 0.875551
vt 0.147192 0.878392
vt 0.173562 0.881206
vt 0.200622 0.883405
vt 0.226840 0.884285
vt 0.248592 0.885332
vt 0.278289 0.884811
vt 0.303998 0.881025
vt 0.328471 0.877154
vt 0.353743 0.869254
vt 0.379844 0.859862
vt 0.400714 0.852053
vt 0.412840 0.848120
vt 0.041067 0.867636
vt 0.067688 0.872740
vt 0.094263 0.877842
vt 0.120197 0.883027
vt 0.146004 0.887809
vt 0.172277 0.892600
vt 0.199738 0.896384
vt 0.226580 0.898354
vt 0.251244 0.900061
vt 0.280883 0.901006
vt 0.307759 0.897527
vt 0.333307 0.892637
vt 0.358207 0.885498
vt 0.382802 0.871604
vt 0.409042 0.804639
vt 0.411509 0.799118
vt 0.040763 0.869940
vt 0.067441 0.875299
vt 0.094098 0.881541
vt 0.119763 0.888301
vt 0.146167 0.895001
vt 0.172057 0.901080
vt 0.198589 0.906766
vt 0.226233 0.911589
vt 0.254185 0.913899
vt 0.283247 0.913841
vt 0.310413 0.911405
vt 0.336389 0.906603
vt 0.361338 0.899894
vt 0.385140 0.889754
vt 0.422541 0.843286
vt 0.416425 0.842624
vt 0.414881 0.813250
vt 0.422900 0.807368
vt 0.435559 0.848504
vt 0.443731 0.835736
vt 0.435393 0.836774
vt 0.420790 0.822933
vt 0.434751 0.820845
vt 0.418313 0.838396
vt 0.436375 0.830676
vt 0.440997 0.828339
vt 0.148432 0.030417
vt 0.144732 0.040330
vt 0.151618 0.049570
vt 0.159037 0.033113
vt 0.136344 0.047437
vt 0.138815 0.057189
vt 0.124958 0.050407
vt 0.121731 0.059352
vt 0.491634 0.293108
vt 0.502622 0.297349
vt 0.500941 0.305100
vt 0.489173 0.302276
vt 0.510937 0.294833
vt 0.512827 0.302465
vt 0.518408 0.289282
vt 0.523505 0.294664
vt 0.522897 0.279970
vt 0.531640 0.280735
vt 0.147460 0.018581
vt 0.155232 0.014602
vt 0.142771 0.030700
vt 0.140159 0.037391
vt 0.134810 0.041459
vt 0.126946 0.041875
vt 0.495781 0.285697
vt 0.502808 0.289321
vt 0.508751 0.288176
vt 0.513723 0.283697
vt 0.515289 0.276911
vt 0.140414 0.023020
vt 0.136288 0.034124
vt 0.133879 0.037277
vt 0.132158 0.030836
vt 0.129426 0.035710
vt 0.504645 0.278205
vt 0.506868 0.283139
vt 0.503336 0.284543
vt 0.500102 0.281017
vt 0.510065 0.280927
vt 0.509563 0.276723
vt 0.138268 0.030509
vt 0.135703 0.026756
vt 0.166944 0.029159
vt 0.163880 0.017101
vt 0.170665 0.049190
vt 0.175545 0.038815
vt 0.186667 0.055786
vt 0.187879 0.042206
vt 0.204976 0.050092
vt 0.199310 0.035167
vt 0.569593 0.271972
vt 0.577914 0.284618
vt 0.565493 0.293712
vt 0.560865 0.280388
vt 0.549858 0.295000
vt 0.550385 0.283048
vt 0.538766 0.289308
vt 0.541875 0.279207
vt 0.535879 0.272671
vt 0.186242 0.028074
vt 0.187118 0.033230
vt 0.195385 0.028963
vt 0.189765 0.024529
vt 0.558153 0.265062
vt 0.564111 0.267980
vt 0.558635 0.273419
vt 0.556602 0.269393
vt 0.552550 0.275704
vt 0.552736 0.269844
vt 0.545726 0.273666
vt 0.548566 0.269615
vt 0.541658 0.267447
vt 0.547151 0.265341
vt 0.178777 0.019021
vt 0.172281 0.017918
vt 0.173823 0.025763
vt 0.177992 0.023763
vt 0.179073 0.031680
vt 0.181856 0.026405
vt 0.184464 0.021043
vt 0.552447 0.264314
vt 0.204466 0.057994
vt 0.194838 0.063079
vt 0.199649 0.066927
vt 0.205191 0.063641
vt 0.191832 0.073903
vt 0.197690 0.073143
vt 0.195398 0.083279
vt 0.199580 0.078742
vt 0.203614 0.087082
vt 0.204071 0.081372
vt 0.590910 0.281556
vt 0.593614 0.287242
vt 0.589948 0.292044
vt 0.585505 0.283167
vt 0.598782 0.289911
vt 0.597270 0.296008
vt 0.604750 0.289072
vt 0.605447 0.295776
vt 0.211775 0.087931
vt 0.210446 0.081104
vt 0.182394 0.071953
vt 0.186433 0.090930
vt 0.201980 0.096401
vt 0.211843 0.097584
vt 0.605405 0.305347
vt 0.594901 0.304074
vt 0.584012 0.298320
vt 0.201743 0.072946
vt 0.202357 0.069321
vt 0.206104 0.068434
vt 0.595418 0.280496
vt 0.596256 0.284165
vt 0.599980 0.284752
vt 0.603531 0.285365
vt 0.205284 0.077057
vt 0.209193 0.077179
vt 0.202036 0.076262
vt 0.205642 0.073122
vt 0.209996 0.073384
vt 0.210038 0.069352
vt 0.162290 0.065652
vt 0.530386 0.303018
vt 0.515185 0.312609
vt 0.498687 0.316081
vt 0.480785 0.313644
vt 0.120308 0.073603
vt 0.143625 0.070667
vt 0.131613 0.086162
vt 0.148844 0.079461
vt 0.168053 0.083950
vt 0.544079 0.314393
vt 0.519125 0.326299
vt 0.497646 0.331241
vt 0.477427 0.330823
vt 0.111090 0.088768
vt 0.126686 0.097943
vt 0.572461 0.311177
vt 0.592252 0.316589
vt 0.605578 0.318206
vt 0.211263 0.110662
vt 0.199644 0.109881
vt 0.184460 0.106859
vt 0.170945 0.102973
vt 0.137113 0.100793
vt 0.139966 0.092267
vt 0.149539 0.089051
vt 0.158726 0.091995
vt 0.160742 0.101282
vt 0.126383 0.116011
vt 0.139826 0.109442
vt 0.145984 0.126562
vt 0.148219 0.113073
vt 0.163734 0.121345
vt 0.156750 0.110151
vt 0.149298 0.095321
vt 0.144549 0.095767
vt 0.143834 0.100538
vt 0.144177 0.105249
vt 0.148797 0.105707
vt 0.153455 0.105410
vt 0.154368 0.100470
vt 0.154232 0.095864
vt 0.148824 0.100145
vt 0.180478 0.124001
vt 0.199214 0.126352
vt 0.210232 0.127344
vt 0.607846 0.334448
vt 0.593806 0.333723
vt 0.573251 0.334015
vt 0.547617 0.337883
vt 0.520984 0.345603
vt 0.496907 0.349863
vt 0.474428 0.349279
vt 0.103190 0.106227
vt 0.211887 0.602128
vt 0.208690 0.583536
vt 0.189076 0.585439
vt 0.192722 0.603096
vt 0.174475 0.587924
vt 0.177102 0.605211
vt 0.444102 0.357548
vt 0.460912 0.356196
vt 0.462729 0.368713
vt 0.445810 0.371453
vt 0.465821 0.385041
vt 0.446946 0.387342
vt 0.466369 0.400352
vt 0.445928 0.402936
vt 0.460843 0.415399
vt 0.442144 0.418561
vt 0.457768 0.433863
vt 0.438643 0.435853
vt 0.454310 0.453878
vt 0.435395 0.454355
vt 0.300453 0.606566
vt 0.302333 0.586841
vt 0.281090 0.588303
vt 0.280346 0.607428
vt 0.257451 0.586860
vt 0.258050 0.605780
vt 0.231913 0.584008
vt 0.233665 0.602913
vt 0.482226 0.382472
vt 0.485158 0.397708
vt 0.476382 0.412020
vt 0.477866 0.432190
vt 0.473065 0.454407
vt 0.302333 0.567279
vt 0.280674 0.569268
vt 0.257057 0.567836
vt 0.230442 0.564223
vt 0.205252 0.564723
vt 0.185622 0.568615
vt 0.172396 0.571917
vt 0.476536 0.355484
vt 0.478313 0.365522
vt 0.409761 0.377334
vt 0.427849 0.374480
vt 0.427784 0.389965
vt 0.408933 0.392681
vt 0.409037 0.361806
vt 0.426628 0.359589
vt 0.199095 0.639117
vt 0.196050 0.621135
vt 0.179859 0.623227
vt 0.182760 0.641312
vt 0.217638 0.639060
vt 0.214841 0.620549
vt 0.237694 0.640780
vt 0.235613 0.621696
vt 0.259981 0.644780
vt 0.259103 0.625229
vt 0.279852 0.647148
vt 0.279985 0.627100
vt 0.297108 0.646160
vt 0.298546 0.626281
vt 0.399808 0.439333
vt 0.419308 0.437510
vt 0.416519 0.454655
vt 0.397529 0.455601
vt 0.403004 0.423370
vt 0.422623 0.421055
vt 0.406485 0.407962
vt 0.425957 0.405435
vt 0.373073 0.382058
vt 0.391610 0.379873
vt 0.390011 0.395413
vt 0.370348 0.398095
vt 0.373308 0.365963
vt 0.391449 0.364057
vt 0.205337 0.676718
vt 0.202225 0.657441
vt 0.185370 0.659398
vt 0.188131 0.677953
vt 0.223350 0.678406
vt 0.220603 0.658256
vt 0.241902 0.681065
vt 0.239977 0.660648
vt 0.260862 0.683759
vt 0.260354 0.664171
vt 0.278891 0.685513
vt 0.279143 0.666203
vt 0.295615 0.685199
vt 0.296120 0.665838
vt 0.360584 0.446320
vt 0.380036 0.442047
vt 0.378890 0.457964
vt 0.360882 0.461980
vt 0.362403 0.430143
vt 0.382848 0.426143
vt 0.366206 0.413953
vt 0.386822 0.410688
vt 0.318355 0.391966
vt 0.330704 0.387735
vt 0.326385 0.410257
vt 0.314120 0.415675
vt 0.329294 0.361228
vt 0.336355 0.367520
vt 0.207818 0.731447
vt 0.206963 0.720117
vt 0.189496 0.715917
vt 0.187619 0.725167
vt 0.224129 0.738539
vt 0.225170 0.725165
vt 0.242719 0.744552
vt 0.243060 0.728745
vt 0.260355 0.742316
vt 0.260667 0.729234
vt 0.278075 0.736442
vt 0.277766 0.728363
vt 0.292436 0.736521
vt 0.293262 0.727043
vt 0.309874 0.472431
vt 0.319303 0.465194
vt 0.325066 0.479061
vt 0.317631 0.484330
vt 0.304175 0.457866
vt 0.318074 0.448829
vt 0.309082 0.434267
vt 0.321698 0.429792
vt 0.352506 0.400333
vt 0.348256 0.417862
vt 0.344568 0.435533
vt 0.344119 0.452173
vt 0.346243 0.467557
vt 0.294920 0.701673
vt 0.278425 0.702827
vt 0.260888 0.701188
vt 0.242817 0.699134
vt 0.224683 0.697297
vt 0.206935 0.695357
vt 0.190213 0.695194
vt 0.356498 0.367437
vt 0.355770 0.383343
vt 0.225336 0.712097
vt 0.207314 0.709490
vt 0.190541 0.707374
vt 0.344724 0.367824
vt 0.342292 0.384330
vt 0.338106 0.404222
vt 0.333619 0.423387
vt 0.329610 0.442182
vt 0.328783 0.459385
vt 0.333762 0.473672
vt 0.294324 0.716290
vt 0.277876 0.716920
vt 0.260903 0.715933
vt 0.243188 0.714522
vt 0.466058 0.087003
vt 0.469782 0.091590
vt 0.487387 0.086484
vt 0.480624 0.077510
vt 0.435525 0.104028
vt 0.437457 0.114978
vt 0.462254 0.106642
vt 0.456378 0.098036
vt 0.443967 0.099875
vt 0.447887 0.110210
vt 0.615279 0.107674
vt 0.622016 0.106356
vt 0.619614 0.090406
vt 0.613296 0.091537
vt 0.567351 0.085202
vt 0.581386 0.081792
vt 0.579587 0.066163
vt 0.563293 0.068082
vt 0.555043 0.118961
vt 0.579107 0.114670
vt 0.581394 0.098098
vt 0.566585 0.102025
vt 0.579499 0.130548
vt 0.596944 0.127226
vt 0.595764 0.111377
vt 0.454666 0.129821
vt 0.472842 0.129026
vt 0.504338 0.089385
vt 0.509569 0.066260
vt 0.492536 0.067109
vt 0.508301 0.107981
vt 0.488921 0.107217
vt 0.497536 0.127628
vt 0.524361 0.124023
vt 0.502720 0.144309
vt 0.479856 0.147253
vt 0.488516 0.059433
vt 0.611300 0.075299
vt 0.617042 0.074419
vt 0.613920 0.058642
vt 0.608746 0.059384
vt 0.752218 0.063671
vt 0.754014 0.051709
vt 0.765928 0.053904
vt 0.761478 0.064411
vt 0.594284 0.079004
vt 0.592619 0.063397
vt 0.595111 0.095202
vt 0.617657 0.123380
vt 0.624606 0.121902
vt 0.555025 0.135310
vt 0.440327 0.132010
vt 0.443559 0.151795
vt 0.460342 0.149682
vt 0.528308 0.140183
vt 0.511186 0.046451
vt 0.520858 0.056199
vt 0.521148 0.045100
vt 0.530248 0.051797
vt 0.531430 0.046204
vt 0.538291 0.054077
vt 0.539419 0.050747
vt 0.551255 0.058363
vt 0.557595 0.049226
vt 0.562719 0.056281
vt 0.577952 0.053606
vt 0.589991 0.049600
vt 0.610228 0.044298
vt 0.605424 0.045105
vt 0.605798 0.092972
vt 0.604383 0.076755
vt 0.599348 0.142240
vt 0.581088 0.145339
vt 0.556809 0.149282
vt 0.531165 0.153483
vt 0.506266 0.158492
vt 0.484967 0.162800
vt 0.464929 0.167022
vt 0.446451 0.170529
vt 0.452360 0.204548
vt 0.449270 0.188032
vt 0.475914 0.198979
vt 0.469509 0.183552
vt 0.495495 0.194536
vt 0.489381 0.178190
vt 0.516895 0.193409
vt 0.509508 0.172537
vt 0.538549 0.181335
vt 0.533886 0.166376
vt 0.560072 0.178036
vt 0.558673 0.163214
vt 0.585600 0.173553
vt 0.583188 0.159436
vt 0.606973 0.170899
vt 0.602768 0.156580
vt 0.612218 0.140020
vt 0.609354 0.124927
vt 0.620504 0.168020
vt 0.615956 0.154328
vt 0.455189 0.221503
vt 0.484346 0.214435
vt 0.506657 0.214810
vt 0.519538 0.204006
vt 0.542946 0.198058
vt 0.559619 0.192919
vt 0.587729 0.187619
vt 0.615157 0.186311
vt 0.628829 0.165924
vt 0.634375 0.178369
vt 0.639067 0.176409
vt 0.635101 0.164001
vt 0.637070 0.194344
vt 0.614592 0.199151
vt 0.635934 0.198402
vt 0.616472 0.211491
vt 0.623887 0.230057
vt 0.639646 0.207643
vt 0.636830 0.202883
vt 0.645110 0.210204
vt 0.642781 0.227044
vt 0.653595 0.224953
vt 0.650221 0.211993
vt 0.480785 0.232155
vt 0.507297 0.222430
vt 0.454829 0.239001
vt 0.521350 0.215527
vt 0.543046 0.205314
vt 0.563171 0.205672
vt 0.588897 0.201666
vt 0.453169 0.259036
vt 0.477414 0.252084
vt 0.502957 0.239618
vt 0.521948 0.227410
vt 0.544987 0.224252
vt 0.565554 0.220419
vt 0.590435 0.216324
vt 0.449807 0.282965
vt 0.443192 0.314820
vt 0.439858 0.342413
vt 0.471618 0.276449
vt 0.453772 0.312721
vt 0.448623 0.341401
vt 0.665236 0.276194
vt 0.679012 0.291559
vt 0.683661 0.284609
vt 0.672394 0.271183
vt 0.655647 0.260987
vt 0.664280 0.256204
vt 0.648639 0.244923
vt 0.658187 0.240707
vt 0.675326 0.298555
vt 0.657393 0.280858
vt 0.648945 0.267292
vt 0.639628 0.251725
vt 0.500433 0.257371
vt 0.522827 0.246568
vt 0.544536 0.241084
vt 0.565751 0.237390
vt 0.591430 0.233010
vt 0.479566 0.287797
vt 0.502180 0.270994
vt 0.464203 0.313385
vt 0.458372 0.340557
vt 0.656182 0.293123
vt 0.673169 0.307091
vt 0.645461 0.277273
vt 0.634232 0.263052
vt 0.523171 0.261053
vt 0.543077 0.255051
vt 0.563261 0.252107
vt 0.587897 0.249651
vt 0.613414 0.252045
vt 0.240743 0.341829
vt 0.219790 0.329153
vt 0.257554 0.363798
vt 0.255504 0.353467
vt 0.272792 0.362563
vt 0.276633 0.369760
vt 0.299808 0.371184
vt 0.295950 0.363547
vt 0.033956 0.290802
vt 0.012755 0.298170
vt 0.017298 0.304675
vt 0.037894 0.297929
vt 0.058200 0.288483
vt 0.056628 0.279511
vt 0.081230 0.279561
vt 0.080644 0.269409
vt 0.102248 0.262598
vt 0.100728 0.273217
vt 0.120338 0.269011
vt 0.122534 0.257520
vt 0.142917 0.254914
vt 0.140122 0.266731
vt 0.163239 0.266475
vt 0.167612 0.253003
vt 0.193171 0.325001
vt 0.188377 0.339169
vt 0.265048 0.389229
vt 0.287900 0.390213
vt 0.308304 0.389144
vt 0.027317 0.320414
vt 0.045179 0.314894
vt 0.062710 0.307550
vt 0.080447 0.300610
vt 0.097888 0.295263
vt 0.115997 0.292987
vt 0.135303 0.293416
vt 0.156193 0.295875
vt 0.180716 0.369866
vt 0.062701 0.326369
vt 0.080995 0.321026
vt 0.101322 0.316502
vt 0.121678 0.314865
vt 0.140914 0.315564
vt 0.160532 0.318700
vt 0.186666 0.392721
vt 0.209059 0.397882
vt 0.237630 0.405016
vt 0.261402 0.409817
vt 0.283206 0.410124
vt 0.304042 0.407848
vt 0.026755 0.338757
vt 0.044832 0.332603
vt 0.024950 0.433918
vt 0.044143 0.437407
vt 0.046923 0.406392
vt 0.027653 0.406430
vt 0.066370 0.438857
vt 0.066944 0.405329
vt 0.090404 0.439128
vt 0.088011 0.403912
vt 0.111195 0.436644
vt 0.109298 0.403004
vt 0.133709 0.433946
vt 0.132406 0.401688
vt 0.156130 0.431669
vt 0.155069 0.401208
vt 0.176789 0.429764
vt 0.174158 0.400276
vt 0.195661 0.505766
vt 0.216812 0.506231
vt 0.215926 0.477793
vt 0.195893 0.476322
vt 0.236794 0.506887
vt 0.235545 0.479187
vt 0.256229 0.507721
vt 0.254921 0.479765
vt 0.275703 0.508234
vt 0.274732 0.479886
vt 0.295332 0.508114
vt 0.294689 0.479631
vt 0.085520 0.372385
vt 0.107697 0.370258
vt 0.104865 0.341078
vt 0.082926 0.344722
vt 0.129455 0.369472
vt 0.126114 0.340249
vt 0.149972 0.370182
vt 0.145753 0.341139
vt 0.169024 0.371584
vt 0.164796 0.343960
vt 0.195788 0.446973
vt 0.215255 0.450097
vt 0.213207 0.422817
vt 0.192516 0.418381
vt 0.235788 0.452719
vt 0.236590 0.427465
vt 0.255890 0.454033
vt 0.258415 0.429971
vt 0.275886 0.453867
vt 0.279207 0.429851
vt 0.295939 0.453104
vt 0.299519 0.428615
vt 0.027533 0.381740
vt 0.046215 0.378683
vt 0.045161 0.353869
vt 0.026808 0.358807
vt 0.065414 0.375384
vt 0.063653 0.349060
vt 0.063194 0.472613
vt 0.096716 0.479449
vt 0.113463 0.469838
vt 0.144579 0.476720
vt 0.161483 0.465743
vt 0.181670 0.461026
vt 0.200441 0.538046
vt 0.220507 0.536633
vt 0.239995 0.535088
vt 0.259845 0.534563
vt 0.278865 0.534998
vt 0.297319 0.535715
vt 0.018152 0.460901
vt 0.036569 0.465069
vt 0.070679 0.492746
vt 0.094530 0.495576
vt 0.075450 0.506469
vt 0.074657 0.513679
vt 0.081660 0.513106
vt 0.085949 0.506898
vt 0.074509 0.520168
vt 0.083745 0.519015
vt 0.041481 0.237827
vt 0.046758 0.229784
vt 0.052501 0.233207
vt 0.051649 0.241164
vt 0.033475 0.232054
vt 0.039622 0.227188
vt 0.068570 0.512171
vt 0.066284 0.517222
vt 0.063653 0.506498
vt 0.055349 0.499889
vt 0.050404 0.508296
vt 0.057685 0.512640
vt 0.092371 0.515803
vt 0.101438 0.511026
vt 0.062040 0.239628
vt 0.059193 0.228894
vt 0.068147 0.221726
vt 0.073897 0.238483
vt 0.051687 0.221282
vt 0.055923 0.210019
vt 0.040800 0.216753
vt 0.040095 0.202365
vt 0.028472 0.222557
vt 0.025516 0.213700
vt 0.045759 0.487086
vt 0.029859 0.479626
vt 0.025549 0.490227
vt 0.026176 0.495973
vt 0.031159 0.500486
vt 0.036242 0.494631
vt 0.021542 0.499188
vt 0.028015 0.503855
vt 0.008678 0.184819
vt 0.013206 0.185204
vt 0.016336 0.191144
vt 0.010432 0.193635
vt 0.018995 0.195787
vt 0.014352 0.201235
vt 0.035231 0.506425
vt 0.037322 0.502234
vt 0.044469 0.500850
vt 0.043978 0.508492
vt 0.028162 0.198946
vt 0.021640 0.207896
vt 0.024666 0.188943
vt 0.039940 0.183498
vt 0.016844 0.180561
vt 0.025100 0.172838
vt 0.008394 0.176394
vt 0.012658 0.163427
vt 0.012526 0.481208
vt 0.017475 0.492878
vt 0.108977 0.500674
vt 0.126244 0.493843
vt 0.116970 0.508450
vt 0.121939 0.513361
vt 0.130178 0.511019
vt 0.128902 0.504527
vt 0.097163 0.233922
vt 0.095379 0.227303
vt 0.103588 0.221707
vt 0.105103 0.229332
vt 0.092747 0.218429
vt 0.099526 0.217050
vt 0.089203 0.228208
vt 0.087852 0.222626
vt 0.090655 0.235137
vt 0.109906 0.512512
vt 0.115953 0.514100
vt 0.083756 0.236833
vt 0.080987 0.226352
vt 0.082331 0.217048
vt 0.089751 0.211262
vt 0.100468 0.210184
vt 0.144671 0.517087
vt 0.140197 0.510272
vt 0.135637 0.515472
vt 0.139031 0.519843
vt 0.142206 0.498498
vt 0.153207 0.511082
vt 0.085899 0.200368
vt 0.101339 0.198672
vt 0.073956 0.207548
vt 0.163015 0.501483
vt 0.082218 0.185280
vt 0.102003 0.183355
vt 0.062577 0.190356
vt 0.264225 0.553439
vt 0.284683 0.556008
vt 0.226004 0.555189
vt 0.241276 0.553086
vt 0.173121 0.492332
vt 0.185425 0.477697
vt 0.203401 0.556008
vt 0.302997 0.555966
vt 0.082837 0.162805
vt 0.104026 0.168623
vt 0.064414 0.155293
vt 0.044508 0.160524
vt 0.031927 0.162529
vt 0.027503 0.150597
vt 0.084643 0.134569
vt 0.105103 0.147058
vt 0.068712 0.131123
vt 0.044731 0.136550
vt 0.435116 0.095338
vt 0.434497 0.087387
vt 0.441870 0.091781
vt 0.440107 0.078172
vt 0.451315 0.088881
vt 0.447409 0.078220
vt 0.462479 0.080586
vt 0.454345 0.069175
vt 0.472181 0.067271
vt 0.460076 0.055851
vt 0.484049 0.050777
vt 0.472867 0.041218
vt 0.494634 0.038769
vt 0.475360 0.030825
vt 0.510445 0.034265
vt 0.494821 0.028649
vt 0.525076 0.036003
vt 0.513698 0.028863
vt 0.542073 0.040315
vt 0.530006 0.027343
vt 0.557420 0.039017
vt 0.543795 0.026611
vt 0.566087 0.042001
vt 0.559160 0.026398
vt 0.576997 0.038966
vt 0.573990 0.025546
vt 0.587910 0.035887
vt 0.585731 0.024013
vt 0.601912 0.032232
vt 0.606396 0.032040
vt 0.602784 0.021719
vt 0.598735 0.021762
vt 0.444693 0.065010
vt 0.449900 0.050306
vt 0.451271 0.037656
vt 0.450732 0.028880
vt 0.708769 0.301034
vt 0.704513 0.283444
vt 0.715252 0.280900
vt 0.715390 0.297885
vt 0.726113 0.293593
vt 0.729633 0.278370
vt 0.746774 0.277129
vt 0.741065 0.289506
vt 0.795636 0.310595
vt 0.810359 0.309937
vt 0.821930 0.327425
vt 0.805131 0.324226
vt 0.627726 0.181159
vt 0.639158 0.191804
vt 0.702348 0.305390
vt 0.692091 0.285823
vt 0.697926 0.285299
vt 0.705030 0.302805
vt 0.800105 0.297010
vt 0.784868 0.299434
vt 0.828588 0.343587
vt 0.812156 0.340152
vt 0.535825 0.021537
vt 0.520026 0.022993
vt 0.503831 0.022268
vt 0.486268 0.023141
vt 0.583933 0.015146
vt 0.571530 0.016646
vt 0.467001 0.023352
vt 0.447300 0.022417
vt 0.554669 0.018653
vt 0.593815 0.022672
vt 0.591607 0.013856
vt 0.843192 0.346167
vt 0.845399 0.360764
vt 0.830828 0.358712
vt 0.834596 0.325620
vt 0.820617 0.841864
vt 0.833968 0.851949
vt 0.803949 0.856187
vt 0.815789 0.867256
vt 0.844535 0.860083
vt 0.827617 0.878122
vt 0.855710 0.869077
vt 0.838341 0.888629
vt 0.798630 0.882069
vt 0.780847 0.897259
vt 0.794196 0.911161
vt 0.810915 0.894012
vt 0.804759 0.926036
vt 0.821890 0.905849
vt 0.787207 0.869679
vt 0.772099 0.880605
vt 0.819908 0.930818
vt 0.834109 0.914586
vt 0.864011 0.882070
vt 0.848827 0.898490
vt 0.757469 0.888683
vt 0.732643 0.879187
vt 0.739465 0.922258
vt 0.761245 0.912077
vt 0.769430 0.941080
vt 0.779768 0.927845
vt 0.791614 0.946365
vt 0.778661 0.969442
vt 0.805446 0.967002
vt 0.807111 0.946599
vt 0.823557 0.306702
vt 0.813370 0.290802
vt 0.803837 0.276810
vt 0.779371 0.268608
vt 0.811803 0.220165
vt 0.795569 0.220484
vt 0.784970 0.201566
vt 0.815650 0.192099
vt 0.764390 0.258965
vt 0.780007 0.242022
vt 0.820143 0.253096
vt 0.784070 0.186632
vt 0.800354 0.170335
vt 0.697365 0.437537
vt 0.595815 0.012778
vt 0.599593 0.046776
vt 0.596329 0.033745
vt 0.641200 0.190225
vt 0.624487 0.152637
vt 0.620690 0.138424
vt 0.602462 0.060817
vt 0.607315 0.109152
vt 0.775630 0.220842
vt 0.767461 0.207298
vt 0.742959 0.260784
vt 0.755735 0.242930
vt 0.761470 0.194236
vt 0.721269 0.265565
vt 0.727403 0.248814
vt 0.729101 0.214099
vt 0.724202 0.199160
vt 0.733759 0.231038
vt 0.704977 0.269808
vt 0.705356 0.254678
vt 0.703551 0.222422
vt 0.699847 0.205154
vt 0.705528 0.238808
vt 0.685458 0.274497
vt 0.694230 0.272583
vt 0.685956 0.243180
vt 0.671080 0.246098
vt 0.664670 0.229828
vt 0.680468 0.227582
vt 0.678147 0.261027
vt 0.690072 0.258249
vt 0.659072 0.211869
vt 0.673938 0.210516
vt 0.543756 0.580724
vt 0.556502 0.584473
vt 0.550352 0.596947
vt 0.537358 0.597139
vt 0.781007 0.180440
vt 0.788871 0.162895
vt 0.634527 0.862484
vt 0.620088 0.853229
vt 0.627534 0.839619
vt 0.639436 0.851950
vt 0.597336 0.832090
vt 0.609393 0.819302
vt 0.577588 0.804557
vt 0.589841 0.795150
vt 0.561234 0.774879
vt 0.575402 0.767041
vt 0.553843 0.743064
vt 0.565113 0.736253
vt 0.757979 0.182730
vt 0.720435 0.177082
vt 0.667883 0.187349
vt 0.689450 0.183804
vt 0.661708 0.161704
vt 0.675535 0.157255
vt 0.655085 0.132864
vt 0.663488 0.130215
vt 0.652484 0.101506
vt 0.661698 0.099145
vt 0.741562 0.031312
vt 0.752124 0.040383
vt 0.740978 0.043500
vt 0.694567 0.152589
vt 0.675267 0.128075
vt 0.546064 0.616582
vt 0.528543 0.618349
vt 0.525893 0.594587
vt 0.839654 0.963851
vt 0.850517 0.949144
vt 0.835268 0.939438
vt 0.823791 0.955732
vt 0.861605 0.934628
vt 0.846925 0.924153
vt 0.872647 0.919570
vt 0.859598 0.908369
vt 0.884019 0.905361
vt 0.872643 0.893825
vt 0.819372 0.159727
vt 0.805413 0.145663
vt 0.794673 0.130350
vt 0.783626 0.140173
vt 0.556100 0.646284
vt 0.548370 0.668681
vt 0.541467 0.670377
vt 0.537514 0.652125
vt 0.549122 0.684014
vt 0.542537 0.684689
vt 0.542277 0.633639
vt 0.531387 0.636204
vt 0.634481 0.872420
vt 0.615519 0.861352
vt 0.581217 0.842636
vt 0.564317 0.810399
vt 0.550299 0.781170
vt 0.547078 0.748421
vt 0.561469 0.616803
vt 0.569485 0.647566
vt 0.557120 0.666298
vt 0.558095 0.682830
vt 0.552673 0.631330
vt 0.533828 0.576767
vt 0.549846 0.701771
vt 0.537804 0.701798
vt 0.561591 0.699696
vt 0.550082 0.717258
vt 0.541462 0.721276
vt 0.561511 0.714564
vt 0.670922 0.097352
vt 0.736594 0.052519
vt 0.711692 0.042672
vt 0.713509 0.033241
vt 0.714564 0.023500
vt 0.581812 0.730090
vt 0.593261 0.756534
vt 0.576090 0.617639
vt 0.568658 0.631531
vt 0.567487 0.666884
vt 0.568991 0.683285
vt 0.606341 0.780816
vt 0.621060 0.805694
vt 0.573723 0.698409
vt 0.576507 0.711392
vt 0.634849 0.827076
vt 0.644466 0.839766
vt 0.570091 0.589790
vt 0.562885 0.599404
vt 0.575396 0.647976
vt 0.854154 0.970172
vt 0.864955 0.958530
vt 0.885951 0.930928
vt 0.896645 0.916791
vt 0.875936 0.945705
vt 0.820580 0.074609
vt 0.807628 0.063686
vt 0.809828 0.054447
vt 0.828697 0.058622
vt 0.797280 0.103027
vt 0.785860 0.089669
vt 0.797727 0.076592
vt 0.807490 0.088123
vt 0.811946 0.039120
vt 0.831998 0.043628
vt 0.786374 0.116072
vt 0.776538 0.101451
vt 0.778313 0.123200
vt 0.769972 0.108745
vt 0.580541 0.666676
vt 0.600326 0.670961
vt 0.598408 0.684168
vt 0.581640 0.682805
vt 0.628199 0.793329
vt 0.635911 0.781824
vt 0.640277 0.796385
vt 0.637698 0.813155
vt 0.586877 0.647816
vt 0.605188 0.656113
vt 0.617659 0.771144
vt 0.629019 0.761653
vt 0.585888 0.633936
vt 0.604666 0.641089
vt 0.606620 0.748276
vt 0.619923 0.739849
vt 0.586212 0.619526
vt 0.602499 0.625646
vt 0.596393 0.724934
vt 0.610123 0.719988
vt 0.589387 0.708779
vt 0.602870 0.706823
vt 0.585735 0.698066
vt 0.599774 0.697420
vt 0.581751 0.605332
vt 0.600117 0.612886
vt 0.586644 0.593800
vt 0.604952 0.602068
vt 0.649396 0.805720
vt 0.645469 0.824170
vt 0.612689 0.688165
vt 0.611999 0.698502
vt 0.623699 0.692534
vt 0.624710 0.700923
vt 0.632160 0.688760
vt 0.641242 0.701408
vt 0.636995 0.678898
vt 0.648106 0.686248
vt 0.636470 0.665272
vt 0.644044 0.663177
vt 0.624687 0.649578
vt 0.636955 0.644990
vt 0.616974 0.631681
vt 0.626943 0.628608
vt 0.611133 0.620582
vt 0.616237 0.615218
vt 0.622301 0.665928
vt 0.617245 0.678231
vt 0.646024 0.786551
vt 0.654318 0.790102
vt 0.656615 0.773867
vt 0.645639 0.773688
vt 0.657355 0.755307
vt 0.643433 0.752542
vt 0.648672 0.736672
vt 0.656760 0.736285
vt 0.641778 0.717342
vt 0.652403 0.713587
vt 0.613995 0.705413
vt 0.626814 0.704925
vt 0.635628 0.709468
vt 0.621490 0.714678
vt 0.632780 0.730886
vt 0.791131 0.064618
vt 0.801620 0.049859
vt 0.804048 0.043669
vt 0.796147 0.034231
vt 0.777983 0.078282
vt 0.764657 0.087715
vt 0.761487 0.092685
vt 0.760757 0.077920
vt 0.772124 0.073339
vt 0.777625 0.063500
vt 0.785936 0.042279
vt 0.785626 0.029637
vt 0.783850 0.052712
vt 0.753745 0.081270
vt 0.768640 0.041715
vt 0.774500 0.027351
vt 0.714360 0.013180
vt 0.739893 0.019784
vt 0.760702 0.025298
vt 0.646037 0.135164
vt 0.643116 0.105038
vt 0.649755 0.165480
vt 0.654076 0.190152
vt 0.627621 0.136701
vt 0.631223 0.150875
vt 0.643217 0.189583
vt 0.815800 0.356130
vt 0.599722 0.012885
vt 0.908420 0.422461
vt 0.909428 0.395175
vt 0.916860 0.395944
vt 0.913427 0.422890
vt 0.909842 0.368035
vt 0.919231 0.368883
vt 0.909939 0.341053
vt 0.921488 0.341879
vt 0.909758 0.314931
vt 0.922532 0.315754
vt 0.909583 0.288948
vt 0.923547 0.289218
vt 0.909390 0.263077
vt 0.924115 0.262848
vt 0.909465 0.239260
vt 0.925354 0.238701
vt 0.908526 0.215628
vt 0.926023 0.215544
vt 0.909054 0.191843
vt 0.926838 0.191609
vt 0.909887 0.168917
vt 0.927318 0.168665
vt 0.908700 0.143377
vt 0.924420 0.143784
vt 0.909757 0.116673
vt 0.926551 0.121177
vt 0.912323 0.086928
vt 0.925719 0.086527
vt 0.922895 0.396567
vt 0.918028 0.423431
vt 0.927523 0.369651
vt 0.931174 0.343219
vt 0.934345 0.317105
vt 0.936897 0.291063
vt 0.939741 0.264333
vt 0.942084 0.239127
vt 0.943547 0.215927
vt 0.943977 0.189686
vt 0.944353 0.165888
vt 0.942959 0.142461
vt 0.939036 0.114045
vt 0.936023 0.086301
vt 0.925235 0.061190
vt 0.932097 0.062924
vt 0.949076 0.063746
vt 0.940523 0.048426
vt 0.951668 0.043238
vt 0.963039 0.062294
vt 0.889818 0.423499
vt 0.880811 0.398544
vt 0.888896 0.397012
vt 0.895767 0.423500
vt 0.870744 0.373357
vt 0.882058 0.370792
vt 0.860852 0.348066
vt 0.876198 0.344742
vt 0.851439 0.322069
vt 0.870848 0.318889
vt 0.842533 0.295006
vt 0.865880 0.293041
vt 0.835552 0.267734
vt 0.861407 0.266838
vt 0.830421 0.239263
vt 0.857872 0.240398
vt 0.827687 0.210054
vt 0.855776 0.213283
vt 0.827840 0.181400
vt 0.856210 0.186239
vt 0.831058 0.154350
vt 0.861062 0.159055
vt 0.838152 0.131310
vt 0.860521 0.135296
vt 0.847241 0.113059
vt 0.872644 0.109249
vt 0.863541 0.087336
vt 0.880638 0.085754
vt 0.877285 0.066096
vt 0.888582 0.064651
vt 0.913278 0.060668
vt 0.902353 0.422612
vt 0.899972 0.395352
vt 0.897545 0.368084
vt 0.895173 0.341553
vt 0.892918 0.315656
vt 0.890956 0.290121
vt 0.889579 0.264833
vt 0.888375 0.240182
vt 0.887378 0.215362
vt 0.887493 0.190422
vt 0.886732 0.165746
vt 0.889747 0.139686
vt 0.892313 0.113485
vt 0.896657 0.086316
vt 0.900894 0.062493
vt 0.927371 0.397508
vt 0.921582 0.424097
vt 0.933771 0.371097
vt 0.939409 0.345090
vt 0.944541 0.319527
vt 0.949685 0.293406
vt 0.954264 0.266587
vt 0.957357 0.240643
vt 0.960651 0.214810
vt 0.962500 0.188943
vt 0.961045 0.163163
vt 0.959316 0.138457
vt 0.953643 0.112591
vt 0.946601 0.085733
vt 0.940604 0.064184
vt 0.937734 0.051725
vt 0.931821 0.398587
vt 0.924345 0.424779
vt 0.939292 0.372443
vt 0.946784 0.346948
vt 0.953856 0.321549
vt 0.960961 0.295690
vt 0.967121 0.268571
vt 0.971299 0.241961
vt 0.974965 0.217402
vt 0.978802 0.187895
vt 0.977779 0.160879
vt 0.975169 0.135005
vt 0.970245 0.109562
vt 0.958569 0.083804
vt 0.888834 0.048887
vt 0.894106 0.051825
vt 0.934361 0.399062
vt 0.926624 0.425288
vt 0.942979 0.372937
vt 0.952025 0.347850
vt 0.961068 0.322020
vt 0.969424 0.296648
vt 0.977393 0.270597
vt 0.984487 0.243381
vt 0.989073 0.215692
vt 0.991789 0.186741
vt 0.991830 0.159481
vt 0.989357 0.133173
vt 0.984881 0.107711
vt 0.976876 0.083059
vt 0.928717 0.045546
vt 0.933250 0.036523
vt 0.898043 0.038290
vt 0.903178 0.046783
vt 0.940218 0.029647
vt 0.928357 0.028623
vt 0.928170 0.020185
vt 0.912507 0.027716
vt 0.913315 0.041780
vt 0.925383 0.041987
vt 0.920543 0.022194
vt 0.922426 0.027010
s 1
usemtl skin
f 11/1/1 2/2/2 6/3/3
f 11/1/1 6/3/3 12/4/4
f 12/4/4 6/3/3 10/5/5
f 12/4/4 10/5/5 13/6/6
f 13/6/6 10/5/5 4/7/7
f 13/6/6 4/7/7 14/8/8
f 15/9/9 5/10/10 9/11/11
f 15/9/9 9/11/11 16/12/12
f 16/12/12 9/11/11 1/13/13
f 16/12/12 1/13/13 17/14/14
f 17/14/14 1/13/13 3/15/15
f 17/14/14 3/15/15 18/16/16
f 18/16/16 3/15/15 8/17/17
f 18/16/16 8/17/17 20/18/18
f 19/19/18 7/20/19 2/2/2
f 19/19/18 2/2/2 11/1/1
f 21/21/20 11/1/1 12/4/4
f 21/21/20 12/4/4 22/22/21
f 22/22/21 12/4/4 13/6/6
f 22/22/21 13/6/6 23/23/22
f 23/23/22 13/6/6 14/8/8
f 23/23/22 14/8/8 24/24/23
f 25/25/23 15/9/9 16/12/12
f 25/25/23 16/12/12 26/26/24
f 26/26/24 16/12/12 17/14/14
f 26/26/24 17/14/14 27/27/25
f 27/27/25 17/14/14 18/16/16
f 27/27/25 18/16/16 28/28/26
f 28/28/26 18/16/16 20/18/18
f 28/28/26 20/18/18 30/29/27
f 29/30/28 19/19/18 11/1/1
f 29/30/28 11/1/1 21/21/20
f 22/22/21 23/23/22 32/31/29
f 22/22/21 32/31/29 31/32/30
f 32/31/29 35/33/31 33/34/32
f 32/31/29 33/34/32 31/32/30
f 35/33/31 32/31/29 23/23/22
f 35/33/31 23/23/22 24/24/23
f 34/35/33 36/36/34 38/37/35
f 34/35/33 38/37/35 37/38/36
f 36/36/34 25/25/23 26/26/24
f 36/36/34 26/26/24 38/37/35
f 38/37/35 26/26/24 27/27/25
f 38/37/35 27/27/25 37/38/36
f 27/27/25 28/28/26 39/39/37
f 27/27/25 39/39/37 37/38/36
f 39/39/37 41/40/38 34/35/33
f 39/39/37 34/35/33 37/38/36
f 33/34/32 40/41/39 42/42/40
f 33/34/32 42/42/40 31/32/30
f 42/42/40 21/21/20 22/22/21
f 42/42/40 22/22/21 31/32/30
f 29/30/28 21/21/20 42/42/40
f 29/30/28 42/42/40 40/41/39
f 41/40/38 39/39/37 28/28/26
f 41/40/38 28/28/26 30/29/27
f 7/20/19 43/43/41 45/44/42
f 7/20/19 45/44/42 2/2/2
f 2/2/2 45/44/42 46/45/43
f 2/2/2 46/45/43 47/46/44
f 46/45/43 48/47/45 49/48/46
f 46/45/43 49/48/46 47/46/44
f 49/48/46 48/47/45 51/49/47
f 49/48/46 51/49/47 53/50/48
f 50/51/49 55/52/50 54/53/51
f 50/51/49 54/53/51 52/54/48
f 54/53/51 55/52/50 57/55/52
f 54/53/51 57/55/52 56/56/53
f 57/55/52 59/57/54 58/58/55
f 57/55/52 58/58/55 56/56/53
f 58/58/55 59/57/54 44/59/56
f 58/58/55 44/59/56 8/17/17
f 60/60/57 61/61/58 73/62/59
f 60/60/57 73/62/59 71/63/60
f 62/64/58 63/65/61 74/66/62
f 62/64/58 74/66/62 72/67/63
f 63/65/61 64/68/64 75/69/65
f 63/65/61 75/69/65 74/66/62
f 64/68/64 65/70/66 76/71/67
f 64/68/64 76/71/67 75/69/65
f 65/70/66 67/72/68 78/73/69
f 65/70/66 78/73/69 76/71/67
f 66/74/68 68/75/70 79/76/71
f 66/74/68 79/76/71 77/77/72
f 68/75/70 69/78/73 70/79/74
f 68/75/70 70/79/74 79/76/71
f 69/78/73 60/60/57 71/63/60
f 69/78/73 71/63/60 70/79/74
f 70/79/74 71/63/60 48/47/45
f 70/79/74 48/47/45 46/45/43
f 71/63/60 73/62/59 51/49/47
f 71/63/60 51/49/47 48/47/45
f 72/67/63 74/66/62 55/52/50
f 72/67/63 55/52/50 50/51/49
f 74/66/62 75/69/65 57/55/52
f 74/66/62 57/55/52 55/52/50
f 75/69/65 76/71/67 59/57/54
f 75/69/65 59/57/54 57/55/52
f 76/71/67 78/73/69 44/59/56
f 76/71/67 44/59/56 59/57/54
f 77/77/72 79/76/71 45/44/42
f 77/77/72 45/44/42 43/43/41
f 79/76/71 70/79/74 46/45/43
f 79/76/71 46/45/43 45/44/42
f 68/75/70 66/74/68 80/80/75
f 68/75/70 80/80/75 69/78/73
f 81/81/76 67/72/68 65/70/66
f 81/81/76 65/70/66 64/68/64
f 64/68/64 63/65/61 62/64/58
f 64/68/64 62/64/58 81/81/76
f 60/60/57 69/78/73 80/80/75
f 60/60/57 80/80/75 61/61/58
f 108/82/77 113/83/78 112/84/79
f 108/82/77 112/84/79 110/85/80
f 110/85/80 112/84/79 111/86/81
f 110/85/80 111/86/81 101/87/82
f 111/86/81 120/88/83 102/89/84
f 111/86/81 102/89/84 101/87/82
f 102/89/84 120/88/83 119/90/85
f 102/89/84 119/90/85 103/91/86
f 114/92/87 109/93/88 107/94/89
f 114/92/87 107/94/89 115/95/90
f 107/94/89 106/96/91 116/97/92
f 107/94/89 116/97/92 115/95/90
f 116/97/92 106/96/91 104/98/93
f 116/97/92 104/98/93 117/99/94
f 119/90/85 118/100/95 105/101/96
f 119/90/85 105/101/96 103/91/86
f 101/87/82 102/89/84 88/102/97
f 101/87/82 88/102/97 86/103/98
f 88/102/97 102/89/84 103/91/86
f 88/102/97 103/91/86 90/104/99
f 103/91/86 105/101/96 100/105/100
f 103/91/86 100/105/100 90/104/99
f 106/96/91 96/106/101 99/107/102
f 106/96/91 99/107/102 104/98/93
f 93/108/103 96/106/101 106/96/91
f 93/108/103 106/96/91 107/94/89
f 109/93/88 52/54/48 93/108/103
f 109/93/88 93/108/103 107/94/89
f 53/50/48 108/82/77 110/85/80
f 53/50/48 110/85/80 49/48/46
f 49/48/46 110/85/80 101/87/82
f 49/48/46 101/87/82 86/103/98
f 112/84/79 82/109/104 85/110/105
f 112/84/79 85/110/105 111/86/81
f 113/83/78 83/111/106 82/109/104
f 113/83/78 82/109/104 112/84/79
f 84/112/107 114/92/87 115/95/90
f 84/112/107 115/95/90 92/113/108
f 115/95/90 116/97/92 94/114/109
f 115/95/90 94/114/109 92/113/108
f 94/114/109 116/97/92 117/99/94
f 94/114/109 117/99/94 97/115/110
f 89/116/111 98/117/110 118/100/95
f 89/116/111 118/100/95 119/90/85
f 120/88/83 87/118/112 89/116/111
f 120/88/83 89/116/111 119/90/85
f 85/110/105 87/118/112 120/88/83
f 85/110/105 120/88/83 111/86/81
f 82/109/104 83/111/106 121/119/113
f 82/109/104 121/119/113 85/110/105
f 121/119/113 83/111/106 91/120/108
f 121/119/113 91/120/108 95/121/114
f 85/110/105 121/119/113 89/116/111
f 85/110/105 89/116/111 87/118/112
f 121/119/113 95/121/114 98/117/110
f 121/119/113 98/117/110 89/116/111
f 6/3/3 2/2/2 47/46/44
f 6/3/3 47/46/44 122/122/115
f 122/122/115 47/46/44 49/48/46
f 122/122/115 49/48/46 86/103/98
f 8/17/17 3/15/15 123/123/116
f 8/17/17 123/123/116 58/58/55
f 123/123/116 3/15/15 1/13/13
f 123/123/116 1/13/13 124/124/117
f 1/13/13 9/11/11 125/125/118
f 1/13/13 125/125/118 124/124/117
f 125/125/118 9/11/11 5/10/10
f 125/125/118 5/10/10 127/126/119
f 4/7/7 10/5/5 128/127/120
f 4/7/7 128/127/120 126/128/121
f 128/127/120 10/5/5 6/3/3
f 128/127/120 6/3/3 122/122/115
f 126/128/121 128/127/120 129/129/122
f 126/128/121 129/129/122 130/130/123
f 128/127/120 122/122/115 131/131/124
f 128/127/120 131/131/124 129/129/122
f 131/131/124 122/122/115 86/103/98
f 131/131/124 86/103/98 88/102/97
f 56/56/53 58/58/55 123/123/116
f 56/56/53 123/123/116 132/132/125
f 123/123/116 124/124/117 133/133/126
f 123/123/116 133/133/126 132/132/125
f 133/133/126 124/124/117 125/125/118
f 133/133/126 125/125/118 134/134/127
f 125/125/118 127/126/119 136/135/128
f 125/125/118 136/135/128 134/134/127
f 135/136/129 126/128/121 130/130/123
f 135/136/129 130/130/123 137/137/130
f 52/54/48 54/53/51 138/138/131
f 52/54/48 138/138/131 93/108/103
f 138/138/131 139/139/132 96/106/101
f 138/138/131 96/106/101 93/108/103
f 96/106/101 139/139/132 140/140/133
f 96/106/101 140/140/133 99/107/102
f 141/141/134 142/142/135 90/104/99
f 141/141/134 90/104/99 100/105/100
f 90/104/99 142/142/135 143/143/136
f 90/104/99 143/143/136 88/102/97
f 143/143/136 144/144/137 131/131/124
f 143/143/136 131/131/124 88/102/97
f 132/132/125 138/138/131 54/53/51
f 132/132/125 54/53/51 56/56/53
f 130/130/123 145/145/138 146/146/139
f 130/130/123 146/146/139 137/137/130
f 145/145/138 130/130/123 129/129/122
f 145/145/138 129/129/122 147/147/140
f 129/129/122 131/131/124 148/148/141
f 129/129/122 148/148/141 147/147/140
f 148/148/141 131/131/124 144/144/137
f 148/148/141 144/144/137 149/149/142
f 137/137/130 146/146/139 150/150/143
f 137/137/130 150/150/143 152/151/144
f 150/150/143 153/152/145 154/153/146
f 150/150/143 154/153/146 152/151/144
f 154/153/146 153/152/145 156/154/147
f 154/153/146 156/154/147 157/155/148
f 156/154/147 149/149/142 144/144/137
f 156/154/147 144/144/137 157/155/148
f 159/156/149 160/157/150 145/145/138
f 159/156/149 145/145/138 147/147/140
f 160/157/150 161/158/151 146/146/139
f 160/157/150 146/146/139 145/145/138
f 161/158/151 162/159/152 150/150/143
f 161/158/151 150/150/143 146/146/139
f 162/159/152 163/160/153 153/152/145
f 162/159/152 153/152/145 150/150/143
f 163/160/153 164/161/154 156/154/147
f 163/160/153 156/154/147 153/152/145
f 164/161/154 165/162/155 149/149/142
f 164/161/154 149/149/142 156/154/147
f 165/162/155 166/163/156 148/148/141
f 165/162/155 148/148/141 149/149/142
f 166/163/156 159/156/149 147/147/140
f 166/163/156 147/147/140 148/148/141
f 159/156/149 167/164/157 161/158/151
f 159/156/149 161/158/151 160/157/150
f 161/158/151 167/164/157 163/160/153
f 161/158/151 163/160/153 162/159/152
f 167/164/157 165/162/155 164/161/154
f 167/164/157 164/161/154 163/160/153
f 167/164/157 159/156/149 166/163/156
f 167/164/157 166/163/156 165/162/155
f 157/155/148 144/144/137 143/143/136
f 157/155/148 143/143/136 168/165/158
f 143/143/136 142/142/135 170/166/159
f 143/143/136 170/166/159 168/165/158
f 170/166/159 142/142/135 141/141/134
f 170/166/159 141/141/134 173/167/160
f 140/140/133 139/139/132 176/168/161
f 140/140/133 176/168/161 172/169/162
f 176/168/161 139/139/132 138/138/131
f 176/168/161 138/138/131 178/170/163
f 138/138/131 132/132/125 181/171/164
f 138/138/131 181/171/164 178/170/163
f 181/171/164 132/132/125 133/133/126
f 181/171/164 133/133/126 183/172/165
f 133/133/126 134/134/127 185/173/166
f 133/133/126 185/173/166 183/172/165
f 185/173/166 134/134/127 136/135/128
f 185/173/166 136/135/128 189/174/167
f 135/136/129 137/137/130 152/151/144
f 135/136/129 152/151/144 188/175/168
f 235/176/169 234/177/170 226/178/171
f 235/176/169 226/178/171 225/179/172
f 234/177/170 233/180/173 228/181/174
f 234/177/170 228/181/174 226/178/171
f 232/182/175 231/183/176 229/184/177
f 232/182/175 229/184/177 227/185/178
f 231/183/176 230/186/179 216/187/180
f 231/183/176 216/187/180 229/184/177
f 230/186/179 243/188/181 217/189/182
f 230/186/179 217/189/182 216/187/180
f 243/188/181 242/190/183 218/191/184
f 243/188/181 218/191/184 217/189/182
f 242/190/183 241/192/185 219/193/186
f 242/190/183 219/193/186 218/191/184
f 241/192/185 240/194/187 221/195/188
f 241/192/185 221/195/188 219/193/186
f 239/196/189 238/197/190 222/198/191
f 239/196/189 222/198/191 220/199/192
f 238/197/190 237/200/193 223/201/194
f 238/197/190 223/201/194 222/198/191
f 237/200/193 236/202/195 224/203/196
f 237/200/193 224/203/196 223/201/194
f 236/202/195 235/176/169 225/179/172
f 236/202/195 225/179/172 224/203/196
f 216/187/180 217/189/182 158/204/148
f 216/187/180 158/204/148 169/205/197
f 217/189/182 218/191/184 155/206/198
f 217/189/182 155/206/198 158/204/148
f 218/191/184 219/193/186 151/207/199
f 218/191/184 151/207/199 155/206/198
f 219/193/186 221/195/188 187/208/200
f 219/193/186 187/208/200 151/207/199
f 220/199/192 222/198/191 184/209/201
f 220/199/192 184/209/201 186/210/167
f 222/198/191 223/201/194 182/211/202
f 222/198/191 182/211/202 184/209/201
f 223/201/194 224/203/196 180/212/203
f 223/201/194 180/212/203 182/211/202
f 224/203/196 225/179/172 179/213/204
f 224/203/196 179/213/204 180/212/203
f 225/179/172 226/178/171 177/214/205
f 225/179/172 177/214/205 179/213/204
f 226/178/171 228/181/174 175/215/206
f 226/178/171 175/215/206 177/214/205
f 227/185/178 229/184/177 171/216/207
f 227/185/178 171/216/207 174/217/208
f 229/184/177 216/187/180 169/205/197
f 229/184/177 169/205/197 171/216/207
f 259/218/209 258/219/210 244/220/211
f 259/218/209 244/220/211 257/221/212
f 260/222/213 259/218/209 257/221/212
f 260/222/213 257/221/212 255/223/214
f 262/224/215 261/225/216 256/226/217
f 262/224/215 256/226/217 254/227/218
f 263/228/219 262/224/215 254/227/218
f 263/228/219 254/227/218 253/229/220
f 264/230/221 263/228/219 253/229/220
f 264/230/221 253/229/220 252/231/222
f 265/232/223 264/230/221 252/231/222
f 265/232/223 252/231/222 251/233/224
f 266/234/225 265/232/223 251/233/224
f 266/234/225 251/233/224 250/235/226
f 267/236/227 266/234/225 250/235/226
f 267/236/227 250/235/226 248/237/228
f 269/238/229 268/239/230 249/240/231
f 269/238/229 249/240/231 247/241/232
f 270/242/233 269/238/229 247/241/232
f 270/242/233 247/241/232 246/243/234
f 271/244/235 270/242/233 246/243/234
f 271/244/235 246/243/234 245/245/236
f 258/219/210 271/244/235 245/245/236
f 258/219/210 245/245/236 244/220/211
f 244/220/211 245/245/236 243/188/181
f 244/220/211 243/188/181 230/186/179
f 245/245/236 246/243/234 242/190/183
f 245/245/236 242/190/183 243/188/181
f 246/243/234 247/241/232 241/192/185
f 246/243/234 241/192/185 242/190/183
f 247/241/232 249/240/231 240/194/187
f 247/241/232 240/194/187 241/192/185
f 248/237/228 250/235/226 238/197/190
f 248/237/228 238/197/190 239/196/189
f 250/235/226 251/233/224 237/200/193
f 250/235/226 237/200/193 238/197/190
f 251/233/224 252/231/222 236/202/195
f 251/233/224 236/202/195 237/200/193
f 252/231/222 253/229/220 235/176/169
f 252/231/222 235/176/169 236/202/195
f 253/229/220 254/227/218 234/177/170
f 253/229/220 234/177/170 235/176/169
f 254/227/218 256/226/217 233/180/173
f 254/227/218 233/180/173 234/177/170
f 255/223/214 257/221/212 231/183/176
f 255/223/214 231/183/176 232/182/175
f 257/221/212 244/220/211 230/186/179
f 257/221/212 230/186/179 231/183/176
f 287/246/237 286/247/238 272/248/239
f 287/246/237 272/248/239 285/249/240
f 288/250/241 287/246/237 285/249/240
f 288/250/241 285/249/240 283/251/242
f 290/252/243 289/253/244 284/254/245
f 290/252/243 284/254/245 282/255/246
f 291/256/247 290/252/243 282/255/246
f 291/256/247 282/255/246 281/257/248
f 292/258/249 291/256/247 281/257/248
f 292/258/249 281/257/248 280/259/250
f 293/260/251 292/258/249 280/259/250
f 293/260/251 280/259/250 279/261/252
f 294/262/253 293/260/251 279/261/252
f 294/262/253 279/261/252 278/263/254
f 295/264/255 294/262/253 278/263/254
f 295/264/255 278/263/254 276/265/256
f 297/266/257 296/267/258 277/268/259
f 297/266/257 277/268/259 275/269/260
f 298/270/261 297/266/257 275/269/260
f 298/270/261 275/269/260 274/271/262
f 299/272/263 298/270/261 274/271/262
f 299/272/263 274/271/262 273/273/264
f 286/247/238 299/272/263 273/273/264
f 286/247/238 273/273/264 272/248/239
f 272/248/239 273/273/264 271/244/235
f 272/248/239 271/244/235 258/219/210
f 273/273/264 274/271/262 270/242/233
f 273/273/264 270/242/233 271/244/235
f 274/271/262 275/269/260 269/238/229
f 274/271/262 269/238/229 270/242/233
f 275/269/260 277/268/259 268/239/230
f 275/269/260 268/239/230 269/238/229
f 276/265/256 278/263/254 266/234/225
f 276/265/256 266/234/225 267/236/227
f 278/263/254 279/261/252 265/232/223
f 278/263/254 265/232/223 266/234/225
f 279/261/252 280/259/250 264/230/221
f 279/261/252 264/230/221 265/232/223
f 280/259/250 281/257/248 263/228/219
f 280/259/250 263/228/219 264/230/221
f 281/257/248 282/255/246 262/224/215
f 281/257/248 262/224/215 263/228/219
f 282/255/246 284/254/245 261/225/216
f 282/255/246 261/225/216 262/224/215
f 283/251/242 285/249/240 259/218/209
f 283/251/242 259/218/209 260/222/213
f 285/249/240 272/248/239 258/219/210
f 285/249/240 258/219/210 259/218/209
f 197/274/265 199/275/266 328/276/267
f 197/274/265 328/276/267 341/277/268
f 194/278/269 197/274/265 341/277/268
f 194/278/269 341/277/268 339/279/270
f 192/280/271 195/281/272 340/282/273
f 192/280/271 340/282/273 338/283/274
f 190/284/275 192/280/271 338/283/274
f 190/284/275 338/283/274 337/285/276
f 214/286/277 190/284/275 337/285/276
f 214/286/277 337/285/276 336/287/278
f 212/288/279 214/286/277 336/287/278
f 212/288/279 336/287/278 335/289/280
f 210/290/281 212/288/279 335/289/280
f 210/290/281 335/289/280 334/291/282
f 207/292/283 210/290/281 334/291/282
f 207/292/283 334/291/282 332/293/284
f 206/294/285 208/295/286 333/296/287
f 206/294/285 333/296/287 331/297/288
f 203/298/289 206/294/285 331/297/288
f 203/298/289 331/297/288 330/299/290
f 201/300/291 203/298/289 330/299/290
f 201/300/291 330/299/290 329/301/292
f 199/275/266 201/300/291 329/301/292
f 199/275/266 329/301/292 328/276/267
f 300/302/293 301/303/294 299/272/263
f 300/302/293 299/272/263 286/247/238
f 301/303/294 302/304/295 298/270/261
f 301/303/294 298/270/261 299/272/263
f 302/304/295 303/305/296 297/266/257
f 302/304/295 297/266/257 298/270/261
f 303/305/296 305/306/297 296/267/258
f 303/305/296 296/267/258 297/266/257
f 304/307/298 306/308/299 294/262/253
f 304/307/298 294/262/253 295/264/255
f 306/308/299 307/309/300 293/260/251
f 306/308/299 293/260/251 294/262/253
f 307/309/300 308/310/301 292/258/249
f 307/309/300 292/258/249 293/260/251
f 308/310/301 309/311/302 291/256/247
f 308/310/301 291/256/247 292/258/249
f 309/311/302 310/312/303 290/252/243
f 309/311/302 290/252/243 291/256/247
f 310/312/303 312/313/304 289/253/244
f 310/312/303 289/253/244 290/252/243
f 311/314/305 313/315/306 287/246/237
f 311/314/305 287/246/237 288/250/241
f 313/315/306 300/302/293 286/247/238
f 313/315/306 286/247/238 287/246/237
f 314/316/307 315/317/308 310/312/303
f 314/316/307 310/312/303 309/311/302
f 315/317/308 317/318/309 312/313/304
f 315/317/308 312/313/304 310/312/303
f 316/319/310 318/320/311 313/315/306
f 316/319/310 313/315/306 311/314/305
f 318/320/311 319/321/312 300/302/293
f 318/320/311 300/302/293 313/315/306
f 319/321/312 320/322/313 301/303/294
f 319/321/312 301/303/294 300/302/293
f 320/322/313 321/323/314 302/304/295
f 320/322/313 302/304/295 301/303/294
f 321/323/314 322/324/315 303/305/296
f 321/323/314 303/305/296 302/304/295
f 322/324/315 324/325/316 305/306/297
f 322/324/315 305/306/297 303/305/296
f 323/326/317 325/327/318 306/308/299
f 323/326/317 306/308/299 304/307/298
f 325/327/318 326/328/319 307/309/300
f 325/327/318 307/309/300 306/308/299
f 326/328/319 327/329/320 308/310/301
f 326/328/319 308/310/301 307/309/300
f 327/329/320 314/316/307 309/311/302
f 327/329/320 309/311/302 308/310/301
f 328/276/267 329/301/292 320/322/313
f 328/276/267 320/322/313 319/321/312
f 329/301/292 330/299/290 321/323/314
f 329/301/292 321/323/314 320/322/313
f 330/299/290 331/297/288 322/324/315
f 330/299/290 322/324/315 321/323/314
f 331/297/288 333/296/287 324/325/316
f 331/297/288 324/325/316 322/324/315
f 332/293/284 334/291/282 325/327/318
f 332/293/284 325/327/318 323/326/317
f 334/291/282 335/289/280 326/328/319
f 334/291/282 326/328/319 325/327/318
f 335/289/280 336/287/278 327/329/320
f 335/289/280 327/329/320 326/328/319
f 336/287/278 337/285/276 314/316/307
f 336/287/278 314/316/307 327/329/320
f 337/285/276 338/283/274 315/317/308
f 337/285/276 315/317/308 314/316/307
f 338/283/274 340/282/273 317/318/309
f 338/283/274 317/318/309 315/317/308
f 339/279/270 341/277/268 318/320/311
f 339/279/270 318/320/311 316/319/310
f 341/277/268 328/276/267 319/321/312
f 341/277/268 319/321/312 318/320/311
f 367/330/321 366/331/322 377/332/323
f 367/330/321 377/332/323 356/333/324
f 342/334/325 373/335/326 1674/336/327
f 342/334/325 1674/336/327 1658/337/328
f 376/338/329 368/339/330 367/330/321
f 376/338/329 367/330/321 356/333/324
f 376/338/329 396/340/331 394/341/332
f 376/338/329 394/341/332 368/339/330
f 1134/342/333 1146/343/334 345/344/335
f 1134/342/333 345/344/335 350/345/336
f 191/346/337 215/347/338 348/348/339
f 191/346/337 348/348/339 371/349/340
f 196/350/341 193/351/342 349/352/343
f 196/350/341 349/352/343 372/353/344
f 372/353/344 354/354/345 355/355/346
f 372/353/344 355/355/346 379/356/347
f 397/357/348 395/340/349 375/338/350
f 397/357/348 375/338/350 362/358/351
f 378/332/352 358/359/353 204/360/354
f 378/332/352 204/360/354 202/361/355
f 200/362/356 359/363/357 378/332/352
f 200/362/356 378/332/352 202/361/355
f 382/364/358 359/363/357 200/362/356
f 382/364/358 200/362/356 198/365/359
f 363/366/360 381/367/361 362/358/351
f 363/366/360 362/358/351 382/364/358
f 377/332/323 366/331/322 365/368/362
f 377/332/323 365/368/362 358/359/353
f 1135/369/363 1145/370/364 344/371/365
f 1135/369/363 344/371/365 1661/372/366
f 1001/373/367 1131/374/368 1132/375/369
f 1001/373/367 1132/375/369 955/376/370
f 347/377/371 371/349/340 348/348/339
f 347/377/371 348/348/339 369/378/372
f 349/352/343 371/349/340 347/377/371
f 349/352/343 347/377/371 370/379/373
f 354/354/345 372/353/344 349/352/343
f 354/354/345 349/352/343 370/379/373
f 349/352/343 193/351/342 191/346/337
f 349/352/343 191/346/337 371/349/340
f 1144/380/374 1134/342/333 350/345/336
f 1144/380/374 350/345/336 352/381/375
f 364/382/376 196/350/341 372/353/344
f 364/382/376 372/353/344 379/356/347
f 375/338/350 357/333/377 378/332/352
f 375/338/350 378/332/352 359/363/357
f 382/364/358 362/358/351 375/338/350
f 382/364/358 375/338/350 359/363/357
f 380/383/378 360/384/379 1675/336/380
f 380/383/378 1675/336/380 374/335/381
f 361/385/382 1673/386/383 360/384/379
f 361/385/382 360/384/379 380/383/378
f 362/358/351 381/367/361 398/387/384
f 362/358/351 398/387/384 397/357/348
f 198/365/359 383/388/385 363/366/360
f 198/365/359 363/366/360 382/364/358
f 196/350/341 364/382/376 383/388/385
f 196/350/341 383/388/385 198/365/359
f 365/368/362 384/389/386 204/360/354
f 365/368/362 204/360/354 358/359/353
f 204/360/354 384/389/386 385/390/387
f 204/360/354 385/390/387 205/391/388
f 205/391/388 385/390/387 386/392/389
f 205/391/388 386/392/389 209/393/390
f 386/392/389 387/394/391 211/395/392
f 386/392/389 211/395/392 209/393/390
f 211/395/392 387/394/391 388/396/393
f 211/395/392 388/396/393 213/397/394
f 388/396/393 389/398/395 215/347/338
f 388/396/393 215/347/338 213/397/394
f 215/347/338 389/398/395 390/399/396
f 215/347/338 390/399/396 348/348/339
f 390/399/396 391/400/397 369/378/372
f 390/399/396 369/378/372 348/348/339
f 1145/370/364 1136/401/398 393/402/399
f 1145/370/364 393/402/399 344/371/365
f 396/340/331 373/335/326 342/334/325
f 396/340/331 342/334/325 394/341/332
f 380/383/378 374/335/381 395/340/349
f 380/383/378 395/340/349 397/357/348
f 397/357/348 398/387/384 361/385/382
f 397/357/348 361/385/382 380/383/378
f 880/403/400 370/379/373 347/377/371
f 880/403/400 347/377/371 879/404/401
f 417/405/402 416/406/403 379/356/347
f 417/405/402 379/356/347 355/355/346
f 416/406/403 415/407/404 364/382/376
f 416/406/403 364/382/376 379/356/347
f 415/407/404 414/408/405 383/388/385
f 415/407/404 383/388/385 364/382/376
f 414/408/405 413/409/406 363/366/360
f 414/408/405 363/366/360 383/388/385
f 413/409/406 412/410/407 381/367/361
f 413/409/406 381/367/361 363/366/360
f 412/410/407 411/411/408 398/387/384
f 412/410/407 398/387/384 381/367/361
f 411/411/408 410/412/409 361/385/382
f 411/411/408 361/385/382 398/387/384
f 410/412/409 409/413/410 1673/386/383
f 410/412/409 1673/386/383 361/385/382
f 408/414/411 1706/415/412 430/416/413
f 408/414/411 430/416/413 429/417/414
f 407/418/415 408/414/411 429/417/414
f 407/418/415 429/417/414 428/419/416
f 406/420/417 407/418/415 428/419/416
f 406/420/417 428/419/416 427/421/418
f 404/422/419 406/420/417 427/421/418
f 404/422/419 427/421/418 426/423/420
f 402/424/421 404/422/419 426/423/420
f 402/424/421 426/423/420 425/425/422
f 401/426/423 402/424/421 425/425/422
f 401/426/423 425/425/422 424/427/424
f 400/428/425 401/426/423 424/427/424
f 400/428/425 424/427/424 423/429/426
f 399/430/427 400/428/425 423/429/426
f 399/430/427 423/429/426 422/431/428
f 883/432/429 417/405/402 355/355/346
f 883/432/429 355/355/346 876/433/430
f 882/434/431 399/430/427 422/431/428
f 882/434/431 422/431/428 884/435/432
f 422/431/428 423/429/426 416/406/403
f 422/431/428 416/406/403 417/405/402
f 423/429/426 424/427/424 415/407/404
f 423/429/426 415/407/404 416/406/403
f 424/427/424 425/425/422 414/408/405
f 424/427/424 414/408/405 415/407/404
f 425/425/422 426/423/420 413/409/406
f 425/425/422 413/409/406 414/408/405
f 426/423/420 427/421/418 412/410/407
f 426/423/420 412/410/407 413/409/406
f 427/421/418 428/419/416 411/411/408
f 427/421/418 411/411/408 412/410/407
f 428/419/416 429/417/414 410/412/409
f 428/419/416 410/412/409 411/411/408
f 429/417/414 430/416/413 409/413/410
f 429/417/414 409/413/410 410/412/409
f 408/414/411 431/436/433 1724/437/434
f 408/414/411 1724/437/434 1706/415/412
f 431/436/433 408/414/411 407/418/415
f 431/436/433 407/418/415 432/438/435
f 407/418/415 406/420/417 433/439/436
f 407/418/415 433/439/436 432/438/435
f 433/439/436 406/420/417 405/422/437
f 433/439/436 405/422/437 434/440/438
f 405/422/437 403/424/439 435/441/440
f 405/422/437 435/441/440 434/440/438
f 435/441/440 403/424/439 401/426/423
f 435/441/440 401/426/423 436/442/441
f 401/426/423 400/428/425 437/443/442
f 401/426/423 437/443/442 436/442/441
f 437/443/442 400/428/425 399/430/427
f 437/443/442 399/430/427 438/444/443
f 1147/445/444 1695/446/445 440/447/446
f 1147/445/444 440/447/446 1138/448/447
f 884/435/432 422/431/428 417/405/402
f 884/435/432 417/405/402 883/432/429
f 446/449/448 470/450/449 468/451/450
f 446/449/448 468/451/450 438/444/443
f 449/452/451 448/453/452 451/454/453
f 449/452/451 451/454/453 452/455/454
f 481/456/455 1742/457/456 1744/458/457
f 481/456/455 1744/458/457 482/459/458
f 432/438/435 433/439/436 463/460/459
f 432/438/435 463/460/459 462/461/460
f 462/461/460 461/462/461 431/436/433
f 462/461/460 431/436/433 432/438/435
f 431/436/433 461/462/461 1753/463/462
f 431/436/433 1753/463/462 1724/437/434
f 434/440/438 464/464/463 463/460/459
f 434/440/438 463/460/459 433/439/436
f 464/464/463 434/440/438 435/441/440
f 464/464/463 435/441/440 465/465/464
f 435/441/440 436/442/441 466/466/465
f 435/441/440 466/466/465 465/465/464
f 466/466/465 436/442/441 437/443/442
f 466/466/465 437/443/442 467/467/466
f 437/443/442 438/444/443 468/451/450
f 437/443/442 468/451/450 467/467/466
f 461/462/461 455/468/467 456/469/468
f 461/462/461 456/469/468 1753/463/462
f 454/470/469 455/468/467 461/462/461
f 454/470/469 461/462/461 462/461/460
f 462/461/460 463/460/459 453/471/470
f 462/461/460 453/471/470 454/470/469
f 464/464/463 457/472/471 453/471/470
f 464/464/463 453/471/470 463/460/459
f 457/472/471 464/464/463 465/465/464
f 457/472/471 465/465/464 458/473/472
f 465/465/464 466/466/465 459/474/473
f 465/465/464 459/474/473 458/473/472
f 459/474/473 466/466/465 467/467/466
f 459/474/473 467/467/466 460/475/474
f 467/467/466 468/451/450 449/452/451
f 467/467/466 449/452/451 460/475/474
f 470/450/449 448/453/452 449/452/451
f 470/450/449 449/452/451 468/451/450
f 455/468/467 471/476/475 1765/477/476
f 455/468/467 1765/477/476 456/469/468
f 1765/477/476 471/476/475 472/478/477
f 1765/477/476 472/478/477 473/479/478
f 472/478/477 475/480/479 1770/481/480
f 472/478/477 1770/481/480 473/479/478
f 455/468/467 454/470/469 476/482/481
f 455/468/467 476/482/481 471/476/475
f 476/482/481 477/483/482 472/478/477
f 476/482/481 472/478/477 471/476/475
f 472/478/477 477/483/482 479/484/483
f 472/478/477 479/484/483 475/480/479
f 451/454/453 481/456/455 482/459/458
f 451/454/453 482/459/458 452/455/454
f 485/485/484 483/486/485 1769/487/486
f 485/485/484 1769/487/486 474/488/487
f 486/489/488 1780/490/489 483/486/485
f 486/489/488 483/486/485 485/485/484
f 487/491/490 1783/492/491 1780/490/489
f 487/491/490 1780/490/489 486/489/488
f 482/459/458 1744/458/457 1783/492/491
f 482/459/458 1783/492/491 487/491/490
f 478/493/492 488/494/493 485/485/484
f 478/493/492 485/485/484 474/488/487
f 485/485/484 488/494/493 489/495/494
f 485/485/484 489/495/494 486/489/488
f 489/495/494 490/496/495 487/491/490
f 489/495/494 487/491/490 486/489/488
f 487/491/490 490/496/495 452/455/454
f 487/491/490 452/455/454 482/459/458
f 454/470/469 453/471/470 507/497/496
f 454/470/469 507/497/496 476/482/481
f 507/497/496 453/471/470 457/472/471
f 507/497/496 457/472/471 508/498/497
f 457/472/471 458/473/472 509/499/498
f 457/472/471 509/499/498 508/498/497
f 509/499/498 458/473/472 459/474/473
f 509/499/498 459/474/473 510/500/499
f 459/474/473 460/475/474 511/501/500
f 459/474/473 511/501/500 510/500/499
f 511/501/500 460/475/474 449/452/451
f 511/501/500 449/452/451 452/455/454
f 476/482/481 507/497/496 526/502/501
f 476/482/481 526/502/501 524/503/502
f 523/504/503 477/483/482 476/482/481
f 523/504/503 476/482/481 524/503/502
f 477/483/482 523/504/503 521/505/504
f 477/483/482 521/505/504 479/484/483
f 517/506/505 488/494/493 478/493/492
f 517/506/505 478/493/492 520/507/506
f 488/494/493 517/506/505 515/508/507
f 488/494/493 515/508/507 489/495/494
f 513/509/508 490/496/495 489/495/494
f 513/509/508 489/495/494 515/508/507
f 508/498/497 528/510/509 526/502/501
f 508/498/497 526/502/501 507/497/496
f 528/510/509 508/498/497 509/499/498
f 528/510/509 509/499/498 530/511/510
f 510/500/499 532/512/511 530/511/510
f 510/500/499 530/511/510 509/499/498
f 532/512/511 510/500/499 511/501/500
f 532/512/511 511/501/500 534/513/512
f 452/455/454 494/514/513 534/513/512
f 452/455/454 534/513/512 511/501/500
f 490/496/495 513/509/508 494/514/513
f 490/496/495 494/514/513 452/455/454
f 512/515/514 537/516/515 550/517/516
f 512/515/514 550/517/516 495/518/517
f 537/516/515 512/515/514 514/519/518
f 537/516/515 514/519/518 538/520/519
f 516/521/520 539/522/521 538/520/519
f 516/521/520 538/520/519 514/519/518
f 539/522/521 516/521/520 519/523/522
f 539/522/521 519/523/522 541/524/523
f 522/525/524 542/526/525 540/527/526
f 522/525/524 540/527/526 518/528/527
f 542/526/525 522/525/524 525/529/528
f 542/526/525 525/529/528 543/530/529
f 525/529/528 527/531/530 544/532/531
f 525/529/528 544/532/531 543/530/529
f 529/533/532 545/534/533 544/532/531
f 529/533/532 544/532/531 527/531/530
f 545/534/533 529/533/532 531/535/534
f 545/534/533 531/535/534 546/536/535
f 533/537/536 547/538/537 546/536/535
f 533/537/536 546/536/535 531/535/534
f 547/538/537 533/537/536 536/539/538
f 547/538/537 536/539/538 549/540/539
f 495/518/517 550/517/516 548/541/540
f 495/518/517 548/541/540 535/542/541
f 1835/543/542 1848/544/543 1800/545/544
f 1835/543/542 1800/545/544 1791/546/545
f 493/547/546 537/516/515 538/520/519
f 493/547/546 538/520/519 501/548/547
f 539/522/521 492/549/548 501/548/547
f 539/522/521 501/548/547 538/520/519
f 492/549/548 539/522/521 541/524/523
f 492/549/548 541/524/523 499/550/549
f 542/526/525 491/551/550 500/552/551
f 542/526/525 500/552/551 540/527/526
f 491/551/550 542/526/525 543/530/529
f 491/551/550 543/530/529 498/553/552
f 543/530/529 544/532/531 506/554/553
f 543/530/529 506/554/553 498/553/552
f 545/534/533 497/555/554 506/554/553
f 545/534/533 506/554/553 544/532/531
f 545/534/533 546/536/535 505/556/555
f 545/534/533 505/556/555 497/555/554
f 547/538/537 496/557/556 505/556/555
f 547/538/537 505/556/555 546/536/535
f 547/538/537 549/540/539 504/558/557
f 547/538/537 504/558/557 496/557/556
f 550/517/516 502/559/558 503/560/559
f 550/517/516 503/560/559 548/541/540
f 592/561/560 498/553/552 506/554/553
f 592/561/560 506/554/553 579/562/561
f 579/562/561 506/554/553 497/555/554
f 579/562/561 497/555/554 580/563/562
f 580/563/562 497/555/554 505/556/555
f 580/563/562 505/556/555 581/564/563
f 581/564/563 505/556/555 496/557/556
f 581/564/563 496/557/556 582/565/564
f 582/565/564 496/557/556 504/558/557
f 582/565/564 504/558/557 583/566/565
f 584/567/566 503/560/559 502/559/558
f 584/567/566 502/559/558 585/568/567
f 585/568/567 502/559/558 493/547/546
f 585/568/567 493/547/546 586/569/568
f 586/569/568 493/547/546 501/548/547
f 586/569/568 501/548/547 587/570/569
f 587/570/569 501/548/547 492/549/548
f 587/570/569 492/549/548 588/571/570
f 588/571/570 492/549/548 499/550/549
f 588/571/570 499/550/549 589/572/571
f 590/573/572 500/552/551 491/551/550
f 590/573/572 491/551/550 591/574/573
f 591/574/573 491/551/550 498/553/552
f 591/574/573 498/553/552 592/561/560
f 633/575/574 563/576/575 564/577/576
f 633/575/574 564/577/576 634/578/577
f 634/578/577 564/577/576 551/579/578
f 634/578/577 551/579/578 621/580/579
f 621/580/579 551/579/578 552/581/580
f 621/580/579 552/581/580 622/582/581
f 622/582/581 552/581/580 553/583/582
f 622/582/581 553/583/582 623/584/583
f 623/584/583 553/583/582 554/585/584
f 623/584/583 554/585/584 624/586/585
f 624/586/585 554/585/584 555/587/586
f 624/586/585 555/587/586 625/588/587
f 625/588/587 555/587/586 557/589/588
f 625/588/587 557/589/588 627/590/589
f 626/591/590 556/592/588 558/593/591
f 626/591/590 558/593/591 628/594/592
f 628/594/592 558/593/591 559/595/593
f 628/594/592 559/595/593 629/596/594
f 629/596/594 559/595/593 560/597/595
f 629/596/594 560/597/595 630/598/596
f 630/598/596 560/597/595 561/599/597
f 630/598/596 561/599/597 631/600/598
f 631/600/598 561/599/597 562/601/599
f 631/600/598 562/601/599 632/602/600
f 607/603/601 593/604/602 606/605/603
f 607/603/601 606/605/603 608/606/604
f 608/606/604 606/605/603 605/607/605
f 608/606/604 605/607/605 609/608/606
f 609/608/606 605/607/605 604/609/607
f 609/608/606 604/609/607 610/610/608
f 610/610/608 604/609/607 602/611/609
f 610/610/608 602/611/609 612/612/610
f 611/613/611 603/614/609 601/615/612
f 611/613/611 601/615/612 613/616/613
f 613/616/613 601/615/612 600/617/614
f 613/616/613 600/617/614 614/618/615
f 614/618/615 600/617/614 599/619/616
f 614/618/615 599/619/616 615/620/617
f 615/620/617 599/619/616 598/621/618
f 615/620/617 598/621/618 616/622/619
f 616/622/619 598/621/618 596/623/620
f 616/622/619 596/623/620 617/624/621
f 618/625/622 597/626/623 595/627/624
f 618/625/622 595/627/624 619/628/625
f 619/628/625 595/627/624 594/629/626
f 619/628/625 594/629/626 620/630/627
f 620/630/627 594/629/626 593/604/602
f 620/630/627 593/604/602 607/603/601
f 594/629/626 592/561/560 579/562/561
f 594/629/626 579/562/561 593/604/602
f 595/627/624 591/574/573 592/561/560
f 595/627/624 592/561/560 594/629/626
f 597/626/623 590/573/572 591/574/573
f 597/626/623 591/574/573 595/627/624
f 598/621/618 588/571/570 589/572/571
f 598/621/618 589/572/571 596/623/620
f 599/619/616 587/570/569 588/571/570
f 599/619/616 588/571/570 598/621/618
f 600/617/614 586/569/568 587/570/569
f 600/617/614 587/570/569 599/619/616
f 601/615/612 585/568/567 586/569/568
f 601/615/612 586/569/568 600/617/614
f 603/614/609 584/567/566 585/568/567
f 603/614/609 585/568/567 601/615/612
f 604/609/607 582/565/564 583/566/565
f 604/609/607 583/566/565 602/611/609
f 605/607/605 581/564/563 582/565/564
f 605/607/605 582/565/564 604/609/607
f 606/605/603 580/563/562 581/564/563
f 606/605/603 581/564/563 605/607/605
f 593/604/602 579/562/561 580/563/562
f 593/604/602 580/563/562 606/605/603
f 552/581/580 607/603/601 608/606/604
f 552/581/580 608/606/604 553/583/582
f 553/583/582 608/606/604 609/608/606
f 553/583/582 609/608/606 554/585/584
f 554/585/584 609/608/606 610/610/608
f 554/585/584 610/610/608 555/587/586
f 555/587/586 610/610/608 612/612/610
f 555/587/586 612/612/610 557/589/588
f 556/592/588 611/613/611 613/616/613
f 556/592/588 613/616/613 558/593/591
f 558/593/591 613/616/613 614/618/615
f 558/593/591 614/618/615 559/595/593
f 559/595/593 614/618/615 615/620/617
f 559/595/593 615/620/617 560/597/595
f 560/597/595 615/620/617 616/622/619
f 560/597/595 616/622/619 561/599/597
f 561/599/597 616/622/619 617/624/621
f 561/599/597 617/624/621 562/601/599
f 563/576/575 618/625/622 619/628/625
f 563/576/575 619/628/625 564/577/576
f 564/577/576 619/628/625 620/630/627
f 564/577/576 620/630/627 551/579/578
f 551/579/578 620/630/627 607/603/601
f 551/579/578 607/603/601 552/581/580
f 568/631/628 621/580/579 622/582/581
f 568/631/628 622/582/581 569/632/629
f 569/632/629 622/582/581 623/584/583
f 569/632/629 623/584/583 570/633/630
f 570/633/630 623/584/583 624/586/585
f 570/633/630 624/586/585 571/634/631
f 571/634/631 624/586/585 625/588/587
f 571/634/631 625/588/587 572/635/632
f 572/635/632 625/588/587 627/590/589
f 572/635/632 627/590/589 574/636/633
f 573/637/634 626/591/590 628/594/592
f 573/637/634 628/594/592 575/638/635
f 575/638/635 628/594/592 629/596/594
f 575/638/635 629/596/594 576/639/636
f 576/639/636 629/596/594 630/598/596
f 576/639/636 630/598/596 577/640/637
f 577/640/637 630/598/596 631/600/598
f 577/640/637 631/600/598 578/641/638
f 578/641/638 631/600/598 632/602/600
f 578/641/638 632/602/600 565/642/639
f 566/643/640 633/575/574 634/578/577
f 566/643/640 634/578/577 567/644/641
f 567/644/641 634/578/577 621/580/579
f 567/644/641 621/580/579 568/631/628
f 568/631/628 569/632/629 636/645/642
f 568/631/628 636/645/642 635/646/643
f 661/647/644 662/648/645 638/649/646
f 661/647/644 638/649/646 637/650/647
f 637/650/647 638/649/646 642/651/648
f 637/650/647 642/651/648 640/652/649
f 639/653/650 641/654/648 644/655/651
f 639/653/650 644/655/651 643/656/652
f 639/653/650 643/656/652 648/657/653
f 639/653/650 648/657/653 647/658/654
f 637/650/647 640/652/649 646/659/655
f 637/650/647 646/659/655 645/660/656
f 665/661/657 663/662/658 650/663/659
f 665/661/657 650/663/659 649/664/660
f 661/647/644 665/661/657 649/664/660
f 661/647/644 649/664/660 635/646/643
f 662/648/645 636/645/642 658/665/661
f 662/648/645 658/665/661 667/666/662
f 666/667/663 657/668/664 656/669/665
f 666/667/663 656/669/665 668/670/666
f 668/670/666 656/669/665 655/671/667
f 668/670/666 655/671/667 669/672/668
f 669/672/668 655/671/667 654/673/669
f 669/672/668 654/673/669 670/674/670
f 670/674/670 654/673/669 651/675/671
f 670/674/670 651/675/671 664/676/672
f 648/657/653 670/674/670 664/676/672
f 648/657/653 664/676/672 647/658/654
f 643/656/652 669/672/668 670/674/670
f 643/656/652 670/674/670 648/657/653
f 644/655/651 668/670/666 669/672/668
f 644/655/651 669/672/668 643/656/652
f 641/654/648 666/667/663 668/670/666
f 641/654/648 668/670/666 644/655/651
f 638/649/646 662/648/645 667/666/662
f 638/649/646 667/666/662 642/651/648
f 637/650/647 645/660/656 665/661/657
f 637/650/647 665/661/657 661/647/644
f 645/660/656 646/659/655 663/662/658
f 645/660/656 663/662/658 665/661/657
f 635/646/643 636/645/642 662/648/645
f 635/646/643 662/648/645 661/647/644
f 568/631/628 635/646/643 649/664/660
f 568/631/628 649/664/660 671/677/673
f 567/644/641 568/631/628 671/677/673
f 567/644/641 671/677/673 672/678/674
f 691/679/675 687/680/676 673/681/677
f 691/679/675 673/681/677 674/682/678
f 674/682/678 673/681/677 675/683/679
f 674/682/678 675/683/679 677/684/680
f 678/685/681 676/686/682 679/687/683
f 678/685/681 679/687/683 680/688/684
f 679/687/683 676/686/682 683/689/685
f 679/687/683 683/689/685 684/690/686
f 675/683/679 673/681/677 681/691/687
f 675/683/679 681/691/687 682/692/688
f 692/693/689 681/691/687 673/681/677
f 692/693/689 673/681/677 687/680/676
f 694/694/690 682/692/688 681/691/687
f 694/694/690 681/691/687 692/693/689
f 695/695/691 684/690/686 683/689/685
f 695/695/691 683/689/685 693/696/692
f 695/695/691 654/673/669 685/697/693
f 695/695/691 685/697/693 696/698/694
f 696/698/694 685/697/693 686/699/695
f 696/698/694 686/699/695 697/700/696
f 697/700/696 686/699/695 690/701/697
f 697/700/696 690/701/697 699/702/698
f 691/679/675 698/703/699 689/704/700
f 691/679/675 689/704/700 672/678/674
f 674/682/678 677/684/680 698/703/699
f 674/682/678 698/703/699 691/679/675
f 680/688/684 697/700/696 699/702/698
f 680/688/684 699/702/698 678/685/681
f 679/687/683 696/698/694 697/700/696
f 679/687/683 697/700/696 680/688/684
f 684/690/686 695/695/691 696/698/694
f 684/690/686 696/698/694 679/687/683
f 654/673/669 695/695/691 693/696/692
f 654/673/669 693/696/692 652/675/701
f 653/663/702 694/694/690 692/693/689
f 653/663/702 692/693/689 649/664/660
f 649/664/660 692/693/689 687/680/676
f 649/664/660 687/680/676 671/677/673
f 672/678/674 671/677/673 687/680/676
f 672/678/674 687/680/676 691/679/675
f 636/645/642 569/632/629 700/705/703
f 636/645/642 700/705/703 660/665/704
f 569/632/629 570/633/630 703/706/705
f 569/632/629 703/706/705 700/705/703
f 722/707/706 718/708/707 705/709/708
f 722/707/706 705/709/708 702/710/709
f 701/711/710 704/712/711 707/713/712
f 701/711/710 707/713/712 706/714/713
f 706/714/713 707/713/712 710/715/714
f 706/714/713 710/715/714 709/716/715
f 706/714/713 709/716/715 715/717/716
f 706/714/713 715/717/716 714/718/717
f 701/711/710 706/714/713 714/718/717
f 701/711/710 714/718/717 712/719/718
f 722/707/706 702/710/709 713/720/719
f 722/707/706 713/720/719 724/721/720
f 723/722/721 712/719/718 714/718/717
f 723/722/721 714/718/717 725/723/722
f 725/723/722 714/718/717 715/717/716
f 725/723/722 715/717/716 726/724/723
f 726/724/723 715/717/716 709/716/715
f 726/724/723 709/716/715 727/725/724
f 727/725/724 709/716/715 710/715/714
f 727/725/724 710/715/714 728/726/725
f 729/727/726 711/728/727 708/729/728
f 729/727/726 708/729/728 730/730/729
f 718/708/707 703/706/705 721/731/730
f 718/708/707 721/731/730 730/730/729
f 705/709/708 718/708/707 730/730/729
f 705/709/708 730/730/729 708/729/728
f 720/732/731 729/727/726 730/730/729
f 720/732/731 730/730/729 721/731/730
f 717/733/732 727/725/724 728/726/725
f 717/733/732 728/726/725 719/734/733
f 716/735/734 726/724/723 727/725/724
f 716/735/734 727/725/724 717/733/732
f 656/669/665 725/723/722 726/724/723
f 656/669/665 726/724/723 716/735/734
f 659/668/735 723/722/721 725/723/722
f 659/668/735 725/723/722 656/669/665
f 700/705/703 722/707/706 724/721/720
f 700/705/703 724/721/720 660/665/704
f 700/705/703 703/706/705 718/708/707
f 700/705/703 718/708/707 722/707/706
f 571/634/631 721/731/730 703/706/705
f 571/634/631 703/706/705 570/633/630
f 566/643/640 567/644/641 672/678/674
f 566/643/640 672/678/674 689/704/700
f 721/731/730 571/634/631 732/736/736
f 721/731/730 732/736/736 720/732/731
f 719/734/733 731/737/737 733/738/738
f 719/734/733 733/738/738 717/733/732
f 717/733/732 733/738/738 734/739/739
f 717/733/732 734/739/739 716/735/734
f 656/669/665 716/735/734 734/739/739
f 656/669/665 734/739/739 655/671/667
f 655/671/667 734/739/739 685/697/693
f 655/671/667 685/697/693 654/673/669
f 577/640/637 578/641/638 746/740/740
f 577/640/637 746/740/740 744/741/741
f 575/638/635 576/639/636 742/742/742
f 575/638/635 742/742/742 741/743/743
f 572/635/632 574/636/633 739/744/744
f 572/635/632 739/744/744 736/745/745
f 576/639/636 577/640/637 744/741/741
f 576/639/636 744/741/741 742/742/742
f 573/637/634 575/638/635 741/743/743
f 573/637/634 741/743/743 738/746/746
f 572/635/632 736/745/745 732/736/736
f 572/635/632 732/736/736 571/634/631
f 578/641/638 565/642/639 688/747/747
f 578/641/638 688/747/747 746/740/740
f 731/737/737 735/748/748 748/749/749
f 731/737/737 748/749/749 733/738/738
f 733/738/738 748/749/749 749/750/750
f 733/738/738 749/750/750 734/739/739
f 685/697/693 734/739/739 749/750/750
f 685/697/693 749/750/750 750/751/751
f 685/697/693 750/751/751 751/752/752
f 685/697/693 751/752/752 686/699/695
f 686/699/695 751/752/752 747/753/753
f 686/699/695 747/753/753 690/701/697
f 735/748/748 737/754/754 740/755/755
f 735/748/748 740/755/755 748/749/749
f 743/756/756 749/750/750 748/749/749
f 743/756/756 748/749/749 740/755/755
f 743/756/756 745/757/757 750/751/751
f 743/756/756 750/751/751 749/750/750
f 747/753/753 751/752/752 750/751/751
f 747/753/753 750/751/751 745/757/757
f 768/758/758 759/759/759 753/760/760
f 768/758/758 753/760/760 752/761/761
f 768/758/758 752/761/761 754/762/762
f 768/758/758 754/762/762 769/763/763
f 769/763/763 754/762/762 755/764/764
f 769/763/763 755/764/764 770/765/765
f 770/765/765 755/764/764 756/766/766
f 770/765/765 756/766/766 771/767/767
f 771/767/767 756/766/766 757/768/768
f 771/767/767 757/768/768 772/769/769
f 772/769/769 757/768/768 758/770/770
f 772/769/769 758/770/770 773/771/771
f 773/771/771 758/770/770 760/772/772
f 773/771/771 760/772/772 774/773/773
f 774/773/773 760/772/772 761/774/774
f 774/773/773 761/774/774 775/775/775
f 775/775/775 761/774/774 762/776/776
f 775/775/775 762/776/776 776/777/777
f 776/777/777 762/776/776 763/778/778
f 776/777/777 763/778/778 777/779/779
f 777/779/779 763/778/778 764/780/780
f 777/779/779 764/780/780 778/781/781
f 778/781/781 764/780/780 765/782/782
f 778/781/781 765/782/782 779/783/783
f 779/783/783 765/782/782 766/784/784
f 779/783/783 766/784/784 780/785/785
f 780/785/785 766/784/784 767/786/786
f 780/785/785 767/786/786 781/787/787
f 1140/788/788 1139/789/789 2065/790/790
f 1140/788/788 2065/790/790 2081/791/791
f 1136/401/398 1140/788/788 2081/791/791
f 1136/401/398 2081/791/791 393/402/399
f 390/399/396 780/785/785 781/787/787
f 390/399/396 781/787/787 391/400/397
f 389/398/395 779/783/783 780/785/785
f 389/398/395 780/785/785 390/399/396
f 388/396/393 778/781/781 779/783/783
f 388/396/393 779/783/783 389/398/395
f 387/394/391 777/779/779 778/781/781
f 387/394/391 778/781/781 388/396/393
f 386/392/389 776/777/777 777/779/779
f 386/392/389 777/779/779 387/394/391
f 385/390/387 775/775/775 776/777/777
f 385/390/387 776/777/777 386/392/389
f 384/389/386 774/773/773 775/775/775
f 384/389/386 775/775/775 385/390/387
f 365/368/362 773/771/771 774/773/773
f 365/368/362 774/773/773 384/389/386
f 366/331/322 772/769/769 773/771/771
f 366/331/322 773/771/771 365/368/362
f 367/330/321 771/767/767 772/769/769
f 367/330/321 772/769/769 366/331/322
f 368/339/330 770/765/765 771/767/767
f 368/339/330 771/767/767 367/330/321
f 394/341/332 769/763/763 770/765/765
f 394/341/332 770/765/765 368/339/330
f 342/334/325 768/758/758 769/763/763
f 342/334/325 769/763/763 394/341/332
f 342/334/325 1658/337/328 759/759/759
f 342/334/325 759/759/759 768/758/758
f 754/762/762 752/761/761 753/760/760
f 754/762/762 753/760/760 2082/792/792
f 756/766/766 755/764/764 754/762/762
f 756/766/766 754/762/762 783/793/793
f 783/793/793 754/762/762 2082/792/792
f 783/793/793 2082/792/792 784/794/794
f 757/768/768 756/766/766 783/793/793
f 757/768/768 783/793/793 785/795/795
f 785/795/795 783/793/793 784/794/794
f 785/795/795 784/794/794 786/796/796
f 758/770/770 757/768/768 785/795/795
f 758/770/770 785/795/795 787/797/797
f 782/798/798 787/797/797 785/795/795
f 782/798/798 785/795/795 786/796/796
f 760/772/772 758/770/770 787/797/797
f 760/772/772 787/797/797 788/799/799
f 788/799/799 787/797/797 782/798/798
f 788/799/799 782/798/798 789/800/800
f 892/801/801 817/802/802 797/803/803
f 892/801/801 797/803/803 890/804/804
f 806/805/805 804/806/806 795/807/807
f 806/805/805 795/807/807 796/808/808
f 885/809/809 887/810/810 446/449/448
f 885/809/809 446/449/448 438/444/443
f 809/811/811 808/812/812 790/813/813
f 809/811/811 790/813/813 791/814/814
f 824/815/815 822/816/816 792/817/817
f 824/815/815 792/817/817 793/818/818
f 804/806/806 827/819/819 794/820/820
f 804/806/806 794/820/820 795/807/807
f 808/812/812 815/821/821 800/822/822
f 808/812/812 800/822/822 790/813/813
f 817/802/802 806/805/805 796/808/808
f 817/802/802 796/808/808 797/803/803
f 822/816/816 809/811/811 791/814/814
f 822/816/816 791/814/814 792/817/817
f 764/780/780 763/778/778 825/823/823
f 764/780/780 825/823/823 826/824/824
f 762/776/776 761/774/774 810/825/825
f 762/776/776 810/825/825 823/826/826
f 767/786/786 766/784/784 805/827/827
f 767/786/786 805/827/827 816/828/828
f 760/772/772 788/799/799 814/829/829
f 760/772/772 814/829/829 807/830/812
f 765/782/782 764/780/780 826/824/824
f 765/782/782 826/824/824 803/831/830
f 763/778/778 762/776/776 823/826/826
f 763/778/778 823/826/826 825/823/823
f 892/801/801 890/804/804 1141/832/831
f 892/801/801 1141/832/831 1143/833/832
f 788/799/799 789/800/800 811/834/833
f 788/799/799 811/834/833 814/829/829
f 761/774/774 760/772/772 807/830/812
f 761/774/774 807/830/812 810/825/825
f 766/784/784 765/782/782 803/831/830
f 766/784/784 803/831/830 805/827/827
f 888/835/834 767/786/786 816/828/828
f 888/835/834 816/828/828 891/836/835
f 800/822/822 801/837/836 2119/838/837
f 800/822/822 2119/838/837 831/839/838
f 790/813/813 800/822/822 831/839/838
f 790/813/813 831/839/838 829/840/839
f 830/841/840 2118/842/841 2123/843/842
f 830/841/840 2123/843/842 833/844/843
f 828/845/839 830/841/840 833/844/843
f 828/845/839 833/844/843 832/846/844
f 833/844/843 2123/843/842 836/847/845
f 833/844/843 836/847/845 835/848/846
f 832/846/844 833/844/843 835/848/846
f 832/846/844 835/848/846 834/849/847
f 835/848/846 836/847/845 2128/850/848
f 835/848/846 2128/850/848 838/851/849
f 834/849/847 835/848/846 838/851/849
f 834/849/847 838/851/849 837/852/850
f 846/853/851 845/854/852 842/855/853
f 846/853/851 842/855/853 841/856/854
f 845/854/852 844/857/855 843/858/856
f 845/854/852 843/858/856 842/855/853
f 847/859/857 846/853/851 841/856/854
f 847/859/857 841/856/854 839/860/858
f 834/849/847 837/852/850 844/857/855
f 834/849/847 844/857/855 845/854/852
f 828/845/839 832/846/844 846/853/851
f 828/845/839 846/853/851 847/859/857
f 832/846/844 834/849/847 845/854/852
f 832/846/844 845/854/852 846/853/851
f 843/858/856 844/857/855 853/861/859
f 843/858/856 853/861/859 852/862/860
f 838/851/849 2128/850/848 851/863/861
f 838/851/849 851/863/861 850/864/862
f 844/857/855 837/852/850 849/865/863
f 844/857/855 849/865/863 853/861/859
f 837/852/850 838/851/849 850/864/862
f 837/852/850 850/864/862 849/865/863
f 865/866/864 864/867/865 856/868/866
f 865/866/864 856/868/866 854/869/867
f 864/867/865 867/870/868 858/871/869
f 864/867/865 858/871/869 856/868/866
f 870/872/870 868/873/871 862/874/872
f 870/872/870 862/874/872 860/875/873
f 867/870/868 870/872/870 860/875/873
f 867/870/868 860/875/873 858/871/869
f 842/855/853 843/858/856 870/872/870
f 842/855/853 870/872/870 867/870/868
f 843/858/856 852/862/860 868/873/871
f 843/858/856 868/873/871 870/872/870
f 841/856/854 842/855/853 867/870/868
f 841/856/854 867/870/868 864/867/865
f 839/860/858 841/856/854 864/867/865
f 839/860/858 864/867/865 865/866/864
f 790/813/813 829/840/839 848/876/857
f 790/813/813 848/876/857 791/814/814
f 791/814/814 848/876/857 840/877/874
f 791/814/814 840/877/874 792/817/817
f 792/817/817 840/877/874 866/878/875
f 792/817/817 866/878/875 793/818/818
f 793/818/818 866/878/875 855/879/876
f 793/818/818 855/879/876 794/820/820
f 859/880/877 861/881/873 874/882/878
f 859/880/877 874/882/878 873/883/879
f 855/879/876 857/884/880 872/885/881
f 855/879/876 872/885/881 871/886/882
f 861/881/873 863/887/883 875/888/884
f 861/881/873 875/888/884 874/882/878
f 857/884/880 859/880/877 873/883/879
f 857/884/880 873/883/879 872/885/881
f 2113/889/885 2091/890/886 2090/891/887
f 2113/889/885 2090/891/887 2111/892/888
f 1139/789/789 888/835/834 891/836/835
f 1139/789/789 891/836/835 1142/893/889
f 391/400/397 781/787/787 889/894/890
f 391/400/397 889/894/890 881/895/891
f 1138/448/447 1150/896/892 887/810/810
f 1138/448/447 887/810/810 885/809/809
f 781/787/787 767/786/786 888/835/834
f 781/787/787 888/835/834 889/894/890
f 1148/897/893 884/435/432 883/432/429
f 1148/897/893 883/432/429 1137/898/894
f 1147/445/444 882/434/431 884/435/432
f 1147/445/444 884/435/432 1148/897/893
f 1137/898/894 883/432/429 876/433/430
f 1137/898/894 876/433/430 1144/380/374
f 399/430/427 882/434/431 885/809/809
f 399/430/427 885/809/809 438/444/443
f 369/378/372 391/400/397 881/895/891
f 369/378/372 881/895/891 878/899/895
f 1146/343/334 880/403/400 879/404/401
f 1146/343/334 879/404/401 1135/369/363
f 355/355/346 354/354/345 877/900/896
f 355/355/346 877/900/896 876/433/430
f 347/377/371 369/378/372 878/899/895
f 347/377/371 878/899/895 879/404/401
f 873/883/879 874/882/878 896/901/897
f 873/883/879 896/901/897 895/902/898
f 871/886/882 872/885/881 894/903/899
f 871/886/882 894/903/899 893/904/900
f 874/882/878 875/888/884 897/905/901
f 874/882/878 897/905/901 896/901/897
f 872/885/881 873/883/879 895/902/898
f 872/885/881 895/902/898 894/903/899
f 794/820/820 855/879/876 871/886/882
f 794/820/820 871/886/882 795/807/807
f 795/807/807 871/886/882 893/904/900
f 795/807/807 893/904/900 796/808/808
f 893/904/900 894/903/899 899/906/902
f 893/904/900 899/906/902 898/907/903
f 896/901/897 897/905/901 902/908/904
f 896/901/897 902/908/904 901/909/905
f 894/903/899 895/902/898 900/910/906
f 894/903/899 900/910/906 899/906/902
f 895/902/898 896/901/897 901/909/905
f 895/902/898 901/909/905 900/910/906
f 354/354/345 370/379/373 880/403/400
f 354/354/345 880/403/400 877/900/896
f 898/907/903 899/906/902 904/911/907
f 898/907/903 904/911/907 903/912/908
f 901/909/905 902/908/904 907/913/909
f 901/909/905 907/913/909 906/914/910
f 899/906/902 900/910/906 905/915/911
f 899/906/902 905/915/911 904/911/907
f 1141/832/831 1154/916/912 2197/917/913
f 1141/832/831 2197/917/913 798/918/914
f 1152/919/915 1151/920/916 2199/921/917
f 1152/919/915 2199/921/917 910/922/918
f 1154/916/912 1153/923/919 908/924/920
f 1154/916/912 908/924/920 2197/917/913
f 1151/920/916 1155/925/921 912/926/922
f 1151/920/916 912/926/922 2199/921/917
f 796/808/808 893/904/900 898/907/903
f 796/808/808 898/907/903 797/803/803
f 900/910/906 901/909/905 906/914/910
f 900/910/906 906/914/910 905/915/911
f 1153/923/919 1152/919/915 910/922/918
f 1153/923/919 910/922/918 908/924/920
f 997/927/923 998/928/924 915/929/925
f 997/927/923 915/929/925 917/930/926
f 875/888/884 863/887/883 921/931/927
f 875/888/884 921/931/927 920/932/928
f 996/933/929 916/934/930 923/935/931
f 996/933/929 923/935/931 995/936/932
f 995/936/932 923/935/931 926/937/933
f 995/936/932 926/937/933 994/938/934
f 994/938/934 926/937/933 929/939/935
f 994/938/934 929/939/935 993/940/936
f 993/940/936 929/939/935 932/941/937
f 993/940/936 932/941/937 992/942/938
f 992/942/938 932/941/937 935/943/939
f 992/942/938 935/943/939 991/944/940
f 875/888/884 920/932/928 925/945/941
f 875/888/884 925/945/941 897/905/901
f 897/905/901 925/945/941 928/946/942
f 897/905/901 928/946/942 902/908/904
f 1155/925/921 907/913/909 940/947/943
f 1155/925/921 940/947/943 1156/948/944
f 1156/948/944 940/947/943 943/949/945
f 1156/948/944 943/949/945 1157/950/946
f 1157/950/946 943/949/945 946/951/947
f 1157/950/946 946/951/947 1158/952/948
f 1158/952/948 946/951/947 949/953/949
f 1158/952/948 949/953/949 1159/954/950
f 1162/955/951 1004/956/952 955/376/370
f 1162/955/951 955/376/370 1161/957/953
f 797/803/803 898/907/903 903/912/908
f 797/803/803 903/912/908 890/804/804
f 907/913/909 902/908/904 928/946/942
f 907/913/909 928/946/942 940/947/943
f 931/958/954 943/949/945 940/947/943
f 931/958/954 940/947/943 928/946/942
f 934/959/955 946/951/947 943/949/945
f 934/959/955 943/949/945 931/958/954
f 998/928/924 922/960/927 972/961/956
f 998/928/924 972/961/956 989/962/957
f 956/963/958 958/964/959 961/965/960
f 956/963/958 961/965/960 960/966/961
f 960/966/961 961/965/960 963/967/962
f 960/966/961 963/967/962 962/968/963
f 962/968/963 963/967/962 965/969/964
f 962/968/963 965/969/964 964/970/965
f 964/970/965 965/969/964 967/971/966
f 964/970/965 967/971/966 966/972/967
f 966/972/967 967/971/966 969/973/968
f 966/972/967 969/973/968 968/974/969
f 869/975/871 959/976/970 921/931/927
f 869/975/871 921/931/927 863/887/883
f 852/862/860 961/965/960 958/964/959
f 852/862/860 958/964/959 868/873/871
f 853/861/859 963/967/962 961/965/960
f 853/861/859 961/965/960 852/862/860
f 849/865/863 965/969/964 963/967/962
f 849/865/863 963/967/962 853/861/859
f 850/864/862 967/971/966 965/969/964
f 850/864/862 965/969/964 849/865/863
f 851/863/861 969/973/968 967/971/966
f 851/863/861 967/971/966 850/864/862
f 957/977/958 971/978/956 921/931/927
f 957/977/958 921/931/927 959/976/970
f 986/979/971 981/980/972 977/981/973
f 986/979/971 977/981/973 987/982/974
f 987/982/974 977/981/973 974/983/975
f 987/982/974 974/983/975 988/984/976
f 982/985/977 984/986/978 981/980/972
f 982/985/977 981/980/972 986/979/971
f 918/987/979 996/933/929 995/936/932
f 918/987/979 995/936/932 924/988/980
f 989/962/957 972/961/956 984/986/978
f 989/962/957 984/986/978 982/985/977
f 924/988/980 995/936/932 994/938/934
f 924/988/980 994/938/934 927/989/942
f 927/989/942 994/938/934 993/940/936
f 927/989/942 993/940/936 930/990/981
f 930/990/981 993/940/936 992/942/938
f 930/990/981 992/942/938 933/991/982
f 933/991/982 992/942/938 991/944/940
f 933/991/982 991/944/940 937/992/983
f 914/929/984 999/928/985 990/962/986
f 914/929/984 990/962/986 970/993/987
f 979/994/988 986/979/971 987/982/974
f 979/994/988 987/982/974 978/995/989
f 978/995/989 987/982/974 988/984/976
f 978/995/989 988/984/976 973/996/990
f 985/997/991 982/985/977 986/979/971
f 985/997/991 986/979/971 979/994/988
f 970/993/987 990/962/986 982/985/977
f 970/993/987 982/985/977 985/997/991
f 919/998/928 922/960/927 998/928/924
f 919/998/928 998/928/924 997/927/923
f 988/984/976 974/983/975 1000/999/367
f 988/984/976 1000/999/367 1002/1000/992
f 973/996/990 988/984/976 1002/1000/992
f 973/996/990 1002/1000/992 939/1001/993
f 1005/1002/994 1002/1000/992 1000/999/367
f 1005/1002/994 1000/999/367 1006/1003/995
f 1003/1004/996 1005/1002/994 991/944/940
f 1003/1004/996 991/944/940 935/943/939
f 936/1005/983 949/953/949 946/951/947
f 936/1005/983 946/951/947 934/959/955
f 1004/956/952 950/1006/997 938/1007/983
f 1004/956/952 938/1007/983 1007/1008/998
f 939/1001/993 1002/1000/992 1005/1002/994
f 939/1001/993 1005/1002/994 1003/1004/996
f 991/944/940 1005/1002/994 1006/1003/995
f 991/944/940 1006/1003/995 937/992/983
f 1160/1009/999 950/1006/997 1004/956/952
f 1160/1009/999 1004/956/952 1162/955/951
f 935/943/939 932/941/937 1015/1010/1000
f 935/943/939 1015/1010/1000 1016/1011/1001
f 970/993/987 985/997/991 1025/1012/1002
f 970/993/987 1025/1012/1002 1018/1013/1003
f 978/995/989 973/996/990 1020/1014/1004
f 978/995/989 1020/1014/1004 1021/1015/1005
f 929/939/935 926/937/933 1013/1016/1006
f 929/939/935 1013/1016/1006 1014/1017/1007
f 939/1001/993 1003/1004/996 1026/1018/1008
f 939/1001/993 1026/1018/1008 1017/1019/1009
f 923/935/931 916/934/930 1010/1020/1010
f 923/935/931 1010/1020/1010 1012/1021/1011
f 917/930/926 915/929/925 1009/1022/1012
f 917/930/926 1009/1022/1012 1011/1023/1013
f 979/994/988 978/995/989 1021/1015/1005
f 979/994/988 1021/1015/1005 1023/1024/1014
f 914/929/984 970/993/987 1018/1013/1003
f 914/929/984 1018/1013/1003 1008/1022/1015
f 932/941/937 929/939/935 1014/1017/1007
f 932/941/937 1014/1017/1007 1015/1010/1000
f 1003/1004/996 935/943/939 1016/1011/1001
f 1003/1004/996 1016/1011/1001 1026/1018/1008
f 926/937/933 923/935/931 1012/1021/1011
f 926/937/933 1012/1021/1011 1013/1016/1006
f 985/997/991 979/994/988 1023/1024/1014
f 985/997/991 1023/1024/1014 1025/1012/1002
f 973/996/990 939/1001/993 1017/1019/1009
f 973/996/990 1017/1019/1009 1020/1014/1004
f 956/963/958 960/966/961 1029/1025/1016
f 956/963/958 1029/1025/1016 1027/1026/1017
f 964/970/965 966/972/967 1035/1027/1018
f 964/970/965 1035/1027/1018 1033/1028/1019
f 960/966/961 962/968/963 1031/1029/1020
f 960/966/961 1031/1029/1020 1029/1025/1016
f 966/972/967 968/974/969 2316/1030/1021
f 966/972/967 2316/1030/1021 1035/1027/1018
f 962/968/963 964/970/965 1033/1028/1019
f 962/968/963 1033/1028/1019 1031/1029/1020
f 1034/1031/1022 1036/1032/1018 1044/1033/1023
f 1034/1031/1022 1044/1033/1023 1043/1034/1024
f 1030/1035/1025 1032/1036/1020 1041/1037/1026
f 1030/1035/1025 1041/1037/1026 1039/1038/1027
f 1036/1032/1018 2317/1039/1021 1046/1040/1028
f 1036/1032/1018 1046/1040/1028 1044/1033/1023
f 1032/1036/1020 1034/1031/1022 1043/1034/1024
f 1032/1036/1020 1043/1034/1024 1041/1037/1026
f 1028/1041/1029 1030/1035/1025 1039/1038/1027
f 1028/1041/1029 1039/1038/1027 1038/1042/1030
f 957/977/958 1028/1041/1029 983/1043/1031
f 957/977/958 983/1043/1031 971/978/956
f 983/1043/1031 1028/1041/1029 1038/1042/1030
f 983/1043/1031 1038/1042/1030 980/1044/1032
f 1066/1045/1033 1065/1046/1034 1060/1047/1035
f 1066/1045/1033 1060/1047/1035 1061/1048/1036
f 1068/1049/1037 1067/1050/1038 1053/1051/1039
f 1068/1049/1037 1053/1051/1039 1054/1052/1040
f 1069/1053/1041 1066/1045/1033 1061/1048/1036
f 1069/1053/1041 1061/1048/1036 1062/1054/1042
f 1070/1055/1043 1068/1049/1037 1054/1052/1040
f 1070/1055/1043 1054/1052/1040 1055/1056/1044
f 1071/1057/1045 1069/1053/1041 1062/1054/1042
f 1071/1057/1045 1062/1054/1042 1063/1058/1046
f 1072/1059/1047 1070/1055/1043 1055/1056/1044
f 1072/1059/1047 1055/1056/1044 1056/1060/1048
f 1073/1061/1049 1071/1057/1045 1063/1058/1046
f 1073/1061/1049 1063/1058/1046 1059/1062/1050
f 1074/1063/1051 1072/1059/1047 1056/1060/1048
f 1074/1063/1051 1056/1060/1048 1057/1064/1052
f 1075/1065/1053 1074/1063/1051 1057/1064/1052
f 1075/1065/1053 1057/1064/1052 1064/1066/1054
f 1076/1067/1055 1075/1065/1053 1064/1066/1054
f 1076/1067/1055 1064/1066/1054 1058/1068/1056
f 1077/1069/1057 1073/1061/1049 1059/1062/1050
f 1077/1069/1057 1059/1062/1050 1050/1070/1058
f 1079/1071/1059 1077/1069/1057 1050/1070/1058
f 1079/1071/1059 1050/1070/1058 1052/1072/1060
f 1065/1046/1034 1076/1067/1055 1058/1068/1056
f 1065/1046/1034 1058/1068/1056 1060/1047/1035
f 1067/1050/1038 1078/1073/1061 1051/1074/1062
f 1067/1050/1038 1051/1074/1062 1053/1051/1039
f 1012/1021/1011 1010/1020/1010 1078/1073/1061
f 1012/1021/1011 1078/1073/1061 1067/1050/1038
f 1020/1014/1004 1017/1019/1009 1076/1067/1055
f 1020/1014/1004 1076/1067/1055 1065/1046/1034
f 1011/1023/1013 1009/1022/1012 1077/1069/1057
f 1011/1023/1013 1077/1069/1057 1079/1071/1059
f 1009/1022/1012 1019/1013/1063 1073/1061/1049
f 1009/1022/1012 1073/1061/1049 1077/1069/1057
f 1017/1019/1009 1026/1018/1008 1075/1065/1053
f 1017/1019/1009 1075/1065/1053 1076/1067/1055
f 1026/1018/1008 1016/1011/1001 1074/1063/1051
f 1026/1018/1008 1074/1063/1051 1075/1065/1053
f 1016/1011/1001 1015/1010/1000 1072/1059/1047
f 1016/1011/1001 1072/1059/1047 1074/1063/1051
f 1019/1013/1063 1024/1012/1064 1071/1057/1045
f 1019/1013/1063 1071/1057/1045 1073/1061/1049
f 1015/1010/1000 1014/1017/1007 1070/1055/1043
f 1015/1010/1000 1070/1055/1043 1072/1059/1047
f 1024/1012/1064 1022/1024/1065 1069/1053/1041
f 1024/1012/1064 1069/1053/1041 1071/1057/1045
f 1014/1017/1007 1013/1016/1006 1068/1049/1037
f 1014/1017/1007 1068/1049/1037 1070/1055/1043
f 1022/1024/1065 1021/1015/1005 1066/1045/1033
f 1022/1024/1065 1066/1045/1033 1069/1053/1041
f 1013/1016/1006 1012/1021/1011 1067/1050/1038
f 1013/1016/1006 1067/1050/1038 1068/1049/1037
f 1021/1015/1005 1020/1014/1004 1065/1046/1034
f 1021/1015/1005 1065/1046/1034 1066/1045/1033
f 1060/1047/1035 1058/1068/1056 1080/1075/1066
f 1060/1047/1035 1080/1075/1066 1081/1076/1067
f 1081/1076/1067 1080/1075/1066 1082/1077/1068
f 1081/1076/1067 1082/1077/1068 1083/1078/1069
f 1083/1078/1069 1082/1077/1068 1084/1079/1070
f 1083/1078/1069 1084/1079/1070 1085/1080/1071
f 1085/1080/1071 1084/1079/1070 1087/1081/1072
f 1085/1080/1071 1087/1081/1072 1088/1082/1073
f 1088/1082/1073 1087/1081/1072 1090/1083/1074
f 1088/1082/1073 1090/1083/1074 1091/1084/1075
f 1091/1084/1075 1090/1083/1074 1093/1085/1076
f 1091/1084/1075 1093/1085/1076 1094/1086/1077
f 1095/1087/1078 1094/1086/1077 1093/1085/1076
f 1095/1087/1078 1093/1085/1076 1097/1088/1079
f 1098/1089/1080 1095/1087/1078 1097/1088/1079
f 1098/1089/1080 1097/1088/1079 1100/1090/1081
f 1050/1070/1058 1098/1089/1080 1100/1090/1081
f 1050/1070/1058 1100/1090/1081 1052/1072/1060
f 1059/1062/1050 1095/1087/1078 1098/1089/1080
f 1059/1062/1050 1098/1089/1080 1050/1070/1058
f 1063/1058/1046 1094/1086/1077 1095/1087/1078
f 1063/1058/1046 1095/1087/1078 1059/1062/1050
f 1094/1086/1077 1063/1058/1046 1062/1054/1042
f 1094/1086/1077 1062/1054/1042 1102/1091/1082
f 1102/1091/1082 1062/1054/1042 1061/1048/1036
f 1102/1091/1082 1061/1048/1036 1103/1092/1083
f 1103/1092/1083 1061/1048/1036 1060/1047/1035
f 1103/1092/1083 1060/1047/1035 1081/1076/1067
f 1091/1084/1075 1094/1086/1077 1102/1091/1082
f 1091/1084/1075 1102/1091/1082 1088/1082/1073
f 1088/1082/1073 1102/1091/1082 1103/1092/1083
f 1088/1082/1073 1103/1092/1083 1085/1080/1071
f 1081/1076/1067 1083/1078/1069 1085/1080/1071
f 1081/1076/1067 1085/1080/1071 1103/1092/1083
f 1053/1051/1039 1051/1074/1062 1099/1093/1081
f 1053/1051/1039 1099/1093/1081 1104/1094/1084
f 1096/1095/1079 1101/1096/1085 1104/1094/1084
f 1096/1095/1079 1104/1094/1084 1099/1093/1081
f 1092/1097/1086 1105/1098/1087 1101/1096/1085
f 1092/1097/1086 1101/1096/1085 1096/1095/1079
f 1106/1099/1088 1105/1098/1087 1092/1097/1086
f 1106/1099/1088 1092/1097/1086 1089/1100/1074
f 1107/1101/1089 1106/1099/1088 1089/1100/1074
f 1107/1101/1089 1089/1100/1074 1086/1102/1090
f 1064/1066/1054 1110/1103/1091 1080/1075/1066
f 1064/1066/1054 1080/1075/1066 1058/1068/1056
f 1080/1075/1066 1110/1103/1091 1109/1104/1092
f 1080/1075/1066 1109/1104/1092 1082/1077/1068
f 1082/1077/1068 1109/1104/1092 1108/1105/1093
f 1082/1077/1068 1108/1105/1093 1084/1079/1070
f 1084/1079/1070 1108/1105/1093 1107/1101/1089
f 1084/1079/1070 1107/1101/1089 1086/1102/1090
f 1054/1052/1040 1053/1051/1039 1104/1094/1084
f 1054/1052/1040 1104/1094/1084 1101/1096/1085
f 1055/1056/1044 1054/1052/1040 1101/1096/1085
f 1055/1056/1044 1101/1096/1085 1105/1098/1087
f 1057/1064/1052 1112/1106/1094 1110/1103/1091
f 1057/1064/1052 1110/1103/1091 1064/1066/1054
f 1057/1064/1052 1056/1060/1048 1111/1107/1095
f 1057/1064/1052 1111/1107/1095 1112/1106/1094
f 1056/1060/1048 1055/1056/1044 1105/1098/1087
f 1056/1060/1048 1105/1098/1087 1111/1107/1095
f 1105/1098/1087 1106/1099/1088 1107/1101/1089
f 1105/1098/1087 1107/1101/1089 1111/1107/1095
f 1108/1105/1093 1112/1106/1094 1111/1107/1095
f 1108/1105/1093 1111/1107/1095 1107/1101/1089
f 1108/1105/1093 1109/1104/1092 1110/1103/1091
f 1108/1105/1093 1110/1103/1091 1112/1106/1094
f 1040/1037/1096 1042/1034/1097 1115/1108/1098
f 1040/1037/1096 1115/1108/1098 1113/1109/1099
f 1116/1110/1100 1115/1108/1098 1042/1034/1097
f 1116/1110/1100 1042/1034/1097 1045/1033/1101
f 1117/1111/1102 1116/1110/1100 1045/1033/1101
f 1117/1111/1102 1045/1033/1101 1049/1040/1103
f 1039/1038/1027 1041/1037/1026 1114/1109/1104
f 1039/1038/1027 1114/1109/1104 1119/1112/1105
f 1037/1042/1106 1039/1038/1027 1119/1112/1105
f 1037/1042/1106 1119/1112/1105 1120/1113/1107
f 976/1114/1108 980/1044/1032 1038/1042/1030
f 976/1114/1108 1038/1042/1030 1120/1113/1107
f 1120/1113/1107 1119/1112/1105 1129/1115/1109
f 1120/1113/1107 1129/1115/1109 1130/1116/1110
f 1119/1112/1105 1114/1109/1104 1123/1117/1111
f 1119/1112/1105 1123/1117/1111 1129/1115/1109
f 1116/1110/1100 1117/1111/1102 2395/1118/1112
f 1116/1110/1100 2395/1118/1112 1127/1119/1113
f 1115/1108/1098 1116/1110/1100 1127/1119/1113
f 1115/1108/1098 1127/1119/1113 1125/1120/1114
f 1113/1109/1099 1115/1108/1098 1125/1120/1114
f 1113/1109/1099 1125/1120/1114 1122/1117/1115
f 976/1114/1108 1120/1113/1107 1130/1116/1110
f 976/1114/1108 1130/1116/1110 975/1121/1116
f 1126/1119/1117 2396/1118/1118 2403/1122/1119
f 1126/1119/1117 2403/1122/1119 1133/1123/1120
f 1121/1117/1121 1124/1120/1122 1132/375/369
f 1121/1117/1121 1132/375/369 1131/374/368
f 1124/1120/1122 1126/1119/1117 1133/1123/1120
f 1124/1120/1122 1133/1123/1120 1132/375/369
f 1001/373/367 975/1121/1116 1130/1116/1110
f 1001/373/367 1130/1116/1110 1131/374/368
f 954/1124/1123 1160/1009/999 1162/955/951
f 954/1124/1123 1162/955/951 2283/1125/1124
f 2283/1125/1124 1162/955/951 1161/957/953
f 2283/1125/1124 1161/957/953 2233/1126/1125
f 948/1127/1126 1158/952/948 1159/954/950
f 948/1127/1126 1159/954/950 952/1128/1127
f 945/1129/1128 1157/950/946 1158/952/948
f 945/1129/1128 1158/952/948 948/1127/1126
f 942/1130/1129 1156/948/944 1157/950/946
f 942/1130/1129 1157/950/946 945/1129/1128
f 912/926/922 1155/925/921 1156/948/944
f 912/926/922 1156/948/944 942/1130/1129
f 904/911/907 905/915/911 1152/919/915
f 904/911/907 1152/919/915 1153/923/919
f 906/914/910 907/913/909 1155/925/921
f 906/914/910 1155/925/921 1151/920/916
f 903/912/908 904/911/907 1153/923/919
f 903/912/908 1153/923/919 1154/916/912
f 905/915/911 906/914/910 1151/920/916
f 905/915/911 1151/920/916 1152/919/915
f 890/804/804 903/912/908 1154/916/912
f 890/804/804 1154/916/912 1141/832/831
f 345/344/335 1146/343/334 1135/369/363
f 345/344/335 1135/369/363 1661/372/366
f 419/1131/1130 1137/898/894 1144/380/374
f 419/1131/1130 1144/380/374 352/381/375
f 1695/446/445 1147/445/444 1148/897/893
f 1695/446/445 1148/897/893 421/1132/1131
f 421/1132/1131 1148/897/893 1137/898/894
f 421/1132/1131 1137/898/894 419/1131/1130
f 440/447/446 444/1133/1132 1150/896/892
f 440/447/446 1150/896/892 1138/448/447
f 815/821/821 812/1134/1133 801/837/836
f 815/821/821 801/837/836 800/822/822
f 2065/790/790 1139/789/789 1142/893/889
f 2065/790/790 1142/893/889 819/1135/1134
f 881/895/891 889/894/890 1140/788/788
f 881/895/891 1140/788/788 1136/401/398
f 889/894/890 888/835/834 1139/789/789
f 889/894/890 1139/789/789 1140/788/788
f 882/434/431 1147/445/444 1138/448/447
f 882/434/431 1138/448/447 885/809/809
f 878/899/895 881/895/891 1136/401/398
f 878/899/895 1136/401/398 1145/370/364
f 876/433/430 877/900/896 1134/342/333
f 876/433/430 1134/342/333 1144/380/374
f 879/404/401 878/899/895 1145/370/364
f 879/404/401 1145/370/364 1135/369/363
f 877/900/896 880/403/400 1146/343/334
f 877/900/896 1146/343/334 1134/342/333
f 2233/1126/1125 1161/957/953 1133/1123/1120
f 2233/1126/1125 1133/1123/1120 2403/1122/1119
f 1133/1123/1120 1161/957/953 955/376/370
f 1133/1123/1120 955/376/370 1132/375/369
f 955/376/370 1004/956/952 1007/1008/998
f 955/376/370 1007/1008/998 1001/373/367
f 1121/1117/1121 1131/374/368 1130/1116/1110
f 1121/1117/1121 1130/1116/1110 1128/1115/1135
f 447/1136/1136 469/1137/1137 1288/1138/1138
f 447/1136/1136 1288/1138/1138 1248/1139/1139
f 1248/1139/1139 1288/1138/1138 1287/1140/1140
f 1248/1139/1139 1287/1140/1140 1249/1141/1141
f 1249/1141/1141 1287/1140/1140 1286/1142/1142
f 1249/1141/1141 1286/1142/1142 1250/1143/1143
f 1250/1143/1143 1286/1142/1142 1285/1144/1144
f 1250/1143/1143 1285/1144/1144 1251/1145/1145
f 1251/1145/1145 1285/1144/1144 1284/1146/1146
f 1251/1145/1145 1284/1146/1146 1252/1147/1147
f 1252/1147/1147 1284/1146/1146 1283/1148/1148
f 1252/1147/1147 1283/1148/1148 1253/1149/1149
f 1253/1149/1149 1283/1148/1148 1282/1150/1150
f 1253/1149/1149 1282/1150/1150 1254/1151/1151
f 1254/1151/1151 1282/1150/1150 1281/1152/1152
f 1254/1151/1151 1281/1152/1152 1255/1153/1153
f 1255/1153/1153 1281/1152/1152 1280/1154/1154
f 1255/1153/1153 1280/1154/1154 1256/1155/1155
f 1256/1155/1155 1280/1154/1154 1279/1156/1156
f 1256/1155/1155 1279/1156/1156 1257/1157/1157
f 1257/1157/1157 1279/1156/1156 1278/1158/1158
f 1257/1157/1157 1278/1158/1158 1258/1159/1159
f 1258/1159/1159 1278/1158/1158 1277/1160/1160
f 1258/1159/1159 1277/1160/1160 1259/1161/1161
f 1259/1161/1161 1277/1160/1160 1276/1162/1162
f 1259/1161/1161 1276/1162/1162 1260/1163/1163
f 469/1137/1137 445/1164/1164 1218/1165/1165
f 469/1137/1137 1218/1165/1165 1288/1138/1138
f 1288/1138/1138 1218/1165/1165 1217/1166/1166
f 1288/1138/1138 1217/1166/1166 1287/1140/1140
f 1287/1140/1140 1217/1166/1166 1216/1167/1167
f 1287/1140/1140 1216/1167/1167 1286/1142/1142
f 1286/1142/1142 1216/1167/1167 1215/1168/1168
f 1286/1142/1142 1215/1168/1168 1285/1144/1144
f 1285/1144/1144 1215/1168/1168 1214/1169/1169
f 1285/1144/1144 1214/1169/1169 1284/1146/1146
f 1284/1146/1146 1214/1169/1169 1213/1170/1170
f 1284/1146/1146 1213/1170/1170 1283/1148/1148
f 1283/1148/1148 1213/1170/1170 1212/1171/1171
f 1283/1148/1148 1212/1171/1171 1282/1150/1150
f 1282/1150/1150 1212/1171/1171 1211/1172/1172
f 1282/1150/1150 1211/1172/1172 1281/1152/1152
f 1281/1152/1152 1211/1172/1172 1210/1173/1173
f 1281/1152/1152 1210/1173/1173 1280/1154/1154
f 1280/1154/1154 1210/1173/1173 1209/1174/1174
f 1280/1154/1154 1209/1174/1174 1279/1156/1156
f 1279/1156/1156 1209/1174/1174 1208/1175/1175
f 1279/1156/1156 1208/1175/1175 1278/1158/1158
f 1278/1158/1158 1208/1175/1175 1207/1176/1176
f 1278/1158/1158 1207/1176/1176 1277/1160/1160
f 1277/1160/1160 1207/1176/1176 1206/1177/1177
f 1277/1160/1160 1206/1177/1177 1276/1162/1162
f 1276/1162/1162 1206/1177/1177 1205/1178/1178
f 1276/1162/1162 1205/1178/1178 1275/1179/1179
f 1164/1180/1180 2467/1181/1181 2527/1182/1182
f 1164/1180/1180 2527/1182/1182 1261/1183/1183
f 1740/1184/1184 480/1185/1185 1233/1186/1186
f 1740/1184/1184 1233/1186/1186 1272/1187/1187
f 1272/1187/1187 1233/1186/1186 1232/1188/1188
f 1272/1187/1187 1232/1188/1188 2557/1189/1189
f 2557/1189/1189 1232/1188/1188 1231/1190/1190
f 2557/1189/1189 1231/1190/1190 2555/1191/1191
f 2555/1191/1191 1231/1190/1190 1230/1192/1192
f 2555/1191/1191 1230/1192/1192 1270/1193/1193
f 1270/1193/1193 1230/1192/1192 1229/1194/1194
f 1270/1193/1193 1229/1194/1194 2553/1195/1195
f 2553/1195/1195 1229/1194/1194 1228/1196/1196
f 2553/1195/1195 1228/1196/1196 2551/1197/1197
f 2551/1197/1197 1228/1196/1196 1227/1198/1198
f 2551/1197/1197 1227/1198/1198 2549/1199/1199
f 2549/1199/1199 1227/1198/1198 1226/1200/1200
f 2549/1199/1199 1226/1200/1200 2547/1201/1201
f 2547/1201/1201 1226/1200/1200 1225/1202/1202
f 2547/1201/1201 1225/1202/1202 1268/1203/1203
f 1268/1203/1203 1225/1202/1202 1224/1204/1204
f 1268/1203/1203 1224/1204/1204 2545/1205/1205
f 2545/1205/1205 1224/1204/1204 1223/1206/1206
f 2545/1205/1205 1223/1206/1206 1266/1207/1207
f 1266/1207/1207 1223/1206/1206 1222/1208/1208
f 1266/1207/1207 1222/1208/1208 1264/1209/1209
f 1264/1209/1209 1222/1208/1208 1221/1210/1210
f 1264/1209/1209 1221/1210/1210 2543/1211/1211
f 2543/1211/1211 1221/1210/1210 1220/1212/1212
f 2543/1211/1211 1220/1212/1212 1262/1213/1213
f 1276/1162/1162 1275/1179/1179 1274/1214/1214
f 1276/1162/1162 1274/1214/1214 1260/1163/1163
f 450/1215/1215 447/1136/1136 1248/1139/1139
f 450/1215/1215 1248/1139/1139 1234/1216/1216
f 1234/1216/1216 1248/1139/1139 1249/1141/1141
f 1234/1216/1216 1249/1141/1141 1235/1217/1217
f 1235/1217/1217 1249/1141/1141 1250/1143/1143
f 1235/1217/1217 1250/1143/1143 1236/1218/1218
f 1236/1218/1218 1250/1143/1143 1251/1145/1145
f 1236/1218/1218 1251/1145/1145 1237/1219/1219
f 1237/1219/1219 1251/1145/1145 1252/1147/1147
f 1237/1219/1219 1252/1147/1147 1238/1220/1220
f 1238/1220/1220 1252/1147/1147 1253/1149/1149
f 1238/1220/1220 1253/1149/1149 1239/1221/1221
f 1239/1221/1221 1253/1149/1149 1254/1151/1151
f 1239/1221/1221 1254/1151/1151 1240/1222/1222
f 1240/1222/1222 1254/1151/1151 1255/1153/1153
f 1240/1222/1222 1255/1153/1153 1241/1223/1223
f 1241/1223/1223 1255/1153/1153 1256/1155/1155
f 1241/1223/1223 1256/1155/1155 1242/1224/1224
f 1242/1224/1224 1256/1155/1155 1257/1157/1157
f 1242/1224/1224 1257/1157/1157 1243/1225/1225
f 1243/1225/1225 1257/1157/1157 1258/1159/1159
f 1243/1225/1225 1258/1159/1159 1244/1226/1226
f 1244/1226/1226 1258/1159/1159 1259/1161/1161
f 1244/1226/1226 1259/1161/1161 1245/1227/1227
f 1245/1227/1227 1259/1161/1161 1260/1163/1163
f 1245/1227/1227 1260/1163/1163 1246/1228/1228
f 480/1185/1185 450/1215/1215 1234/1216/1216
f 480/1185/1185 1234/1216/1216 1233/1186/1186
f 1233/1186/1186 1234/1216/1216 1235/1217/1217
f 1233/1186/1186 1235/1217/1217 1232/1188/1188
f 1232/1188/1188 1235/1217/1217 1236/1218/1218
f 1232/1188/1188 1236/1218/1218 1231/1190/1190
f 1231/1190/1190 1236/1218/1218 1237/1219/1219
f 1231/1190/1190 1237/1219/1219 1230/1192/1192
f 1230/1192/1192 1237/1219/1219 1238/1220/1220
f 1230/1192/1192 1238/1220/1220 1229/1194/1194
f 1229/1194/1194 1238/1220/1220 1239/1221/1221
f 1229/1194/1194 1239/1221/1221 1228/1196/1196
f 1228/1196/1196 1239/1221/1221 1240/1222/1222
f 1228/1196/1196 1240/1222/1222 1227/1198/1198
f 1227/1198/1198 1240/1222/1222 1241/1223/1223
f 1227/1198/1198 1241/1223/1223 1226/1200/1200
f 1226/1200/1200 1241/1223/1223 1242/1224/1224
f 1226/1200/1200 1242/1224/1224 1225/1202/1202
f 1225/1202/1202 1242/1224/1224 1243/1225/1225
f 1225/1202/1202 1243/1225/1225 1224/1204/1204
f 1224/1204/1204 1243/1225/1225 1244/1226/1226
f 1224/1204/1204 1244/1226/1226 1223/1206/1206
f 1223/1206/1206 1244/1226/1226 1245/1227/1227
f 1223/1206/1206 1245/1227/1227 1222/1208/1208
f 1222/1208/1208 1245/1227/1227 1246/1228/1228
f 1222/1208/1208 1246/1228/1228 1221/1210/1210
f 1221/1210/1210 1246/1228/1228 1247/1229/1229
f 1221/1210/1210 1247/1229/1229 1220/1212/1212
f 1246/1228/1228 1260/1163/1163 1274/1214/1214
f 1246/1228/1228 1274/1214/1214 1247/1229/1229
f 445/1164/1164 886/1230/1230 1203/1231/1231
f 445/1164/1164 1203/1231/1231 1218/1165/1165
f 1218/1165/1165 1203/1231/1231 1202/1232/1232
f 1218/1165/1165 1202/1232/1232 1217/1166/1166
f 1217/1166/1166 1202/1232/1232 1201/1233/1233
f 1217/1166/1166 1201/1233/1233 1216/1167/1167
f 1216/1167/1167 1201/1233/1233 1200/1234/1234
f 1216/1167/1167 1200/1234/1234 1215/1168/1168
f 1215/1168/1168 1200/1234/1234 1199/1235/1235
f 1215/1168/1168 1199/1235/1235 1214/1169/1169
f 1214/1169/1169 1199/1235/1235 1198/1236/1236
f 1214/1169/1169 1198/1236/1236 1213/1170/1170
f 1213/1170/1170 1198/1236/1236 1197/1237/1237
f 1213/1170/1170 1197/1237/1237 1212/1171/1171
f 1212/1171/1171 1197/1237/1237 1196/1238/1238
f 1212/1171/1171 1196/1238/1238 1211/1172/1172
f 1211/1172/1172 1196/1238/1238 1195/1239/1239
f 1211/1172/1172 1195/1239/1239 1210/1173/1173
f 1210/1173/1173 1195/1239/1239 1194/1240/1240
f 1210/1173/1173 1194/1240/1240 1209/1174/1174
f 1209/1174/1174 1194/1240/1240 1193/1241/1241
f 1209/1174/1174 1193/1241/1241 1208/1175/1175
f 1208/1175/1175 1193/1241/1241 1192/1242/1242
f 1208/1175/1175 1192/1242/1242 1207/1176/1176
f 1207/1176/1176 1192/1242/1242 1191/1243/1243
f 1207/1176/1176 1191/1243/1243 1206/1177/1177
f 1206/1177/1177 1191/1243/1243 1190/1244/1244
f 1206/1177/1177 1190/1244/1244 1205/1178/1178
f 1190/1244/1244 1164/1180/1180 1261/1183/1183
f 1190/1244/1244 1261/1183/1183 1219/1245/1245
f 886/1230/1230 1149/1246/1246 1177/1247/1247
f 886/1230/1230 1177/1247/1247 1203/1231/1231
f 1203/1231/1231 1177/1247/1247 1176/1248/1248
f 1203/1231/1231 1176/1248/1248 1202/1232/1232
f 1202/1232/1232 1176/1248/1248 1175/1249/1249
f 1202/1232/1232 1175/1249/1249 1201/1233/1233
f 1201/1233/1233 1175/1249/1249 1174/1250/1250
f 1201/1233/1233 1174/1250/1250 1200/1234/1234
f 1200/1234/1234 1174/1250/1250 1173/1251/1251
f 1200/1234/1234 1173/1251/1251 1199/1235/1235
f 1199/1235/1235 1173/1251/1251 1172/1252/1252
f 1199/1235/1235 1172/1252/1252 1198/1236/1236
f 1198/1236/1236 1172/1252/1252 1171/1253/1253
f 1198/1236/1236 1171/1253/1253 1197/1237/1237
f 1197/1237/1237 1171/1253/1253 1170/1254/1254
f 1197/1237/1237 1170/1254/1254 1196/1238/1238
f 1196/1238/1238 1170/1254/1254 1169/1255/1255
f 1196/1238/1238 1169/1255/1255 1195/1239/1239
f 1195/1239/1239 1169/1255/1255 1168/1256/1256
f 1195/1239/1239 1168/1256/1256 1194/1240/1240
f 1194/1240/1240 1168/1256/1256 1167/1257/1257
f 1194/1240/1240 1167/1257/1257 1193/1241/1241
f 1193/1241/1241 1167/1257/1257 1166/1258/1258
f 1193/1241/1241 1166/1258/1258 1192/1242/1242
f 1192/1242/1242 1166/1258/1258 1165/1259/1259
f 1192/1242/1242 1165/1259/1259 1191/1243/1243
f 1191/1243/1243 1165/1259/1259 1164/1180/1180
f 1191/1243/1243 1164/1180/1180 1190/1244/1244
f 1262/1213/1213 1220/1212/1212 1204/1260/1260
f 1262/1213/1213 1204/1260/1260 1188/1261/1261
f 1149/1246/1246 441/1262/1262 2449/1263/1263
f 1149/1246/1246 2449/1263/1263 1177/1247/1247
f 1177/1247/1247 2449/1263/1263 2451/1264/1264
f 1177/1247/1247 2451/1264/1264 1176/1248/1248
f 1176/1248/1248 2451/1264/1264 1178/1265/1265
f 1176/1248/1248 1178/1265/1265 1175/1249/1249
f 1175/1249/1249 1178/1265/1265 2453/1266/1266
f 1175/1249/1249 2453/1266/1266 1174/1250/1250
f 1174/1250/1250 2453/1266/1266 1180/1267/1267
f 1174/1250/1250 1180/1267/1267 1173/1251/1251
f 1173/1251/1251 1180/1267/1267 2455/1268/1268
f 1173/1251/1251 2455/1268/1268 1172/1252/1252
f 1172/1252/1252 2455/1268/1268 2457/1269/1269
f 1172/1252/1252 2457/1269/1269 1171/1253/1253
f 1171/1253/1253 2457/1269/1269 2459/1270/1270
f 1171/1253/1253 2459/1270/1270 1170/1254/1254
f 1170/1254/1254 2459/1270/1270 2461/1271/1271
f 1170/1254/1254 2461/1271/1271 1169/1255/1255
f 1169/1255/1255 2461/1271/1271 1182/1272/1272
f 1169/1255/1255 1182/1272/1272 1168/1256/1256
f 1168/1256/1256 1182/1272/1272 1184/1273/1273
f 1168/1256/1256 1184/1273/1273 1167/1257/1257
f 1167/1257/1257 1184/1273/1273 2463/1274/1274
f 1167/1257/1257 2463/1274/1274 1166/1258/1258
f 1166/1258/1258 2463/1274/1274 2465/1275/1275
f 1166/1258/1258 2465/1275/1275 1165/1259/1259
f 1165/1259/1259 2465/1275/1275 2467/1181/1181
f 1165/1259/1259 2467/1181/1181 1164/1180/1180
f 1219/1245/1245 1261/1183/1183 1292/1276/1276
f 1219/1245/1245 1292/1276/1276 1289/1277/1277
f 1188/1261/1261 1204/1260/1260 1163/1278/1278
f 1188/1261/1261 1163/1278/1278 1187/1279/1279
f 1261/1183/1183 2527/1182/1182 1290/1280/1280
f 1261/1183/1183 1290/1280/1280 1292/1276/1276
f 1292/1276/1276 1290/1280/1280 1297/1281/1281
f 1292/1276/1276 1297/1281/1281 1299/1282/1282
f 1187/1279/1279 1163/1278/1278 1293/1283/1283
f 1187/1279/1279 1293/1283/1283 1295/1284/1284
f 1289/1277/1277 1292/1276/1276 1299/1282/1282
f 1289/1277/1277 1299/1282/1282 1296/1285/1285
f 1204/1260/1260 1220/1212/1212 1247/1229/1229
f 1204/1260/1260 1247/1229/1229 1163/1278/1278
f 1274/1214/1214 1293/1283/1283 1163/1278/1278
f 1274/1214/1214 1163/1278/1278 1247/1229/1229
f 1190/1244/1244 1219/1245/1245 1289/1277/1277
f 1190/1244/1244 1289/1277/1277 1205/1178/1178
f 1205/1178/1178 1289/1277/1277 1296/1285/1285
f 1205/1178/1178 1296/1285/1285 1275/1179/1179
f 1275/1179/1179 1296/1285/1285 1293/1283/1283
f 1275/1179/1179 1293/1283/1283 1274/1214/1214
f 1295/1284/1284 1293/1283/1283 1300/1286/1286
f 1295/1284/1284 1300/1286/1286 2581/1287/1287
f 1297/1281/1281 2581/1287/1287 1300/1286/1286
f 1297/1281/1281 1300/1286/1286 1299/1282/1282
f 1299/1282/1282 1300/1286/1286 1293/1283/1283
f 1299/1282/1282 1293/1283/1283 1296/1285/1285
f 1311/1288/1288 1312/1289/1289 1306/1290/1290
f 1311/1288/1288 1306/1290/1290 1302/1291/1291
f 1312/1289/1289 1313/1292/1292 1310/1293/1293
f 1312/1289/1289 1310/1293/1293 1306/1290/1290
f 1313/1292/1292 1315/1294/1294 1305/1295/1295
f 1313/1292/1292 1305/1295/1295 1310/1293/1293
f 1314/1296/1296 1316/1297/1297 1309/1298/1298
f 1314/1296/1296 1309/1298/1298 1304/1299/1299
f 1316/1297/1297 1317/1300/1300 1301/1301/1301
f 1316/1297/1297 1301/1301/1301 1309/1298/1298
f 1317/1300/1300 1318/1302/1302 1303/1303/1303
f 1317/1300/1300 1303/1303/1303 1301/1301/1301
f 1318/1302/1302 1319/1304/1304 1307/1305/1305
f 1318/1302/1302 1307/1305/1305 1303/1303/1303
f 1320/1306/1304 1311/1288/1288 1302/1291/1291
f 1320/1306/1304 1302/1291/1291 1308/1307/1306
f 1321/1308/1307 1322/1309/1308 1312/1289/1289
f 1321/1308/1307 1312/1289/1289 1311/1288/1288
f 1322/1309/1308 1323/1310/1309 1313/1292/1292
f 1322/1309/1308 1313/1292/1292 1312/1289/1289
f 1323/1310/1309 1325/1311/1310 1315/1294/1294
f 1323/1310/1309 1315/1294/1294 1313/1292/1292
f 1324/1312/1310 1326/1313/1311 1316/1297/1297
f 1324/1312/1310 1316/1297/1297 1314/1296/1296
f 1326/1313/1311 1327/1314/1312 1317/1300/1300
f 1326/1313/1311 1317/1300/1300 1316/1297/1297
f 1327/1314/1312 1328/1315/1313 1318/1302/1302
f 1327/1314/1312 1318/1302/1302 1317/1300/1300
f 1328/1315/1313 1329/1316/1314 1319/1304/1304
f 1328/1315/1313 1319/1304/1304 1318/1302/1302
f 1330/1317/1315 1321/1308/1307 1311/1288/1288
f 1330/1317/1315 1311/1288/1288 1320/1306/1304
f 1322/1309/1308 1331/1318/1316 1332/1319/1317
f 1322/1309/1308 1332/1319/1317 1323/1310/1309
f 1332/1319/1317 1331/1318/1316 1334/1320/1318
f 1332/1319/1317 1334/1320/1318 1336/1321/1319
f 1336/1321/1319 1325/1311/1310 1323/1310/1309
f 1336/1321/1319 1323/1310/1309 1332/1319/1317
f 1333/1322/1320 1337/1323/1321 1338/1324/1322
f 1333/1322/1320 1338/1324/1322 1335/1325/1323
f 1335/1325/1323 1338/1324/1322 1326/1313/1311
f 1335/1325/1323 1326/1313/1311 1324/1312/1310
f 1338/1324/1322 1337/1323/1321 1327/1314/1312
f 1338/1324/1322 1327/1314/1312 1326/1313/1311
f 1327/1314/1312 1337/1323/1321 1339/1326/1324
f 1327/1314/1312 1339/1326/1324 1328/1315/1313
f 1339/1326/1324 1337/1323/1321 1333/1322/1320
f 1339/1326/1324 1333/1322/1320 1340/1327/1325
f 1334/1320/1318 1331/1318/1316 1342/1328/1326
f 1334/1320/1318 1342/1328/1326 1341/1329/1325
f 1342/1328/1326 1331/1318/1316 1322/1309/1308
f 1342/1328/1326 1322/1309/1308 1321/1308/1307
f 1330/1317/1315 1341/1329/1325 1342/1328/1326
f 1330/1317/1315 1342/1328/1326 1321/1308/1307
f 1340/1327/1325 1329/1316/1314 1328/1315/1313
f 1340/1327/1325 1328/1315/1313 1339/1326/1324
f 1308/1307/1306 1302/1291/1291 1345/1330/1327
f 1308/1307/1306 1345/1330/1327 1344/1331/1328
f 1302/1291/1291 1347/1332/1329 1346/1333/1330
f 1302/1291/1291 1346/1333/1330 1345/1330/1327
f 1346/1333/1330 1347/1332/1329 1349/1334/1331
f 1346/1333/1330 1349/1334/1331 1348/1335/1332
f 1349/1334/1331 1352/1336/1333 1350/1337/1334
f 1349/1334/1331 1350/1337/1334 1348/1335/1332
f 1351/1338/1335 1353/1339/1333 1354/1340/1336
f 1351/1338/1335 1354/1340/1336 1355/1341/1337
f 1354/1340/1336 1356/1342/1338 1357/1343/1339
f 1354/1340/1336 1357/1343/1339 1355/1341/1337
f 1357/1343/1339 1356/1342/1338 1358/1344/1340
f 1357/1343/1339 1358/1344/1340 1359/1345/1341
f 1358/1344/1340 1307/1305/1305 1343/1346/1342
f 1358/1344/1340 1343/1346/1342 1359/1345/1341
f 1360/1347/1343 1371/1348/1344 1372/1349/1345
f 1360/1347/1343 1372/1349/1345 1361/1350/1346
f 1362/1351/1346 1373/1352/1347 1374/1353/1348
f 1362/1351/1346 1374/1353/1348 1363/1354/1349
f 1363/1354/1349 1374/1353/1348 1375/1355/1350
f 1363/1354/1349 1375/1355/1350 1364/1356/1351
f 1364/1356/1351 1375/1355/1350 1376/1357/1352
f 1364/1356/1351 1376/1357/1352 1365/1358/1353
f 1365/1358/1353 1376/1357/1352 1377/1359/1354
f 1365/1358/1353 1377/1359/1354 1366/1360/1355
f 1367/1361/1356 1378/1362/1357 1379/1363/1358
f 1367/1361/1356 1379/1363/1358 1368/1364/1359
f 1368/1364/1359 1379/1363/1358 1370/1365/1360
f 1368/1364/1359 1370/1365/1360 1369/1366/1361
f 1369/1366/1361 1370/1365/1360 1371/1348/1344
f 1369/1366/1361 1371/1348/1344 1360/1347/1343
f 1370/1365/1360 1346/1333/1330 1348/1335/1332
f 1370/1365/1360 1348/1335/1332 1371/1348/1344
f 1371/1348/1344 1348/1335/1332 1350/1337/1334
f 1371/1348/1344 1350/1337/1334 1372/1349/1345
f 1373/1352/1347 1351/1338/1335 1355/1341/1337
f 1373/1352/1347 1355/1341/1337 1374/1353/1348
f 1374/1353/1348 1355/1341/1337 1357/1343/1339
f 1374/1353/1348 1357/1343/1339 1375/1355/1350
f 1375/1355/1350 1357/1343/1339 1359/1345/1341
f 1375/1355/1350 1359/1345/1341 1376/1357/1352
f 1376/1357/1352 1359/1345/1341 1343/1346/1342
f 1376/1357/1352 1343/1346/1342 1377/1359/1354
f 1378/1362/1357 1344/1331/1328 1345/1330/1327
f 1378/1362/1357 1345/1330/1327 1379/1363/1358
f 1379/1363/1358 1345/1330/1327 1346/1333/1330
f 1379/1363/1358 1346/1333/1330 1370/1365/1360
f 1368/1364/1359 1369/1366/1361 1380/1367/1362
f 1368/1364/1359 1380/1367/1362 1367/1361/1356
f 1381/1368/1363 1364/1356/1351 1365/1358/1353
f 1381/1368/1363 1365/1358/1353 1366/1360/1355
f 1364/1356/1351 1381/1368/1363 1362/1351/1346
f 1364/1356/1351 1362/1351/1346 1363/1354/1349
f 1360/1347/1343 1361/1350/1346 1380/1367/1362
f 1360/1347/1343 1380/1367/1362 1369/1366/1361
f 1408/1369/1364 1410/1370/1365 1412/1371/1366
f 1408/1369/1364 1412/1371/1366 1413/1372/1367
f 1410/1370/1365 1401/1373/1368 1411/1374/1369
f 1410/1370/1365 1411/1374/1369 1412/1371/1366
f 1411/1374/1369 1401/1373/1368 1402/1375/1370
f 1411/1374/1369 1402/1375/1370 1420/1376/1371
f 1402/1375/1370 1403/1377/1372 1419/1378/1373
f 1402/1375/1370 1419/1378/1373 1420/1376/1371
f 1414/1379/1367 1415/1380/1374 1407/1381/1375
f 1414/1379/1367 1407/1381/1375 1409/1382/1376
f 1407/1381/1375 1415/1380/1374 1416/1383/1377
f 1407/1381/1375 1416/1383/1377 1406/1384/1378
f 1416/1383/1377 1418/1385/1379 1405/1386/1380
f 1416/1383/1377 1405/1386/1380 1406/1384/1378
f 1419/1378/1373 1403/1377/1372 1404/1387/1381
f 1419/1378/1373 1404/1387/1381 1417/1388/1382
f 1401/1373/1368 1386/1389/1383 1388/1390/1384
f 1401/1373/1368 1388/1390/1384 1402/1375/1370
f 1388/1390/1384 1390/1391/1385 1403/1377/1372
f 1388/1390/1384 1403/1377/1372 1402/1375/1370
f 1403/1377/1372 1390/1391/1385 1399/1392/1386
f 1403/1377/1372 1399/1392/1386 1404/1387/1381
f 1406/1384/1378 1405/1386/1380 1400/1393/1387
f 1406/1384/1378 1400/1393/1387 1396/1394/1388
f 1393/1395/1389 1407/1381/1375 1406/1384/1378
f 1393/1395/1389 1406/1384/1378 1396/1394/1388
f 1409/1382/1376 1407/1381/1375 1393/1395/1389
f 1409/1382/1376 1393/1395/1389 1353/1339/1333
f 1352/1336/1333 1349/1334/1331 1410/1370/1365
f 1352/1336/1333 1410/1370/1365 1408/1369/1364
f 1349/1334/1331 1386/1389/1383 1401/1373/1368
f 1349/1334/1331 1401/1373/1368 1410/1370/1365
f 1412/1371/1366 1411/1374/1369 1385/1396/1390
f 1412/1371/1366 1385/1396/1390 1382/1397/1391
f 1413/1372/1367 1412/1371/1366 1382/1397/1391
f 1413/1372/1367 1382/1397/1391 1383/1398/1392
f 1384/1399/1393 1392/1400/1394 1415/1380/1374
f 1384/1399/1393 1415/1380/1374 1414/1379/1367
f 1415/1380/1374 1392/1400/1394 1395/1401/1395
f 1415/1380/1374 1395/1401/1395 1416/1383/1377
f 1395/1401/1395 1398/1402/1396 1418/1385/1379
f 1395/1401/1395 1418/1385/1379 1416/1383/1377
f 1389/1403/1397 1419/1378/1373 1417/1388/1382
f 1389/1403/1397 1417/1388/1382 1397/1404/1398
f 1420/1376/1371 1419/1378/1373 1389/1403/1397
f 1420/1376/1371 1389/1403/1397 1387/1405/1399
f 1385/1396/1390 1411/1374/1369 1420/1376/1371
f 1385/1396/1390 1420/1376/1371 1387/1405/1399
f 1382/1397/1391 1385/1396/1390 1421/1406/1400
f 1382/1397/1391 1421/1406/1400 1383/1398/1392
f 1421/1406/1400 1394/1407/1401 1391/1408/1394
f 1421/1406/1400 1391/1408/1394 1383/1398/1392
f 1385/1396/1390 1387/1405/1399 1389/1403/1397
f 1385/1396/1390 1389/1403/1397 1421/1406/1400
f 1421/1406/1400 1389/1403/1397 1397/1404/1398
f 1421/1406/1400 1397/1404/1398 1394/1407/1401
f 1306/1290/1290 1422/1409/1402 1347/1332/1329
f 1306/1290/1290 1347/1332/1329 1302/1291/1291
f 1422/1409/1402 1386/1389/1383 1349/1334/1331
f 1422/1409/1402 1349/1334/1331 1347/1332/1329
f 1307/1305/1305 1358/1344/1340 1423/1410/1403
f 1307/1305/1305 1423/1410/1403 1303/1303/1303
f 1423/1410/1403 1424/1411/1404 1301/1301/1301
f 1423/1410/1403 1301/1301/1301 1303/1303/1303
f 1301/1301/1301 1424/1411/1404 1425/1412/1405
f 1301/1301/1301 1425/1412/1405 1309/1298/1298
f 1425/1412/1405 1426/1413/1406 1304/1299/1299
f 1425/1412/1405 1304/1299/1299 1309/1298/1298
f 1305/1295/1295 1427/1414/1407 1428/1415/1408
f 1305/1295/1295 1428/1415/1408 1310/1293/1293
f 1428/1415/1408 1422/1409/1402 1306/1290/1290
f 1428/1415/1408 1306/1290/1290 1310/1293/1293
f 1427/1414/1407 1430/1416/1409 1429/1417/1410
f 1427/1414/1407 1429/1417/1410 1428/1415/1408
f 1428/1415/1408 1429/1417/1410 1431/1418/1411
f 1428/1415/1408 1431/1418/1411 1422/1409/1402
f 1431/1418/1411 1388/1390/1384 1386/1389/1383
f 1431/1418/1411 1386/1389/1383 1422/1409/1402
f 1356/1342/1338 1432/1419/1412 1423/1410/1403
f 1356/1342/1338 1423/1410/1403 1358/1344/1340
f 1423/1410/1403 1432/1419/1412 1433/1420/1413
f 1423/1410/1403 1433/1420/1413 1424/1411/1404
f 1433/1420/1413 1434/1421/1414 1425/1412/1405
f 1433/1420/1413 1425/1412/1405 1424/1411/1404
f 1425/1412/1405 1434/1421/1414 1435/1422/1415
f 1425/1412/1405 1435/1422/1415 1426/1413/1406
f 1436/1423/1416 1437/1424/1417 1430/1416/1409
f 1436/1423/1416 1430/1416/1409 1427/1414/1407
f 1353/1339/1333 1393/1395/1389 1438/1425/1418
f 1353/1339/1333 1438/1425/1418 1354/1340/1336
f 1438/1425/1418 1393/1395/1389 1396/1394/1388
f 1438/1425/1418 1396/1394/1388 1439/1426/1419
f 1396/1394/1388 1400/1393/1387 1441/1427/1420
f 1396/1394/1388 1441/1427/1420 1439/1426/1419
f 1440/1428/1421 1399/1392/1386 1390/1391/1385
f 1440/1428/1421 1390/1391/1385 1442/1429/1422
f 1390/1391/1385 1388/1390/1384 1443/1430/1423
f 1390/1391/1385 1443/1430/1423 1442/1429/1422
f 1443/1430/1423 1388/1390/1384 1431/1418/1411
f 1443/1430/1423 1431/1418/1411 1444/1431/1424
f 1432/1419/1412 1356/1342/1338 1354/1340/1336
f 1432/1419/1412 1354/1340/1336 1438/1425/1418
f 1430/1416/1409 1437/1424/1417 1446/1432/1425
f 1430/1416/1409 1446/1432/1425 1445/1433/1426
f 1445/1433/1426 1447/1434/1427 1429/1417/1410
f 1445/1433/1426 1429/1417/1410 1430/1416/1409
f 1429/1417/1410 1447/1434/1427 1448/1435/1428
f 1429/1417/1410 1448/1435/1428 1431/1418/1411
f 1448/1435/1428 1449/1436/1429 1444/1431/1424
f 1448/1435/1428 1444/1431/1424 1431/1418/1411
f 1437/1424/1417 1452/1437/1430 1450/1438/1431
f 1437/1424/1417 1450/1438/1431 1446/1432/1425
f 1450/1438/1431 1452/1437/1430 1454/1439/1432
f 1450/1438/1431 1454/1439/1432 1453/1440/1433
f 1454/1439/1432 1457/1441/1434 1456/1442/1435
f 1454/1439/1432 1456/1442/1435 1453/1440/1433
f 1456/1442/1435 1457/1441/1434 1444/1431/1424
f 1456/1442/1435 1444/1431/1424 1449/1436/1429
f 1459/1443/1436 1447/1434/1427 1445/1433/1426
f 1459/1443/1436 1445/1433/1426 1460/1444/1437
f 1460/1444/1437 1445/1433/1426 1446/1432/1425
f 1460/1444/1437 1446/1432/1425 1461/1445/1438
f 1461/1445/1438 1446/1432/1425 1450/1438/1431
f 1461/1445/1438 1450/1438/1431 1462/1446/1439
f 1462/1446/1439 1450/1438/1431 1453/1440/1433
f 1462/1446/1439 1453/1440/1433 1463/1447/1440
f 1463/1447/1440 1453/1440/1433 1456/1442/1435
f 1463/1447/1440 1456/1442/1435 1464/1448/1441
f 1464/1448/1441 1456/1442/1435 1449/1436/1429
f 1464/1448/1441 1449/1436/1429 1465/1449/1442
f 1465/1449/1442 1449/1436/1429 1448/1435/1428
f 1465/1449/1442 1448/1435/1428 1466/1450/1443
f 1466/1450/1443 1448/1435/1428 1447/1434/1427
f 1466/1450/1443 1447/1434/1427 1459/1443/1436
f 1459/1443/1436 1460/1444/1437 1461/1445/1438
f 1459/1443/1436 1461/1445/1438 1467/1451/1444
f 1461/1445/1438 1462/1446/1439 1463/1447/1440
f 1461/1445/1438 1463/1447/1440 1467/1451/1444
f 1467/1451/1444 1463/1447/1440 1464/1448/1441
f 1467/1451/1444 1464/1448/1441 1465/1449/1442
f 1467/1451/1444 1465/1449/1442 1466/1450/1443
f 1467/1451/1444 1466/1450/1443 1459/1443/1436
f 1457/1441/1434 1468/1452/1445 1443/1430/1423
f 1457/1441/1434 1443/1430/1423 1444/1431/1424
f 1443/1430/1423 1468/1452/1445 1470/1453/1446
f 1443/1430/1423 1470/1453/1446 1442/1429/1422
f 1470/1453/1446 1472/1454/1447 1440/1428/1421
f 1470/1453/1446 1440/1428/1421 1442/1429/1422
f 1441/1427/1420 1475/1455/1448 1477/1456/1449
f 1441/1427/1420 1477/1456/1449 1439/1426/1419
f 1477/1456/1449 1479/1457/1450 1438/1425/1418
f 1477/1456/1449 1438/1425/1418 1439/1426/1419
f 1438/1425/1418 1479/1457/1450 1480/1458/1451
f 1438/1425/1418 1480/1458/1451 1432/1419/1412
f 1480/1458/1451 1482/1459/1452 1433/1420/1413
f 1480/1458/1451 1433/1420/1413 1432/1419/1412
f 1433/1420/1413 1482/1459/1452 1484/1460/1453
f 1433/1420/1413 1484/1460/1453 1434/1421/1414
f 1484/1460/1453 1486/1461/1454 1435/1422/1415
f 1484/1460/1453 1435/1422/1415 1434/1421/1414
f 1436/1423/1416 1488/1462/1455 1452/1437/1430
f 1436/1423/1416 1452/1437/1430 1437/1424/1417
f 1535/1463/1456 1525/1464/1457 1526/1465/1458
f 1535/1463/1456 1526/1465/1458 1534/1466/1459
f 1534/1466/1459 1526/1465/1458 1527/1467/1460
f 1534/1466/1459 1527/1467/1460 1532/1468/1461
f 1533/1469/1462 1528/1470/1463 1529/1471/1464
f 1533/1469/1462 1529/1471/1464 1531/1472/1465
f 1531/1472/1465 1529/1471/1464 1516/1473/1466
f 1531/1472/1465 1516/1473/1466 1530/1474/1467
f 1530/1474/1467 1516/1473/1466 1517/1475/1468
f 1530/1474/1467 1517/1475/1468 1543/1476/1469
f 1543/1476/1469 1517/1475/1468 1518/1477/1470
f 1543/1476/1469 1518/1477/1470 1542/1478/1471
f 1542/1478/1471 1518/1477/1470 1519/1479/1472
f 1542/1478/1471 1519/1479/1472 1541/1480/1473
f 1541/1480/1473 1519/1479/1472 1520/1481/1474
f 1541/1480/1473 1520/1481/1474 1539/1482/1475
f 1540/1483/1476 1521/1484/1477 1522/1485/1478
f 1540/1483/1476 1522/1485/1478 1538/1486/1479
f 1538/1486/1479 1522/1485/1478 1523/1487/1480
f 1538/1486/1479 1523/1487/1480 1537/1488/1481
f 1537/1488/1481 1523/1487/1480 1524/1489/1482
f 1537/1488/1481 1524/1489/1482 1536/1490/1483
f 1536/1490/1483 1524/1489/1482 1525/1464/1457
f 1536/1490/1483 1525/1464/1457 1535/1463/1456
f 1516/1473/1466 1469/1491/1484 1458/1492/1434
f 1516/1473/1466 1458/1492/1434 1517/1475/1468
f 1517/1475/1468 1458/1492/1434 1455/1493/1432
f 1517/1475/1468 1455/1493/1432 1518/1477/1470
f 1518/1477/1470 1455/1493/1432 1451/1494/1485
f 1518/1477/1470 1451/1494/1485 1519/1479/1472
f 1519/1479/1472 1451/1494/1485 1487/1495/1486
f 1519/1479/1472 1487/1495/1486 1520/1481/1474
f 1521/1484/1477 1489/1496/1487 1485/1497/1488
f 1521/1484/1477 1485/1497/1488 1522/1485/1478
f 1522/1485/1478 1485/1497/1488 1483/1498/1489
f 1522/1485/1478 1483/1498/1489 1523/1487/1480
f 1523/1487/1480 1483/1498/1489 1481/1499/1490
f 1523/1487/1480 1481/1499/1490 1524/1489/1482
f 1524/1489/1482 1481/1499/1490 1478/1500/1491
f 1524/1489/1482 1478/1500/1491 1525/1464/1457
f 1525/1464/1457 1478/1500/1491 1476/1501/1492
f 1525/1464/1457 1476/1501/1492 1526/1465/1458
f 1526/1465/1458 1476/1501/1492 1473/1502/1493
f 1526/1465/1458 1473/1502/1493 1527/1467/1460
f 1528/1470/1463 1474/1503/1494 1471/1504/1495
f 1528/1470/1463 1471/1504/1495 1529/1471/1464
f 1529/1471/1464 1471/1504/1495 1469/1491/1484
f 1529/1471/1464 1469/1491/1484 1516/1473/1466
f 1559/1505/1496 1557/1506/1497 1544/1507/1498
f 1559/1505/1496 1544/1507/1498 1558/1508/1499
f 1561/1509/1500 1556/1510/1501 1557/1506/1497
f 1561/1509/1500 1557/1506/1497 1559/1505/1496
f 1562/1511/1502 1554/1512/1503 1555/1513/1504
f 1562/1511/1502 1555/1513/1504 1560/1514/1505
f 1563/1515/1506 1553/1516/1507 1554/1512/1503
f 1563/1515/1506 1554/1512/1503 1562/1511/1502
f 1564/1517/1508 1552/1518/1509 1553/1516/1507
f 1564/1517/1508 1553/1516/1507 1563/1515/1506
f 1565/1519/1510 1551/1520/1511 1552/1518/1509
f 1565/1519/1510 1552/1518/1509 1564/1517/1508
f 1566/1521/1512 1550/1522/1513 1551/1520/1511
f 1566/1521/1512 1551/1520/1511 1565/1519/1510
f 1568/1523/1514 1549/1524/1515 1550/1522/1513
f 1568/1523/1514 1550/1522/1513 1566/1521/1512
f 1569/1525/1516 1547/1526/1517 1548/1527/1518
f 1569/1525/1516 1548/1527/1518 1567/1528/1519
f 1570/1529/1520 1546/1530/1521 1547/1526/1517
f 1570/1529/1520 1547/1526/1517 1569/1525/1516
f 1571/1531/1522 1545/1532/1523 1546/1530/1521
f 1571/1531/1522 1546/1530/1521 1570/1529/1520
f 1558/1508/1499 1544/1507/1498 1545/1532/1523
f 1558/1508/1499 1545/1532/1523 1571/1531/1522
f 1544/1507/1498 1530/1474/1467 1543/1476/1469
f 1544/1507/1498 1543/1476/1469 1545/1532/1523
f 1545/1532/1523 1543/1476/1469 1542/1478/1471
f 1545/1532/1523 1542/1478/1471 1546/1530/1521
f 1546/1530/1521 1542/1478/1471 1541/1480/1473
f 1546/1530/1521 1541/1480/1473 1547/1526/1517
f 1547/1526/1517 1541/1480/1473 1539/1482/1475
f 1547/1526/1517 1539/1482/1475 1548/1527/1518
f 1549/1524/1515 1540/1483/1476 1538/1486/1479
f 1549/1524/1515 1538/1486/1479 1550/1522/1513
f 1550/1522/1513 1538/1486/1479 1537/1488/1481
f 1550/1522/1513 1537/1488/1481 1551/1520/1511
f 1551/1520/1511 1537/1488/1481 1536/1490/1483
f 1551/1520/1511 1536/1490/1483 1552/1518/1509
f 1552/1518/1509 1536/1490/1483 1535/1463/1456
f 1552/1518/1509 1535/1463/1456 1553/1516/1507
f 1553/1516/1507 1535/1463/1456 1534/1466/1459
f 1553/1516/1507 1534/1466/1459 1554/1512/1503
f 1554/1512/1503 1534/1466/1459 1532/1468/1461
f 1554/1512/1503 1532/1468/1461 1555/1513/1504
f 1556/1510/1501 1533/1469/1462 1531/1472/1465
f 1556/1510/1501 1531/1472/1465 1557/1506/1497
f 1557/1506/1497 1531/1472/1465 1530/1474/1467
f 1557/1506/1497 1530/1474/1467 1544/1507/1498
f 1587/1533/1524 1585/1534/1525 1572/1535/1526
f 1587/1533/1524 1572/1535/1526 1586/1536/1527
f 1589/1537/1528 1584/1538/1529 1585/1534/1525
f 1589/1537/1528 1585/1534/1525 1587/1533/1524
f 1590/1539/1530 1582/1540/1531 1583/1541/1532
f 1590/1539/1530 1583/1541/1532 1588/1542/1533
f 1591/1543/1534 1581/1544/1535 1582/1540/1531
f 1591/1543/1534 1582/1540/1531 1590/1539/1530
f 1592/1545/1536 1580/1546/1537 1581/1544/1535
f 1592/1545/1536 1581/1544/1535 1591/1543/1534
f 1593/1547/1538 1579/1548/1539 1580/1546/1537
f 1593/1547/1538 1580/1546/1537 1592/1545/1536
f 1594/1549/1540 1578/1550/1541 1579/1548/1539
f 1594/1549/1540 1579/1548/1539 1593/1547/1538
f 1596/1551/1542 1577/1552/1543 1578/1550/1541
f 1596/1551/1542 1578/1550/1541 1594/1549/1540
f 1597/1553/1544 1575/1554/1545 1576/1555/1546
f 1597/1553/1544 1576/1555/1546 1595/1556/1547
f 1598/1557/1548 1574/1558/1549 1575/1554/1545
f 1598/1557/1548 1575/1554/1545 1597/1553/1544
f 1599/1559/1550 1573/1560/1551 1574/1558/1549
f 1599/1559/1550 1574/1558/1549 1598/1557/1548
f 1586/1536/1527 1572/1535/1526 1573/1560/1551
f 1586/1536/1527 1573/1560/1551 1599/1559/1550
f 1572/1535/1526 1558/1508/1499 1571/1531/1522
f 1572/1535/1526 1571/1531/1522 1573/1560/1551
f 1573/1560/1551 1571/1531/1522 1570/1529/1520
f 1573/1560/1551 1570/1529/1520 1574/1558/1549
f 1574/1558/1549 1570/1529/1520 1569/1525/1516
f 1574/1558/1549 1569/1525/1516 1575/1554/1545
f 1575/1554/1545 1569/1525/1516 1567/1528/1519
f 1575/1554/1545 1567/1528/1519 1576/1555/1546
f 1577/1552/1543 1568/1523/1514 1566/1521/1512
f 1577/1552/1543 1566/1521/1512 1578/1550/1541
f 1578/1550/1541 1566/1521/1512 1565/1519/1510
f 1578/1550/1541 1565/1519/1510 1579/1548/1539
f 1579/1548/1539 1565/1519/1510 1564/1517/1508
f 1579/1548/1539 1564/1517/1508 1580/1546/1537
f 1580/1546/1537 1564/1517/1508 1563/1515/1506
f 1580/1546/1537 1563/1515/1506 1581/1544/1535
f 1581/1544/1535 1563/1515/1506 1562/1511/1502
f 1581/1544/1535 1562/1511/1502 1582/1540/1531
f 1582/1540/1531 1562/1511/1502 1560/1514/1505
f 1582/1540/1531 1560/1514/1505 1583/1541/1532
f 1584/1538/1529 1561/1509/1500 1559/1505/1496
f 1584/1538/1529 1559/1505/1496 1585/1534/1525
f 1585/1534/1525 1559/1505/1496 1558/1508/1499
f 1585/1534/1525 1558/1508/1499 1572/1535/1526
f 1498/1561/1552 1641/1562/1553 1628/1563/1554
f 1498/1561/1552 1628/1563/1554 1500/1564/1555
f 1496/1565/1556 1640/1566/1557 1641/1562/1553
f 1496/1565/1556 1641/1562/1553 1498/1561/1552
f 1493/1567/1558 1638/1568/1559 1639/1569/1560
f 1493/1567/1558 1639/1569/1560 1495/1570/1561
f 1491/1571/1562 1637/1572/1563 1638/1568/1559
f 1491/1571/1562 1638/1568/1559 1493/1567/1558
f 1515/1573/1564 1636/1574/1565 1637/1572/1563
f 1515/1573/1564 1637/1572/1563 1491/1571/1562
f 1512/1575/1566 1635/1576/1567 1636/1574/1565
f 1512/1575/1566 1636/1574/1565 1515/1573/1564
f 1510/1577/1568 1634/1578/1569 1635/1576/1567
f 1510/1577/1568 1635/1576/1567 1512/1575/1566
f 1508/1579/1570 1633/1580/1571 1634/1578/1569
f 1508/1579/1570 1634/1578/1569 1510/1577/1568
f 1506/1581/1572 1631/1582/1573 1632/1583/1574
f 1506/1581/1572 1632/1583/1574 1507/1584/1575
f 1504/1585/1576 1630/1586/1577 1631/1582/1573
f 1504/1585/1576 1631/1582/1573 1506/1581/1572
f 1502/1587/1578 1629/1588/1579 1630/1586/1577
f 1502/1587/1578 1630/1586/1577 1504/1585/1576
f 1500/1564/1555 1628/1563/1554 1629/1588/1579
f 1500/1564/1555 1629/1588/1579 1502/1587/1578
f 1600/1589/1580 1586/1536/1527 1599/1559/1550
f 1600/1589/1580 1599/1559/1550 1601/1590/1581
f 1601/1590/1581 1599/1559/1550 1598/1557/1548
f 1601/1590/1581 1598/1557/1548 1602/1591/1582
f 1602/1591/1582 1598/1557/1548 1597/1553/1544
f 1602/1591/1582 1597/1553/1544 1603/1592/1583
f 1603/1592/1583 1597/1553/1544 1595/1556/1547
f 1603/1592/1583 1595/1556/1547 1604/1593/1584
f 1605/1594/1585 1596/1551/1542 1594/1549/1540
f 1605/1594/1585 1594/1549/1540 1606/1595/1586
f 1606/1595/1586 1594/1549/1540 1593/1547/1538
f 1606/1595/1586 1593/1547/1538 1607/1596/1587
f 1607/1596/1587 1593/1547/1538 1592/1545/1536
f 1607/1596/1587 1592/1545/1536 1608/1597/1588
f 1608/1597/1588 1592/1545/1536 1591/1543/1534
f 1608/1597/1588 1591/1543/1534 1609/1598/1589
f 1609/1598/1589 1591/1543/1534 1590/1539/1530
f 1609/1598/1589 1590/1539/1530 1610/1599/1590
f 1610/1599/1590 1590/1539/1530 1588/1542/1533
f 1610/1599/1590 1588/1542/1533 1611/1600/1591
f 1612/1601/1592 1589/1537/1528 1587/1533/1524
f 1612/1601/1592 1587/1533/1524 1613/1602/1593
f 1613/1602/1593 1587/1533/1524 1586/1536/1527
f 1613/1602/1593 1586/1536/1527 1600/1589/1580
f 1614/1603/1594 1609/1598/1589 1610/1599/1590
f 1614/1603/1594 1610/1599/1590 1615/1604/1595
f 1615/1604/1595 1610/1599/1590 1611/1600/1591
f 1615/1604/1595 1611/1600/1591 1616/1605/1596
f 1617/1606/1597 1612/1601/1592 1613/1602/1593
f 1617/1606/1597 1613/1602/1593 1618/1607/1598
f 1618/1607/1598 1613/1602/1593 1600/1589/1580
f 1618/1607/1598 1600/1589/1580 1619/1608/1599
f 1619/1608/1599 1600/1589/1580 1601/1590/1581
f 1619/1608/1599 1601/1590/1581 1620/1609/1600
f 1620/1609/1600 1601/1590/1581 1602/1591/1582
f 1620/1609/1600 1602/1591/1582 1621/1610/1601
f 1621/1610/1601 1602/1591/1582 1603/1592/1583
f 1621/1610/1601 1603/1592/1583 1622/1611/1602
f 1622/1611/1602 1603/1592/1583 1604/1593/1584
f 1622/1611/1602 1604/1593/1584 1623/1612/1603
f 1624/1613/1604 1605/1594/1585 1606/1595/1586
f 1624/1613/1604 1606/1595/1586 1625/1614/1605
f 1625/1614/1605 1606/1595/1586 1607/1596/1587
f 1625/1614/1605 1607/1596/1587 1626/1615/1606
f 1626/1615/1606 1607/1596/1587 1608/1597/1588
f 1626/1615/1606 1608/1597/1588 1627/1616/1607
f 1627/1616/1607 1608/1597/1588 1609/1598/1589
f 1627/1616/1607 1609/1598/1589 1614/1603/1594
f 1628/1563/1554 1619/1608/1599 1620/1609/1600
f 1628/1563/1554 1620/1609/1600 1629/1588/1579
f 1629/1588/1579 1620/1609/1600 1621/1610/1601
f 1629/1588/1579 1621/1610/1601 1630/1586/1577
f 1630/1586/1577 1621/1610/1601 1622/1611/1602
f 1630/1586/1577 1622/1611/1602 1631/1582/1573
f 1631/1582/1573 1622/1611/1602 1623/1612/1603
f 1631/1582/1573 1623/1612/1603 1632/1583/1574
f 1633/1580/1571 1624/1613/1604 1625/1614/1605
f 1633/1580/1571 1625/1614/1605 1634/1578/1569
f 1634/1578/1569 1625/1614/1605 1626/1615/1606
f 1634/1578/1569 1626/1615/1606 1635/1576/1567
f 1635/1576/1567 1626/1615/1606 1627/1616/1607
f 1635/1576/1567 1627/1616/1607 1636/1574/1565
f 1636/1574/1565 1627/1616/1607 1614/1603/1594
f 1636/1574/1565 1614/1603/1594 1637/1572/1563
f 1637/1572/1563 1614/1603/1594 1615/1604/1595
f 1637/1572/1563 1615/1604/1595 1638/1568/1559
f 1638/1568/1559 1615/1604/1595 1616/1605/1596
f 1638/1568/1559 1616/1605/1596 1639/1569/1560
f 1640/1566/1557 1617/1606/1597 1618/1607/1598
f 1640/1566/1557 1618/1607/1598 1641/1562/1553
f 1641/1562/1553 1618/1607/1598 1619/1608/1599
f 1641/1562/1553 1619/1608/1599 1628/1563/1554
f 1659/1617/1608 1648/1618/1609 1671/1619/1610
f 1659/1617/1608 1671/1619/1610 1657/1620/1611
f 1642/1621/1612 1658/337/328 1674/336/327
f 1642/1621/1612 1674/336/327 1667/1622/1613
f 1670/1623/1614 1648/1618/1609 1659/1617/1608
f 1670/1623/1614 1659/1617/1608 1660/1624/1615
f 1670/1623/1614 1660/1624/1615 1689/1625/1616
f 1670/1623/1614 1689/1625/1616 1691/1626/1617
f 2405/1627/1618 351/1628/1619 346/1629/335
f 2405/1627/1618 346/1629/335 2417/1630/1620
f 1490/1631/1621 1665/1632/1622 1644/1633/1623
f 1490/1631/1621 1644/1633/1623 1514/1634/1624
f 1494/1635/1625 1666/1636/1626 1645/1637/1627
f 1494/1635/1625 1645/1637/1627 1492/1638/1628
f 1666/1636/1626 1676/1639/1629 1647/1640/1630
f 1666/1636/1626 1647/1640/1630 1646/1641/1631
f 1692/1642/1632 1653/1643/1633 1669/1623/1634
f 1692/1642/1632 1669/1623/1634 1690/1626/1635
f 1672/1619/1636 1501/1644/1637 1503/1645/1638
f 1672/1619/1636 1503/1645/1638 1650/1646/1639
f 1499/1647/1640 1501/1644/1637 1672/1619/1636
f 1499/1647/1640 1672/1619/1636 1651/1648/1641
f 1679/1649/1642 1497/1650/1643 1499/1647/1640
f 1679/1649/1642 1499/1647/1640 1651/1648/1641
f 1654/1651/1644 1679/1649/1642 1653/1643/1633
f 1654/1651/1644 1653/1643/1633 1678/1652/1645
f 1671/1619/1610 1650/1646/1639 1656/1653/1646
f 1671/1619/1610 1656/1653/1646 1657/1620/1611
f 2406/1654/1647 1662/1655/366 343/1656/1648
f 2406/1654/1647 343/1656/1648 2416/1657/1649
f 2278/1658/1650 2232/1659/1651 2401/1660/1652
f 2278/1658/1650 2401/1660/1652 2400/1661/1653
f 1643/1662/1654 1663/1663/1655 1644/1633/1623
f 1643/1662/1654 1644/1633/1623 1665/1632/1622
f 1645/1637/1627 1664/1664/1656 1643/1662/1654
f 1645/1637/1627 1643/1662/1654 1665/1632/1622
f 1646/1641/1631 1664/1664/1656 1645/1637/1627
f 1646/1641/1631 1645/1637/1627 1666/1636/1626
f 1645/1637/1627 1665/1632/1622 1490/1631/1621
f 1645/1637/1627 1490/1631/1621 1492/1638/1628
f 2415/1665/1657 353/1666/1658 351/1628/1619
f 2415/1665/1657 351/1628/1619 2405/1627/1618
f 1655/1667/1659 1676/1639/1629 1666/1636/1626
f 1655/1667/1659 1666/1636/1626 1494/1635/1625
f 1669/1623/1634 1651/1648/1641 1672/1619/1636
f 1669/1623/1634 1672/1619/1636 1649/1618/1660
f 1679/1649/1642 1651/1648/1641 1669/1623/1634
f 1679/1649/1642 1669/1623/1634 1653/1643/1633
f 1677/1668/1661 1668/1622/1662 1675/336/380
f 1677/1668/1661 1675/336/380 360/384/379
f 1652/1669/1663 1677/1668/1661 360/384/379
f 1652/1669/1663 360/384/379 1673/386/383
f 1653/1643/1633 1692/1642/1632 1693/1670/1664
f 1653/1643/1633 1693/1670/1664 1678/1652/1645
f 1497/1650/1643 1679/1649/1642 1654/1651/1644
f 1497/1650/1643 1654/1651/1644 1680/1671/1665
f 1494/1635/1625 1497/1650/1643 1680/1671/1665
f 1494/1635/1625 1680/1671/1665 1655/1667/1659
f 1656/1653/1646 1650/1646/1639 1503/1645/1638
f 1656/1653/1646 1503/1645/1638 1681/1672/1666
f 1503/1645/1638 1505/1673/1667 1682/1674/1668
f 1503/1645/1638 1682/1674/1668 1681/1672/1666
f 1505/1673/1667 1509/1675/1669 1683/1676/1670
f 1505/1673/1667 1683/1676/1670 1682/1674/1668
f 1683/1676/1670 1509/1675/1669 1511/1677/1671
f 1683/1676/1670 1511/1677/1671 1684/1678/1672
f 1511/1677/1671 1513/1679/1673 1685/1680/1674
f 1511/1677/1671 1685/1680/1674 1684/1678/1672
f 1685/1680/1674 1513/1679/1673 1514/1634/1624
f 1685/1680/1674 1514/1634/1624 1686/1681/1675
f 1514/1634/1624 1644/1633/1623 1687/1682/1676
f 1514/1634/1624 1687/1682/1676 1686/1681/1675
f 1687/1682/1676 1644/1633/1623 1663/1663/1655
f 1687/1682/1676 1663/1663/1655 1688/1683/1677
f 2416/1657/1649 343/1656/1648 392/1684/1678
f 2416/1657/1649 392/1684/1678 2407/1685/1679
f 1691/1626/1617 1689/1625/1616 1642/1621/1612
f 1691/1626/1617 1642/1621/1612 1667/1622/1613
f 1677/1668/1661 1692/1642/1632 1690/1626/1635
f 1677/1668/1661 1690/1626/1635 1668/1622/1662
f 1692/1642/1632 1677/1668/1661 1652/1669/1663
f 1692/1642/1632 1652/1669/1663 1693/1670/1664
f 2169/1686/1680 2168/1687/1681 1643/1662/1654
f 2169/1686/1680 1643/1662/1654 1664/1664/1656
f 1714/1688/1682 1647/1640/1630 1676/1639/1629
f 1714/1688/1682 1676/1639/1629 1713/1689/1683
f 1713/1689/1683 1676/1639/1629 1655/1667/1659
f 1713/1689/1683 1655/1667/1659 1712/1690/1684
f 1712/1690/1684 1655/1667/1659 1680/1671/1665
f 1712/1690/1684 1680/1671/1665 1711/1691/1685
f 1711/1691/1685 1680/1671/1665 1654/1651/1644
f 1711/1691/1685 1654/1651/1644 1710/1692/1686
f 1710/1692/1686 1654/1651/1644 1678/1652/1645
f 1710/1692/1686 1678/1652/1645 1709/1693/1687
f 1709/1693/1687 1678/1652/1645 1693/1670/1664
f 1709/1693/1687 1693/1670/1664 1708/1694/1688
f 1708/1694/1688 1693/1670/1664 1652/1669/1663
f 1708/1694/1688 1652/1669/1663 1707/1695/1689
f 1707/1695/1689 1652/1669/1663 1673/386/383
f 1707/1695/1689 1673/386/383 409/413/410
f 1705/1696/1690 1722/1697/1691 430/416/413
f 1705/1696/1690 430/416/413 1706/415/412
f 1704/1698/1692 1721/1699/1693 1722/1697/1691
f 1704/1698/1692 1722/1697/1691 1705/1696/1690
f 1703/1700/1694 1720/1701/1695 1721/1699/1693
f 1703/1700/1694 1721/1699/1693 1704/1698/1692
f 1701/1702/1696 1719/1703/1697 1720/1701/1695
f 1701/1702/1696 1720/1701/1695 1703/1700/1694
f 1699/1704/1698 1718/1705/1699 1719/1703/1697
f 1699/1704/1698 1719/1703/1697 1701/1702/1696
f 1698/1706/1700 1717/1707/1701 1718/1705/1699
f 1698/1706/1700 1718/1705/1699 1699/1704/1698
f 1697/1708/1702 1716/1709/1703 1717/1707/1701
f 1697/1708/1702 1717/1707/1701 1698/1706/1700
f 1696/1710/1704 1715/1711/1705 1716/1709/1703
f 1696/1710/1704 1716/1709/1703 1697/1708/1702
f 2172/1712/1706 2165/1713/1707 1647/1640/1630
f 2172/1712/1706 1647/1640/1630 1714/1688/1682
f 2171/1714/1708 2173/1715/1709 1715/1711/1705
f 2171/1714/1708 1715/1711/1705 1696/1710/1704
f 1715/1711/1705 1714/1688/1682 1713/1689/1683
f 1715/1711/1705 1713/1689/1683 1716/1709/1703
f 1716/1709/1703 1713/1689/1683 1712/1690/1684
f 1716/1709/1703 1712/1690/1684 1717/1707/1701
f 1717/1707/1701 1712/1690/1684 1711/1691/1685
f 1717/1707/1701 1711/1691/1685 1718/1705/1699
f 1718/1705/1699 1711/1691/1685 1710/1692/1686
f 1718/1705/1699 1710/1692/1686 1719/1703/1697
f 1719/1703/1697 1710/1692/1686 1709/1693/1687
f 1719/1703/1697 1709/1693/1687 1720/1701/1695
f 1720/1701/1695 1709/1693/1687 1708/1694/1688
f 1720/1701/1695 1708/1694/1688 1721/1699/1693
f 1721/1699/1693 1708/1694/1688 1707/1695/1689
f 1721/1699/1693 1707/1695/1689 1722/1697/1691
f 1722/1697/1691 1707/1695/1689 409/413/410
f 1722/1697/1691 409/413/410 430/416/413
f 1705/1696/1690 1706/415/412 1724/437/434
f 1705/1696/1690 1724/437/434 1723/1716/1710
f 1723/1716/1710 1725/1717/1711 1704/1698/1692
f 1723/1716/1710 1704/1698/1692 1705/1696/1690
f 1704/1698/1692 1725/1717/1711 1726/1718/1712
f 1704/1698/1692 1726/1718/1712 1703/1700/1694
f 1726/1718/1712 1727/1719/1713 1702/1702/1714
f 1726/1718/1712 1702/1702/1714 1703/1700/1694
f 1702/1702/1714 1727/1719/1713 1728/1720/1715
f 1702/1702/1714 1728/1720/1715 1700/1704/1716
f 1728/1720/1715 1729/1721/1717 1698/1706/1700
f 1728/1720/1715 1698/1706/1700 1700/1704/1716
f 1698/1706/1700 1729/1721/1717 1730/1722/1718
f 1698/1706/1700 1730/1722/1718 1697/1708/1702
f 1730/1722/1718 1731/1723/1719 1696/1710/1704
f 1730/1722/1718 1696/1710/1704 1697/1708/1702
f 2418/1724/1720 2409/1725/1721 439/1726/1722
f 2418/1724/1720 439/1726/1722 1694/1727/1723
f 2173/1715/1709 2172/1712/1706 1714/1688/1682
f 2173/1715/1709 1714/1688/1682 1715/1711/1705
f 1732/1728/1724 1731/1723/1719 1761/1729/1725
f 1732/1728/1724 1761/1729/1725 1762/1730/1726
f 1736/1731/1727 1739/1732/1728 1737/1733/1729
f 1736/1731/1727 1737/1733/1729 1734/1734/1730
f 1776/1735/1731 1778/1736/1732 1745/1737/1733
f 1776/1735/1731 1745/1737/1733 1743/1738/1734
f 1725/1717/1711 1755/1739/1735 1756/1740/1736
f 1725/1717/1711 1756/1740/1736 1726/1718/1712
f 1755/1739/1735 1725/1717/1711 1723/1716/1710
f 1755/1739/1735 1723/1716/1710 1754/1741/1737
f 1723/1716/1710 1724/437/434 1753/463/462
f 1723/1716/1710 1753/463/462 1754/1741/1737
f 1727/1719/1713 1726/1718/1712 1756/1740/1736
f 1727/1719/1713 1756/1740/1736 1757/1742/1738
f 1757/1742/1738 1758/1743/1739 1728/1720/1715
f 1757/1742/1738 1728/1720/1715 1727/1719/1713
f 1728/1720/1715 1758/1743/1739 1759/1744/1740
f 1728/1720/1715 1759/1744/1740 1729/1721/1717
f 1759/1744/1740 1760/1745/1741 1730/1722/1718
f 1759/1744/1740 1730/1722/1718 1729/1721/1717
f 1730/1722/1718 1760/1745/1741 1761/1729/1725
f 1730/1722/1718 1761/1729/1725 1731/1723/1719
f 1754/1741/1737 1753/463/462 456/469/468
f 1754/1741/1737 456/469/468 1748/1746/1742
f 1747/1747/1743 1755/1739/1735 1754/1741/1737
f 1747/1747/1743 1754/1741/1737 1748/1746/1742
f 1755/1739/1735 1747/1747/1743 1746/1748/1744
f 1755/1739/1735 1746/1748/1744 1756/1740/1736
f 1757/1742/1738 1756/1740/1736 1746/1748/1744
f 1757/1742/1738 1746/1748/1744 1749/1749/1745
f 1749/1749/1745 1750/1750/1746 1758/1743/1739
f 1749/1749/1745 1758/1743/1739 1757/1742/1738
f 1758/1743/1739 1750/1750/1746 1751/1751/1747
f 1758/1743/1739 1751/1751/1747 1759/1744/1740
f 1751/1751/1747 1752/1752/1748 1760/1745/1741
f 1751/1751/1747 1760/1745/1741 1759/1744/1740
f 1760/1745/1741 1752/1752/1748 1736/1731/1727
f 1760/1745/1741 1736/1731/1727 1761/1729/1725
f 1762/1730/1726 1761/1729/1725 1736/1731/1727
f 1762/1730/1726 1736/1731/1727 1734/1734/1730
f 1748/1746/1742 456/469/468 1765/477/476
f 1748/1746/1742 1765/477/476 1764/1753/1749
f 1765/477/476 473/479/478 1766/1754/1750
f 1765/477/476 1766/1754/1750 1764/1753/1749
f 1766/1754/1750 473/479/478 1770/481/480
f 1766/1754/1750 1770/481/480 1767/1755/1751
f 1748/1746/1742 1764/1753/1749 1772/1756/1752
f 1748/1746/1742 1772/1756/1752 1747/1747/1743
f 1772/1756/1752 1764/1753/1749 1766/1754/1750
f 1772/1756/1752 1766/1754/1750 1773/1757/1753
f 1766/1754/1750 1767/1755/1751 1774/1758/1754
f 1766/1754/1750 1774/1758/1754 1773/1757/1753
f 1737/1733/1729 1739/1732/1728 1778/1736/1732
f 1737/1733/1729 1778/1736/1732 1776/1735/1731
f 1779/1759/1755 1768/1760/1756 1771/1761/1757
f 1779/1759/1755 1771/1761/1757 484/1762/1758
f 1782/1763/1759 1779/1759/1755 484/1762/1758
f 1782/1763/1759 484/1762/1758 1781/1764/1760
f 1785/1765/1761 1782/1763/1759 1781/1764/1760
f 1785/1765/1761 1781/1764/1760 1784/1766/1762
f 1778/1736/1732 1785/1765/1761 1784/1766/1762
f 1778/1736/1732 1784/1766/1762 1745/1737/1733
f 1775/1767/1763 1768/1760/1756 1779/1759/1755
f 1775/1767/1763 1779/1759/1755 1786/1768/1764
f 1779/1759/1755 1782/1763/1759 1787/1769/1765
f 1779/1759/1755 1787/1769/1765 1786/1768/1764
f 1787/1769/1765 1782/1763/1759 1785/1765/1761
f 1787/1769/1765 1785/1765/1761 1788/1770/1766
f 1785/1765/1761 1778/1736/1732 1739/1732/1728
f 1785/1765/1761 1739/1732/1728 1788/1770/1766
f 1747/1747/1743 1772/1756/1752 1805/1771/1767
f 1747/1747/1743 1805/1771/1767 1746/1748/1744
f 1805/1771/1767 1806/1772/1768 1749/1749/1745
f 1805/1771/1767 1749/1749/1745 1746/1748/1744
f 1749/1749/1745 1806/1772/1768 1807/1773/1769
f 1749/1749/1745 1807/1773/1769 1750/1750/1746
f 1807/1773/1769 1808/1774/1770 1751/1751/1747
f 1807/1773/1769 1751/1751/1747 1750/1750/1746
f 1751/1751/1747 1808/1774/1770 1809/1775/1771
f 1751/1751/1747 1809/1775/1771 1752/1752/1748
f 1809/1775/1771 1739/1732/1728 1736/1731/1727
f 1809/1775/1771 1736/1731/1727 1752/1752/1748
f 1772/1756/1752 1823/1776/1772 1825/1777/1773
f 1772/1756/1752 1825/1777/1773 1805/1771/1767
f 1820/1778/1774 1823/1776/1772 1772/1756/1752
f 1820/1778/1774 1772/1756/1752 1773/1757/1753
f 1773/1757/1753 1774/1758/1754 1816/1779/1775
f 1773/1757/1753 1816/1779/1775 1820/1778/1774
f 1814/1780/1776 1817/1781/1777 1775/1767/1763
f 1814/1780/1776 1775/1767/1763 1786/1768/1764
f 1786/1768/1764 1787/1769/1765 1812/1782/1778
f 1786/1768/1764 1812/1782/1778 1814/1780/1776
f 1810/1783/1779 1812/1782/1778 1787/1769/1765
f 1810/1783/1779 1787/1769/1765 1788/1770/1766
f 1806/1772/1768 1805/1771/1767 1825/1777/1773
f 1806/1772/1768 1825/1777/1773 1827/1784/1780
f 1827/1784/1780 1829/1785/1781 1807/1773/1769
f 1827/1784/1780 1807/1773/1769 1806/1772/1768
f 1808/1774/1770 1807/1773/1769 1829/1785/1781
f 1808/1774/1770 1829/1785/1781 1831/1786/1782
f 1831/1786/1782 1834/1787/1783 1809/1775/1771
f 1831/1786/1782 1809/1775/1771 1808/1774/1770
f 1739/1732/1728 1809/1775/1771 1834/1787/1783
f 1739/1732/1728 1834/1787/1783 1793/1788/1784
f 1788/1770/1766 1739/1732/1728 1793/1788/1784
f 1788/1770/1766 1793/1788/1784 1810/1783/1779
f 1811/1789/1785 1792/1790/1786 1848/544/543
f 1811/1789/1785 1848/544/543 1835/543/542
f 1835/543/542 1836/1791/1787 1813/1792/1788
f 1835/543/542 1813/1792/1788 1811/1789/1785
f 1815/1793/1789 1813/1792/1788 1836/1791/1787
f 1815/1793/1789 1836/1791/1787 1837/1794/1790
f 1837/1794/1790 1839/1795/1791 1819/1796/1792
f 1837/1794/1790 1819/1796/1792 1815/1793/1789
f 1821/1797/1793 1818/1798/1794 1838/1799/1795
f 1821/1797/1793 1838/1799/1795 1840/1800/1796
f 1840/1800/1796 1841/1801/1797 1822/1802/1798
f 1840/1800/1796 1822/1802/1798 1821/1797/1793
f 1822/1802/1798 1841/1801/1797 1842/1803/1799
f 1822/1802/1798 1842/1803/1799 1824/1804/1800
f 1826/1805/1801 1824/1804/1800 1842/1803/1799
f 1826/1805/1801 1842/1803/1799 1843/1806/1802
f 1843/1806/1802 1844/1807/1803 1828/1808/1804
f 1843/1806/1802 1828/1808/1804 1826/1805/1801
f 1830/1809/1805 1828/1808/1804 1844/1807/1803
f 1830/1809/1805 1844/1807/1803 1845/1810/1806
f 1845/1810/1806 1847/1811/1807 1833/1812/1808
f 1845/1810/1806 1833/1812/1808 1830/1809/1805
f 1792/1790/1786 1832/1813/1809 1846/1814/1810
f 1792/1790/1786 1846/1814/1810 1848/544/543
f 827/819/819 824/815/815 793/818/818
f 827/819/819 793/818/818 794/820/820
f 1799/1815/1811 1836/1791/1787 1835/543/542
f 1799/1815/1811 1835/543/542 1791/546/545
f 1837/1794/1790 1836/1791/1787 1799/1815/1811
f 1837/1794/1790 1799/1815/1811 1790/1816/1812
f 1798/1817/1813 1839/1795/1791 1837/1794/1790
f 1798/1817/1813 1837/1794/1790 1790/1816/1812
f 1840/1800/1796 1838/1799/1795 1797/1818/1814
f 1840/1800/1796 1797/1818/1814 1789/1819/1815
f 1841/1801/1797 1840/1800/1796 1789/1819/1815
f 1841/1801/1797 1789/1819/1815 1796/1820/1816
f 1841/1801/1797 1796/1820/1816 1804/1821/1817
f 1841/1801/1797 1804/1821/1817 1842/1803/1799
f 1843/1806/1802 1842/1803/1799 1804/1821/1817
f 1843/1806/1802 1804/1821/1817 1795/1822/1818
f 1844/1807/1803 1843/1806/1802 1795/1822/1818
f 1844/1807/1803 1795/1822/1818 1803/1823/1819
f 1845/1810/1806 1844/1807/1803 1803/1823/1819
f 1845/1810/1806 1803/1823/1819 1794/1824/1820
f 1847/1811/1807 1845/1810/1806 1794/1824/1820
f 1847/1811/1807 1794/1824/1820 1801/1825/1821
f 1848/544/543 1846/1814/1810 1802/1826/1822
f 1848/544/543 1802/1826/1822 1800/545/544
f 1890/1827/1823 1877/1828/1824 1804/1821/1817
f 1890/1827/1823 1804/1821/1817 1796/1820/1816
f 1877/1828/1824 1878/1829/1825 1795/1822/1818
f 1877/1828/1824 1795/1822/1818 1804/1821/1817
f 1878/1829/1825 1879/1830/1826 1803/1823/1819
f 1878/1829/1825 1803/1823/1819 1795/1822/1818
f 1879/1830/1826 1880/1831/1827 1794/1824/1820
f 1879/1830/1826 1794/1824/1820 1803/1823/1819
f 1880/1831/1827 1881/1832/1828 1801/1825/1821
f 1880/1831/1827 1801/1825/1821 1794/1824/1820
f 1882/1833/1829 1883/1834/1830 1800/545/544
f 1882/1833/1829 1800/545/544 1802/1826/1822
f 1883/1834/1830 1884/1835/1831 1791/546/545
f 1883/1834/1830 1791/546/545 1800/545/544
f 1884/1835/1831 1885/1836/1832 1799/1815/1811
f 1884/1835/1831 1799/1815/1811 1791/546/545
f 1885/1836/1832 1886/1837/1833 1790/1816/1812
f 1885/1836/1832 1790/1816/1812 1799/1815/1811
f 1886/1837/1833 1888/1838/1834 1798/1817/1813
f 1886/1837/1833 1798/1817/1813 1790/1816/1812
f 1887/1839/1835 1889/1840/1836 1789/1819/1815
f 1887/1839/1835 1789/1819/1815 1797/1818/1814
f 1889/1840/1836 1890/1827/1823 1796/1820/1816
f 1889/1840/1836 1796/1820/1816 1789/1819/1815
f 1930/1841/1837 1932/1842/1838 1862/1843/1839
f 1930/1841/1837 1862/1843/1839 1860/1844/1840
f 1932/1842/1838 1919/1845/1841 1849/1846/1842
f 1932/1842/1838 1849/1846/1842 1862/1843/1839
f 1919/1845/1841 1920/1847/1843 1850/1848/1844
f 1919/1845/1841 1850/1848/1844 1849/1846/1842
f 1920/1847/1843 1921/1849/1845 1851/1850/1846
f 1920/1847/1843 1851/1850/1846 1850/1848/1844
f 1921/1849/1845 1922/1851/1847 1852/1852/1848
f 1921/1849/1845 1852/1852/1848 1851/1850/1846
f 1922/1851/1847 1923/1853/1849 1853/1854/1850
f 1922/1851/1847 1853/1854/1850 1852/1852/1848
f 1923/1853/1849 1925/1855/1851 1854/1856/1852
f 1923/1853/1849 1854/1856/1852 1853/1854/1850
f 1924/1857/1853 1926/1858/1854 1856/1859/1855
f 1924/1857/1853 1856/1859/1855 1855/1860/1856
f 1926/1858/1854 1927/1861/1857 1857/1862/1858
f 1926/1858/1854 1857/1862/1858 1856/1859/1855
f 1927/1861/1857 1928/1863/1859 1858/1864/1860
f 1927/1861/1857 1858/1864/1860 1857/1862/1858
f 1928/1863/1859 1929/1865/1861 1859/1866/1862
f 1928/1863/1859 1859/1866/1862 1858/1864/1860
f 1929/1865/1861 1931/1867/1863 1861/1868/1864
f 1929/1865/1861 1861/1868/1864 1859/1866/1862
f 1905/1869/1865 1906/1870/1866 1904/1871/1867
f 1905/1869/1865 1904/1871/1867 1891/1872/1868
f 1906/1870/1866 1907/1873/1869 1903/1874/1870
f 1906/1870/1866 1903/1874/1870 1904/1871/1867
f 1907/1873/1869 1908/1875/1871 1902/1876/1872
f 1907/1873/1869 1902/1876/1872 1903/1874/1870
f 1908/1875/1871 1909/1877/1873 1901/1878/1874
f 1908/1875/1871 1901/1878/1874 1902/1876/1872
f 1910/1879/1875 1911/1880/1876 1899/1881/1877
f 1910/1879/1875 1899/1881/1877 1900/1882/1874
f 1911/1880/1876 1912/1883/1878 1898/1884/1879
f 1911/1880/1876 1898/1884/1879 1899/1881/1877
f 1912/1883/1878 1913/1885/1880 1897/1886/1881
f 1912/1883/1878 1897/1886/1881 1898/1884/1879
f 1913/1885/1880 1914/1887/1882 1896/1888/1883
f 1913/1885/1880 1896/1888/1883 1897/1886/1881
f 1914/1887/1882 1916/1889/1884 1895/1890/1885
f 1914/1887/1882 1895/1890/1885 1896/1888/1883
f 1915/1891/1886 1917/1892/1887 1893/1893/1888
f 1915/1891/1886 1893/1893/1888 1894/1894/1889
f 1917/1892/1887 1918/1895/1890 1892/1896/1891
f 1917/1892/1887 1892/1896/1891 1893/1893/1888
f 1918/1895/1890 1905/1869/1865 1891/1872/1868
f 1918/1895/1890 1891/1872/1868 1892/1896/1891
f 1892/1896/1891 1891/1872/1868 1877/1828/1824
f 1892/1896/1891 1877/1828/1824 1890/1827/1823
f 1893/1893/1888 1892/1896/1891 1890/1827/1823
f 1893/1893/1888 1890/1827/1823 1889/1840/1836
f 1894/1894/1889 1893/1893/1888 1889/1840/1836
f 1894/1894/1889 1889/1840/1836 1887/1839/1835
f 1896/1888/1883 1895/1890/1885 1888/1838/1834
f 1896/1888/1883 1888/1838/1834 1886/1837/1833
f 1897/1886/1881 1896/1888/1883 1886/1837/1833
f 1897/1886/1881 1886/1837/1833 1885/1836/1832
f 1898/1884/1879 1897/1886/1881 1885/1836/1832
f 1898/1884/1879 1885/1836/1832 1884/1835/1831
f 1899/1881/1877 1898/1884/1879 1884/1835/1831
f 1899/1881/1877 1884/1835/1831 1883/1834/1830
f 1900/1882/1874 1899/1881/1877 1883/1834/1830
f 1900/1882/1874 1883/1834/1830 1882/1833/1829
f 1902/1876/1872 1901/1878/1874 1881/1832/1828
f 1902/1876/1872 1881/1832/1828 1880/1831/1827
f 1903/1874/1870 1902/1876/1872 1880/1831/1827
f 1903/1874/1870 1880/1831/1827 1879/1830/1826
f 1904/1871/1867 1903/1874/1870 1879/1830/1826
f 1904/1871/1867 1879/1830/1826 1878/1829/1825
f 1891/1872/1868 1904/1871/1867 1878/1829/1825
f 1891/1872/1868 1878/1829/1825 1877/1828/1824
f 1850/1848/1844 1851/1850/1846 1906/1870/1866
f 1850/1848/1844 1906/1870/1866 1905/1869/1865
f 1851/1850/1846 1852/1852/1848 1907/1873/1869
f 1851/1850/1846 1907/1873/1869 1906/1870/1866
f 1852/1852/1848 1853/1854/1850 1908/1875/1871
f 1852/1852/1848 1908/1875/1871 1907/1873/1869
f 1853/1854/1850 1854/1856/1852 1909/1877/1873
f 1853/1854/1850 1909/1877/1873 1908/1875/1871
f 1855/1860/1856 1856/1859/1855 1911/1880/1876
f 1855/1860/1856 1911/1880/1876 1910/1879/1875
f 1856/1859/1855 1857/1862/1858 1912/1883/1878
f 1856/1859/1855 1912/1883/1878 1911/1880/1876
f 1857/1862/1858 1858/1864/1860 1913/1885/1880
f 1857/1862/1858 1913/1885/1880 1912/1883/1878
f 1858/1864/1860 1859/1866/1862 1914/1887/1882
f 1858/1864/1860 1914/1887/1882 1913/1885/1880
f 1859/1866/1862 1861/1868/1864 1916/1889/1884
f 1859/1866/1862 1916/1889/1884 1914/1887/1882
f 1860/1844/1840 1862/1843/1839 1917/1892/1887
f 1860/1844/1840 1917/1892/1887 1915/1891/1886
f 1862/1843/1839 1849/1846/1842 1918/1895/1890
f 1862/1843/1839 1918/1895/1890 1917/1892/1887
f 1849/1846/1842 1850/1848/1844 1905/1869/1865
f 1849/1846/1842 1905/1869/1865 1918/1895/1890
f 1866/1897/1892 1867/1898/1893 1920/1847/1843
f 1866/1897/1892 1920/1847/1843 1919/1845/1841
f 1867/1898/1893 1868/1899/1894 1921/1849/1845
f 1867/1898/1893 1921/1849/1845 1920/1847/1843
f 1868/1899/1894 1869/1900/1895 1922/1851/1847
f 1868/1899/1894 1922/1851/1847 1921/1849/1845
f 1869/1900/1895 1870/1901/1896 1923/1853/1849
f 1869/1900/1895 1923/1853/1849 1922/1851/1847
f 1870/1901/1896 1872/1902/1897 1925/1855/1851
f 1870/1901/1896 1925/1855/1851 1923/1853/1849
f 1871/1903/1898 1873/1904/1899 1926/1858/1854
f 1871/1903/1898 1926/1858/1854 1924/1857/1853
f 1873/1904/1899 1874/1905/1900 1927/1861/1857
f 1873/1904/1899 1927/1861/1857 1926/1858/1854
f 1874/1905/1900 1875/1906/1901 1928/1863/1859
f 1874/1905/1900 1928/1863/1859 1927/1861/1857
f 1875/1906/1901 1876/1907/1902 1929/1865/1861
f 1875/1906/1901 1929/1865/1861 1928/1863/1859
f 1876/1907/1902 1864/1908/1903 1931/1867/1863
f 1876/1907/1902 1931/1867/1863 1929/1865/1861
f 1863/1909/1904 1865/1910/1905 1932/1842/1838
f 1863/1909/1904 1932/1842/1838 1930/1841/1837
f 1865/1910/1905 1866/1897/1892 1919/1845/1841
f 1865/1910/1905 1919/1845/1841 1932/1842/1838
f 1866/1897/1892 1933/1911/1906 1934/1912/1907
f 1866/1897/1892 1934/1912/1907 1867/1898/1893
f 1959/1913/1908 1935/1914/1909 1936/1915/1910
f 1959/1913/1908 1936/1915/1910 1960/1916/1911
f 1935/1914/1909 1938/1917/1912 1939/1918/1913
f 1935/1914/1909 1939/1918/1913 1936/1915/1910
f 1937/1919/1914 1941/1920/1915 1942/1921/1916
f 1937/1919/1914 1942/1921/1916 1940/1922/1913
f 1937/1919/1914 1944/1923/1917 1946/1924/1918
f 1937/1919/1914 1946/1924/1918 1941/1920/1915
f 1935/1914/1909 1943/1925/1919 1945/1926/1920
f 1935/1914/1909 1945/1926/1920 1938/1917/1912
f 1963/1927/1921 1947/1928/1922 1949/1929/1923
f 1963/1927/1921 1949/1929/1923 1962/1930/1924
f 1959/1913/1908 1933/1911/1906 1947/1928/1922
f 1959/1913/1908 1947/1928/1922 1963/1927/1921
f 1960/1916/1911 1964/1931/1925 1955/1932/1926
f 1960/1916/1911 1955/1932/1926 1934/1912/1907
f 1965/1933/1927 1966/1934/1928 1954/1935/1929
f 1965/1933/1927 1954/1935/1929 1956/1936/1930
f 1966/1934/1928 1967/1937/1931 1953/1938/1932
f 1966/1934/1928 1953/1938/1932 1954/1935/1929
f 1967/1937/1931 1968/1939/1933 1952/1940/1934
f 1967/1937/1931 1952/1940/1934 1953/1938/1932
f 1968/1939/1933 1961/1941/1935 1948/1942/1936
f 1968/1939/1933 1948/1942/1936 1952/1940/1934
f 1946/1924/1918 1944/1923/1917 1961/1941/1935
f 1946/1924/1918 1961/1941/1935 1968/1939/1933
f 1941/1920/1915 1946/1924/1918 1968/1939/1933
f 1941/1920/1915 1968/1939/1933 1967/1937/1931
f 1942/1921/1916 1941/1920/1915 1967/1937/1931
f 1942/1921/1916 1967/1937/1931 1966/1934/1928
f 1940/1922/1913 1942/1921/1916 1966/1934/1928
f 1940/1922/1913 1966/1934/1928 1965/1933/1927
f 1936/1915/1910 1939/1918/1913 1964/1931/1925
f 1936/1915/1910 1964/1931/1925 1960/1916/1911
f 1935/1914/1909 1959/1913/1908 1963/1927/1921
f 1935/1914/1909 1963/1927/1921 1943/1925/1919
f 1943/1925/1919 1963/1927/1921 1962/1930/1924
f 1943/1925/1919 1962/1930/1924 1945/1926/1920
f 1933/1911/1906 1959/1913/1908 1960/1916/1911
f 1933/1911/1906 1960/1916/1911 1934/1912/1907
f 1866/1897/1892 1969/1943/1937 1947/1928/1922
f 1866/1897/1892 1947/1928/1922 1933/1911/1906
f 1865/1910/1905 1970/1944/1938 1969/1943/1937
f 1865/1910/1905 1969/1943/1937 1866/1897/1892
f 1989/1945/1939 1972/1946/1940 1971/1947/1941
f 1989/1945/1939 1971/1947/1941 1985/1948/1942
f 1972/1946/1940 1976/1949/1943 1974/1950/1944
f 1972/1946/1940 1974/1950/1944 1971/1947/1941
f 1975/1951/1945 1978/1952/1946 1977/1953/1947
f 1975/1951/1945 1977/1953/1947 1973/1954/1948
f 1977/1953/1947 1982/1955/1949 1980/1956/1950
f 1977/1953/1947 1980/1956/1950 1973/1954/1948
f 1974/1950/1944 1981/1957/1951 1979/1958/1952
f 1974/1950/1944 1979/1958/1952 1971/1947/1941
f 1990/1959/1953 1985/1948/1942 1971/1947/1941
f 1990/1959/1953 1971/1947/1941 1979/1958/1952
f 1992/1960/1954 1990/1959/1953 1979/1958/1952
f 1992/1960/1954 1979/1958/1952 1981/1957/1951
f 1993/1961/1955 1991/1962/1956 1980/1956/1950
f 1993/1961/1955 1980/1956/1950 1982/1955/1949
f 1993/1961/1955 1994/1963/1957 1983/1964/1958
f 1993/1961/1955 1983/1964/1958 1952/1940/1934
f 1994/1963/1957 1995/1965/1959 1984/1966/1960
f 1994/1963/1957 1984/1966/1960 1983/1964/1958
f 1995/1965/1959 1996/1967/1961 1986/1968/1962
f 1995/1965/1959 1986/1968/1962 1984/1966/1960
f 1989/1945/1939 1970/1944/1938 1987/1969/1963
f 1989/1945/1939 1987/1969/1963 1997/1970/1964
f 1972/1946/1940 1989/1945/1939 1997/1970/1964
f 1972/1946/1940 1997/1970/1964 1976/1949/1943
f 1978/1952/1946 1975/1951/1945 1996/1967/1961
f 1978/1952/1946 1996/1967/1961 1995/1965/1959
f 1977/1953/1947 1978/1952/1946 1995/1965/1959
f 1977/1953/1947 1995/1965/1959 1994/1963/1957
f 1982/1955/1949 1977/1953/1947 1994/1963/1957
f 1982/1955/1949 1994/1963/1957 1993/1961/1955
f 1952/1940/1934 1950/1942/1965 1991/1962/1956
f 1952/1940/1934 1991/1962/1956 1993/1961/1955
f 1951/1929/1966 1947/1928/1922 1990/1959/1953
f 1951/1929/1966 1990/1959/1953 1992/1960/1954
f 1947/1928/1922 1969/1943/1937 1985/1948/1942
f 1947/1928/1922 1985/1948/1942 1990/1959/1953
f 1970/1944/1938 1989/1945/1939 1985/1948/1942
f 1970/1944/1938 1985/1948/1942 1969/1943/1937
f 1934/1912/1907 1957/1932/1967 1998/1971/1968
f 1934/1912/1907 1998/1971/1968 1867/1898/1893
f 1867/1898/1893 1998/1971/1968 2001/1972/1969
f 1867/1898/1893 2001/1972/1969 1868/1899/1894
f 2020/1973/1970 2000/1974/1971 2002/1975/1972
f 2020/1973/1970 2002/1975/1972 2016/1976/1973
f 1999/1977/1974 2004/1978/1975 2005/1979/1976
f 1999/1977/1974 2005/1979/1976 2003/1980/1977
f 2004/1978/1975 2007/1981/1978 2008/1982/1979
f 2004/1978/1975 2008/1982/1979 2005/1979/1976
f 2004/1978/1975 2012/1983/1980 2013/1984/1981
f 2004/1978/1975 2013/1984/1981 2007/1981/1978
f 1999/1977/1974 2010/1985/1982 2012/1983/1980
f 1999/1977/1974 2012/1983/1980 2004/1978/1975
f 2020/1973/1970 2021/1986/1983 2011/1987/1984
f 2020/1973/1970 2011/1987/1984 2000/1974/1971
f 2022/1988/1985 2023/1989/1986 2012/1983/1980
f 2022/1988/1985 2012/1983/1980 2010/1985/1982
f 2023/1989/1986 2024/1990/1987 2013/1984/1981
f 2023/1989/1986 2013/1984/1981 2012/1983/1980
f 2024/1990/1987 2025/1991/1988 2007/1981/1978
f 2024/1990/1987 2007/1981/1978 2013/1984/1981
f 2025/1991/1988 2027/1992/1989 2008/1982/1979
f 2025/1991/1988 2008/1982/1979 2007/1981/1978
f 2026/1993/1990 2028/1994/1991 2006/1995/1992
f 2026/1993/1990 2006/1995/1992 2009/1996/1993
f 2016/1976/1973 2028/1994/1991 2019/1997/1994
f 2016/1976/1973 2019/1997/1994 2001/1972/1969
f 2002/1975/1972 2006/1995/1992 2028/1994/1991
f 2002/1975/1972 2028/1994/1991 2016/1976/1973
f 2017/1998/1995 2019/1997/1994 2028/1994/1991
f 2017/1998/1995 2028/1994/1991 2026/1993/1990
f 2015/1999/1996 2018/2000/1997 2027/1992/1989
f 2015/1999/1996 2027/1992/1989 2025/1991/1988
f 2014/2001/1998 2015/1999/1996 2025/1991/1988
f 2014/2001/1998 2025/1991/1988 2024/1990/1987
f 1954/1935/1929 2014/2001/1998 2024/1990/1987
f 1954/1935/1929 2024/1990/1987 2023/1989/1986
f 1958/1936/1999 1954/1935/1929 2023/1989/1986
f 1958/1936/1999 2023/1989/1986 2022/1988/1985
f 1998/1971/1968 1957/1932/1967 2021/1986/1983
f 1998/1971/1968 2021/1986/1983 2020/1973/1970
f 1998/1971/1968 2020/1973/1970 2016/1976/1973
f 1998/1971/1968 2016/1976/1973 2001/1972/1969
f 1869/1900/1895 1868/1899/1894 2001/1972/1969
f 1869/1900/1895 2001/1972/1969 2019/1997/1994
f 1863/1909/1904 1987/1969/1963 1970/1944/1938
f 1863/1909/1904 1970/1944/1938 1865/1910/1905
f 2019/1997/1994 2017/1998/1995 2029/2002/2000
f 2019/1997/1994 2029/2002/2000 1869/1900/1895
f 2018/2000/1997 2015/1999/1996 2031/2003/2001
f 2018/2000/1997 2031/2003/2001 2030/2004/2002
f 2015/1999/1996 2014/2001/1998 2032/2005/2003
f 2015/1999/1996 2032/2005/2003 2031/2003/2001
f 1954/1935/1929 1953/1938/1932 2032/2005/2003
f 1954/1935/1929 2032/2005/2003 2014/2001/1998
f 1953/1938/1932 1952/1940/1934 1983/1964/1958
f 1953/1938/1932 1983/1964/1958 2032/2005/2003
f 1875/1906/1901 2043/2006/2004 2045/2007/2005
f 1875/1906/1901 2045/2007/2005 1876/1907/1902
f 1873/1904/1899 2039/2008/2006 2041/2009/2007
f 1873/1904/1899 2041/2009/2007 1874/1905/1900
f 1870/1901/1896 2033/2010/2008 2035/2011/2009
f 1870/1901/1896 2035/2011/2009 1872/1902/1897
f 1874/1905/1900 2041/2009/2007 2043/2006/2004
f 1874/1905/1900 2043/2006/2004 1875/1906/1901
f 1871/1903/1898 2036/2012/2010 2039/2008/2006
f 1871/1903/1898 2039/2008/2006 1873/1904/1899
f 1870/1901/1896 1869/1900/1895 2029/2002/2000
f 1870/1901/1896 2029/2002/2000 2033/2010/2008
f 1876/1907/1902 2045/2007/2005 1988/2013/2011
f 1876/1907/1902 1988/2013/2011 1864/1908/1903
f 2030/2004/2002 2031/2003/2001 2046/2014/2012
f 2030/2004/2002 2046/2014/2012 2034/2015/2013
f 2031/2003/2001 2032/2005/2003 2047/2016/2014
f 2031/2003/2001 2047/2016/2014 2046/2014/2012
f 1983/1964/1958 2048/2017/2015 2047/2016/2014
f 1983/1964/1958 2047/2016/2014 2032/2005/2003
f 1983/1964/1958 1984/1966/1960 2049/2018/2016
f 1983/1964/1958 2049/2018/2016 2048/2017/2015
f 1984/1966/1960 1986/1968/1962 2044/2019/2017
f 1984/1966/1960 2044/2019/2017 2049/2018/2016
f 2034/2015/2013 2046/2014/2012 2038/2020/2018
f 2034/2015/2013 2038/2020/2018 2037/2021/2019
f 2040/2022/2020 2038/2020/2018 2046/2014/2012
f 2040/2022/2020 2046/2014/2012 2047/2016/2014
f 2040/2022/2020 2047/2016/2014 2048/2017/2015
f 2040/2022/2020 2048/2017/2015 2042/2023/2021
f 2044/2019/2017 2042/2023/2021 2048/2017/2015
f 2044/2019/2017 2048/2017/2015 2049/2018/2016
f 2066/2024/2022 2050/2025/2023 753/760/760
f 2066/2024/2022 753/760/760 759/759/759
f 2066/2024/2022 2067/2026/2024 2051/2027/2025
f 2066/2024/2022 2051/2027/2025 2050/2025/2023
f 2067/2026/2024 2068/2028/2026 2052/2029/2027
f 2067/2026/2024 2052/2029/2027 2051/2027/2025
f 2068/2028/2026 2069/2030/2028 2053/2031/2029
f 2068/2028/2026 2053/2031/2029 2052/2029/2027
f 2069/2030/2028 2070/2032/2030 2054/2033/2031
f 2069/2030/2028 2054/2033/2031 2053/2031/2029
f 2070/2032/2030 2071/2034/2032 2055/2035/2033
f 2070/2032/2030 2055/2035/2033 2054/2033/2031
f 2071/2034/2032 2072/2036/2034 2056/2037/2035
f 2071/2034/2032 2056/2037/2035 2055/2035/2033
f 2072/2036/2034 2073/2038/2036 2057/2039/2037
f 2072/2036/2034 2057/2039/2037 2056/2037/2035
f 2073/2038/2036 2074/2040/2038 2058/2041/2039
f 2073/2038/2036 2058/2041/2039 2057/2039/2037
f 2074/2040/2038 2075/2042/2040 2059/2043/2041
f 2074/2040/2038 2059/2043/2041 2058/2041/2039
f 2075/2042/2040 2076/2044/2042 2060/2045/2043
f 2075/2042/2040 2060/2045/2043 2059/2043/2041
f 2076/2044/2042 2077/2046/2044 2061/2047/2045
f 2076/2044/2042 2061/2047/2045 2060/2045/2043
f 2077/2046/2044 2078/2048/2046 2062/2049/2047
f 2077/2046/2044 2062/2049/2047 2061/2047/2045
f 2078/2048/2046 2079/2050/2048 2063/2051/2049
f 2078/2048/2046 2063/2051/2049 2062/2049/2047
f 2411/2052/2050 2080/2053/2051 2064/2054/790
f 2411/2052/2050 2064/2054/790 2410/2055/2052
f 2407/1685/1679 392/1684/1678 2080/2053/2051
f 2407/1685/1679 2080/2053/2051 2411/2052/2050
f 1687/1682/1676 1688/1683/1677 2079/2050/2048
f 1687/1682/1676 2079/2050/2048 2078/2048/2046
f 1686/1681/1675 1687/1682/1676 2078/2048/2046
f 1686/1681/1675 2078/2048/2046 2077/2046/2044
f 1685/1680/1674 1686/1681/1675 2077/2046/2044
f 1685/1680/1674 2077/2046/2044 2076/2044/2042
f 1684/1678/1672 1685/1680/1674 2076/2044/2042
f 1684/1678/1672 2076/2044/2042 2075/2042/2040
f 1683/1676/1670 1684/1678/1672 2075/2042/2040
f 1683/1676/1670 2075/2042/2040 2074/2040/2038
f 1682/1674/1668 1683/1676/1670 2074/2040/2038
f 1682/1674/1668 2074/2040/2038 2073/2038/2036
f 1681/1672/1666 1682/1674/1668 2073/2038/2036
f 1681/1672/1666 2073/2038/2036 2072/2036/2034
f 1656/1653/1646 1681/1672/1666 2072/2036/2034
f 1656/1653/1646 2072/2036/2034 2071/2034/2032
f 1657/1620/1611 1656/1653/1646 2071/2034/2032
f 1657/1620/1611 2071/2034/2032 2070/2032/2030
f 1659/1617/1608 1657/1620/1611 2070/2032/2030
f 1659/1617/1608 2070/2032/2030 2069/2030/2028
f 1660/1624/1615 1659/1617/1608 2069/2030/2028
f 1660/1624/1615 2069/2030/2028 2068/2028/2026
f 1689/1625/1616 1660/1624/1615 2068/2028/2026
f 1689/1625/1616 2068/2028/2026 2067/2026/2024
f 1642/1621/1612 1689/1625/1616 2067/2026/2024
f 1642/1621/1612 2067/2026/2024 2066/2024/2022
f 1642/1621/1612 2066/2024/2022 759/759/759
f 1642/1621/1612 759/759/759 1658/337/328
f 2051/2027/2025 2082/792/792 753/760/760
f 2051/2027/2025 753/760/760 2050/2025/2023
f 2053/2031/2029 2083/2056/2053 2051/2027/2025
f 2053/2031/2029 2051/2027/2025 2052/2029/2027
f 2083/2056/2053 784/794/794 2082/792/792
f 2083/2056/2053 2082/792/792 2051/2027/2025
f 2054/2033/2031 2084/2057/2054 2083/2056/2053
f 2054/2033/2031 2083/2056/2053 2053/2031/2029
f 2084/2057/2054 786/796/796 784/794/794
f 2084/2057/2054 784/794/794 2083/2056/2053
f 2055/2035/2033 2085/2058/2055 2084/2057/2054
f 2055/2035/2033 2084/2057/2054 2054/2033/2031
f 782/798/798 786/796/796 2084/2057/2054
f 782/798/798 2084/2057/2054 2085/2058/2055
f 2056/2037/2035 2086/2059/2056 2085/2058/2055
f 2056/2037/2035 2085/2058/2055 2055/2035/2033
f 2086/2059/2056 789/800/800 782/798/798
f 2086/2059/2056 782/798/798 2085/2058/2055
f 2181/2060/2057 2179/2061/2058 2094/2062/2059
f 2181/2060/2057 2094/2062/2059 2107/2063/2060
f 2099/2064/2061 2093/2065/2062 2092/2066/2063
f 2099/2064/2061 2092/2066/2063 2097/2067/2064
f 2103/2068/2065 2088/2069/2066 2087/2070/2067
f 2103/2068/2065 2087/2070/2067 2101/2071/2068
f 2174/2072/2069 1731/1723/1719 1732/1728/1724
f 2174/2072/2069 1732/1728/1724 2175/2073/2070
f 820/2074/1134 799/2075/2071 2412/2076/2072
f 820/2074/1134 2412/2076/2072 2414/2077/2073
f 2111/892/888 2090/891/887 2089/2078/2074
f 2111/892/888 2089/2078/2074 2109/2079/2075
f 2097/2067/2064 2092/2066/2063 2091/890/886
f 2097/2067/2064 2091/890/886 2113/889/885
f 2101/2071/2068 2087/2070/2067 2095/2080/2076
f 2101/2071/2068 2095/2080/2076 2105/2081/2077
f 2107/2063/2060 2094/2062/2059 2093/2065/2062
f 2107/2063/2060 2093/2065/2062 2099/2064/2061
f 2109/2079/2075 2089/2078/2074 2088/2069/2066
f 2109/2079/2075 2088/2069/2066 2103/2068/2065
f 2060/2045/2043 2112/2082/2078 2110/2083/2079
f 2060/2045/2043 2110/2083/2079 2059/2043/2041
f 2058/2041/2039 2108/2084/2080 2102/2085/2081
f 2058/2041/2039 2102/2085/2081 2057/2039/2037
f 2063/2051/2049 2106/2086/2082 2098/2087/2083
f 2063/2051/2049 2098/2087/2083 2062/2049/2047
f 2056/2037/2035 2100/2088/2068 2104/2089/2077
f 2056/2037/2035 2104/2089/2077 2086/2059/2056
f 2061/2047/2045 2096/2090/2084 2112/2082/2078
f 2061/2047/2045 2112/2082/2078 2060/2045/2043
f 2059/2043/2041 2110/2083/2079 2108/2084/2080
f 2059/2043/2041 2108/2084/2080 2058/2041/2039
f 2412/2076/2072 2179/2061/2058 2181/2060/2057
f 2412/2076/2072 2181/2060/2057 2414/2077/2073
f 2086/2059/2056 2104/2089/2077 811/834/833
f 2086/2059/2056 811/834/833 789/800/800
f 2057/2039/2037 2102/2085/2081 2100/2088/2068
f 2057/2039/2037 2100/2088/2068 2056/2037/2035
f 2062/2049/2047 2098/2087/2083 2096/2090/2084
f 2062/2049/2047 2096/2090/2084 2061/2047/2045
f 2177/2091/2085 2180/2092/2086 2106/2086/2082
f 2177/2091/2085 2106/2086/2082 2063/2051/2049
f 2095/2080/2076 2116/2093/2087 2120/2094/837
f 2095/2080/2076 2120/2094/837 802/2095/836
f 2087/2070/2067 2114/2096/2088 2116/2093/2087
f 2087/2070/2067 2116/2093/2087 2095/2080/2076
f 2117/2097/2089 2122/2098/2090 2123/843/842
f 2117/2097/2089 2123/843/842 2118/842/841
f 2115/2099/2088 2121/2100/2091 2122/2098/2090
f 2115/2099/2088 2122/2098/2090 2117/2097/2089
f 2122/2098/2090 2125/2101/2092 836/847/845
f 2122/2098/2090 836/847/845 2123/843/842
f 2121/2100/2091 2124/2102/2093 2125/2101/2092
f 2121/2100/2091 2125/2101/2092 2122/2098/2090
f 2125/2101/2092 2127/2103/2094 2128/850/848
f 2125/2101/2092 2128/850/848 836/847/845
f 2124/2102/2093 2126/2104/2095 2127/2103/2094
f 2124/2102/2093 2127/2103/2094 2125/2101/2092
f 2136/2105/2096 2131/2106/2097 2132/2107/2098
f 2136/2105/2096 2132/2107/2098 2135/2108/2099
f 2135/2108/2099 2132/2107/2098 2133/2109/2100
f 2135/2108/2099 2133/2109/2100 2134/2110/2101
f 2138/2111/2102 2130/2112/2103 2131/2106/2097
f 2138/2111/2102 2131/2106/2097 2136/2105/2096
f 2124/2102/2093 2135/2108/2099 2134/2110/2101
f 2124/2102/2093 2134/2110/2101 2126/2104/2095
f 2115/2099/2088 2138/2111/2102 2136/2105/2096
f 2115/2099/2088 2136/2105/2096 2121/2100/2091
f 2121/2100/2091 2136/2105/2096 2135/2108/2099
f 2121/2100/2091 2135/2108/2099 2124/2102/2093
f 2133/2109/2100 2141/2113/2104 2142/2114/2105
f 2133/2109/2100 2142/2114/2105 2134/2110/2101
f 2127/2103/2094 2140/2115/2106 851/863/861
f 2127/2103/2094 851/863/861 2128/850/848
f 2134/2110/2101 2142/2114/2105 2139/2116/2107
f 2134/2110/2101 2139/2116/2107 2126/2104/2095
f 2126/2104/2095 2139/2116/2107 2140/2115/2106
f 2126/2104/2095 2140/2115/2106 2127/2103/2094
f 2155/2117/2108 2144/2118/2109 2146/2119/2110
f 2155/2117/2108 2146/2119/2110 2153/2120/2111
f 2153/2120/2111 2146/2119/2110 2147/2121/2112
f 2153/2120/2111 2147/2121/2112 2156/2122/2113
f 2159/2123/2114 2149/2124/2115 2151/2125/2116
f 2159/2123/2114 2151/2125/2116 2157/2126/2117
f 2156/2122/2113 2147/2121/2112 2149/2124/2115
f 2156/2122/2113 2149/2124/2115 2159/2123/2114
f 2132/2107/2098 2156/2122/2113 2159/2123/2114
f 2132/2107/2098 2159/2123/2114 2133/2109/2100
f 2133/2109/2100 2159/2123/2114 2157/2126/2117
f 2133/2109/2100 2157/2126/2117 2141/2113/2104
f 2131/2106/2097 2153/2120/2111 2156/2122/2113
f 2131/2106/2097 2156/2122/2113 2132/2107/2098
f 2130/2112/2103 2155/2117/2108 2153/2120/2111
f 2130/2112/2103 2153/2120/2111 2131/2106/2097
f 2087/2070/2067 2088/2069/2066 2137/2127/2118
f 2087/2070/2067 2137/2127/2118 2114/2096/2088
f 2088/2069/2066 2089/2078/2074 2129/2128/2103
f 2088/2069/2066 2129/2128/2103 2137/2127/2118
f 2089/2078/2074 2090/891/887 2154/2129/2119
f 2089/2078/2074 2154/2129/2119 2129/2128/2103
f 2090/891/887 2091/890/886 2143/2130/2120
f 2090/891/887 2143/2130/2120 2154/2129/2119
f 2148/2131/2112 2162/2132/2121 2163/2133/2122
f 2148/2131/2112 2163/2133/2122 2150/2134/2123
f 2143/2130/2120 2160/2135/2124 2161/2136/2125
f 2143/2130/2120 2161/2136/2125 2145/2137/2126
f 2150/2134/2123 2163/2133/2122 2164/2138/2127
f 2150/2134/2123 2164/2138/2127 2152/2139/2116
f 2145/2137/2126 2161/2136/2125 2162/2132/2121
f 2145/2137/2126 2162/2132/2121 2148/2131/2112
f 821/2140/1134 1143/833/832 1141/832/831
f 821/2140/1134 1141/832/831 798/918/914
f 2410/2055/2052 2413/2141/2128 2180/2092/2086
f 2410/2055/2052 2180/2092/2086 2177/2091/2085
f 1688/1683/1677 2170/2142/2129 2178/2143/2130
f 1688/1683/1677 2178/2143/2130 2079/2050/2048
f 2409/1725/1721 2174/2072/2069 2175/2073/2070
f 2409/1725/1721 2175/2073/2070 2420/2144/2131
f 2079/2050/2048 2178/2143/2130 2177/2091/2085
f 2079/2050/2048 2177/2091/2085 2063/2051/2049
f 2419/2145/2132 2408/2146/2133 2172/1712/1706
f 2419/2145/2132 2172/1712/1706 2173/1715/1709
f 2418/1724/1720 2419/2145/2132 2173/1715/1709
f 2418/1724/1720 2173/1715/1709 2171/1714/1708
f 2408/2146/2133 2415/1665/1657 2165/1713/1707
f 2408/2146/2133 2165/1713/1707 2172/1712/1706
f 1696/1710/1704 1731/1723/1719 2174/2072/2069
f 1696/1710/1704 2174/2072/2069 2171/1714/1708
f 1663/1663/1655 2167/2147/2134 2170/2142/2129
f 1663/1663/1655 2170/2142/2129 1688/1683/1677
f 2417/1630/1620 2406/1654/1647 2168/1687/1681
f 2417/1630/1620 2168/1687/1681 2169/1686/1680
f 1647/1640/1630 2165/1713/1707 2166/2148/2135
f 1647/1640/1630 2166/2148/2135 1646/1641/1631
f 1643/1662/1654 2168/1687/1681 2167/2147/2134
f 1643/1662/1654 2167/2147/2134 1663/1663/1655
f 2162/2132/2121 2184/2149/2136 2185/2150/2137
f 2162/2132/2121 2185/2150/2137 2163/2133/2122
f 2160/2135/2124 2182/2151/2138 2183/2152/2139
f 2160/2135/2124 2183/2152/2139 2161/2136/2125
f 2163/2133/2122 2185/2150/2137 2186/2153/2140
f 2163/2133/2122 2186/2153/2140 2164/2138/2127
f 2161/2136/2125 2183/2152/2139 2184/2149/2136
f 2161/2136/2125 2184/2149/2136 2162/2132/2121
f 2091/890/886 2092/2066/2063 2160/2135/2124
f 2091/890/886 2160/2135/2124 2143/2130/2120
f 2092/2066/2063 2093/2065/2062 2182/2151/2138
f 2092/2066/2063 2182/2151/2138 2160/2135/2124
f 2182/2151/2138 2187/2154/2141 2188/2155/2142
f 2182/2151/2138 2188/2155/2142 2183/2152/2139
f 2185/2150/2137 2190/2156/2143 2191/2157/2144
f 2185/2150/2137 2191/2157/2144 2186/2153/2140
f 2183/2152/2139 2188/2155/2142 2189/2158/2145
f 2183/2152/2139 2189/2158/2145 2184/2149/2136
f 2184/2149/2136 2189/2158/2145 2190/2156/2143
f 2184/2149/2136 2190/2156/2143 2185/2150/2137
f 1646/1641/1631 2166/2148/2135 2169/1686/1680
f 1646/1641/1631 2169/1686/1680 1664/1664/1656
f 2187/2154/2141 2192/2159/2146 2193/2160/2147
f 2187/2154/2141 2193/2160/2147 2188/2155/2142
f 2190/2156/2143 2195/2161/2148 2196/2162/2149
f 2190/2156/2143 2196/2162/2149 2191/2157/2144
f 2188/2155/2142 2193/2160/2147 2194/2163/2150
f 2188/2155/2142 2194/2163/2150 2189/2158/2145
f 2412/2076/2072 799/2075/2071 2198/2164/2151
f 2412/2076/2072 2198/2164/2151 2425/2165/2152
f 2423/2166/2153 911/2167/918 2200/2168/917
f 2423/2166/2153 2200/2168/917 2422/2169/2154
f 2425/2165/2152 2198/2164/2151 909/2170/920
f 2425/2165/2152 909/2170/920 2424/2171/2155
f 2422/2169/2154 2200/2168/917 913/2172/922
f 2422/2169/2154 913/2172/922 2426/2173/2156
f 2093/2065/2062 2094/2062/2059 2187/2154/2141
f 2093/2065/2062 2187/2154/2141 2182/2151/2138
f 2189/2158/2145 2194/2163/2150 2195/2161/2148
f 2189/2158/2145 2195/2161/2148 2190/2156/2143
f 2424/2171/2155 909/2170/920 911/2167/918
f 2424/2171/2155 911/2167/918 2423/2166/2153
f 2273/2174/2157 2203/2175/2158 2202/2176/2159
f 2273/2174/2157 2202/2176/2159 2275/2177/2160
f 2164/2138/2127 2206/2178/2161 2209/2179/2162
f 2164/2138/2127 2209/2179/2162 2152/2139/2116
f 2274/2180/2157 2272/2181/2163 2210/2182/2164
f 2274/2180/2157 2210/2182/2164 2204/2183/2158
f 2272/2181/2163 2271/2184/2165 2213/2185/2166
f 2272/2181/2163 2213/2185/2166 2210/2182/2164
f 2271/2184/2165 2270/2186/2167 2216/2187/2168
f 2271/2184/2165 2216/2187/2168 2213/2185/2166
f 2270/2186/2167 2269/2188/2169 2219/2189/2170
f 2270/2186/2167 2219/2189/2170 2216/2187/2168
f 2269/2188/2169 2268/2190/2171 2222/2191/2172
f 2269/2188/2169 2222/2191/2172 2219/2189/2170
f 2164/2138/2127 2186/2153/2140 2211/2192/2173
f 2164/2138/2127 2211/2192/2173 2206/2178/2161
f 2186/2153/2140 2191/2157/2144 2214/2193/2174
f 2186/2153/2140 2214/2193/2174 2211/2192/2173
f 2426/2173/2156 2427/2194/2175 2227/2195/2176
f 2426/2173/2156 2227/2195/2176 2196/2162/2149
f 2427/2194/2175 2428/2196/2177 2228/2197/2178
f 2427/2194/2175 2228/2197/2178 2227/2195/2176
f 2428/2196/2177 2429/2198/2179 2229/2199/2180
f 2428/2196/2177 2229/2199/2180 2228/2197/2178
f 2429/2198/2179 2430/2200/2181 2230/2201/2182
f 2429/2198/2179 2230/2201/2182 2229/2199/2180
f 2433/2202/2183 2432/2203/2184 2232/1659/1651
f 2433/2202/2183 2232/1659/1651 2281/2204/2185
f 2094/2062/2059 2179/2061/2058 2192/2159/2146
f 2094/2062/2059 2192/2159/2146 2187/2154/2141
f 2196/2162/2149 2227/2195/2176 2214/2193/2174
f 2196/2162/2149 2214/2193/2174 2191/2157/2144
f 2217/2205/2186 2214/2193/2174 2227/2195/2176
f 2217/2205/2186 2227/2195/2176 2228/2197/2178
f 2220/2206/2187 2217/2205/2186 2228/2197/2178
f 2220/2206/2187 2228/2197/2178 2229/2199/2180
f 2275/2177/2160 2266/2207/2188 2248/2208/2189
f 2275/2177/2160 2248/2208/2189 2208/2209/2190
f 2235/2210/2191 2239/2211/2192 2240/2212/2193
f 2235/2210/2191 2240/2212/2193 2237/2213/2194
f 2239/2211/2192 2241/2214/2195 2242/2215/2196
f 2239/2211/2192 2242/2215/2196 2240/2212/2193
f 2241/2214/2195 2243/2216/2197 2244/2217/2198
f 2241/2214/2195 2244/2217/2198 2242/2215/2196
f 2243/2216/2197 2245/2218/2199 2246/2219/2200
f 2243/2216/2197 2246/2219/2200 2244/2217/2198
f 2245/2218/2199 968/974/969 969/973/968
f 2245/2218/2199 969/973/968 2246/2219/2200
f 2158/2220/2201 2152/2139/2116 2209/2179/2162
f 2158/2220/2201 2209/2179/2162 2238/2221/2202
f 2141/2113/2104 2157/2126/2117 2237/2213/2194
f 2141/2113/2104 2237/2213/2194 2240/2212/2193
f 2142/2114/2105 2141/2113/2104 2240/2212/2193
f 2142/2114/2105 2240/2212/2193 2242/2215/2196
f 2139/2116/2107 2142/2114/2105 2242/2215/2196
f 2139/2116/2107 2242/2215/2196 2244/2217/2198
f 2140/2115/2106 2139/2116/2107 2244/2217/2198
f 2140/2115/2106 2244/2217/2198 2246/2219/2200
f 851/863/861 2140/2115/2106 2246/2219/2200
f 851/863/861 2246/2219/2200 969/973/968
f 2236/2222/2203 2238/2221/2202 2209/2179/2162
f 2236/2222/2203 2209/2179/2162 2249/2223/2204
f 2263/2224/2205 2264/2225/2206 2253/2226/2207
f 2263/2224/2205 2253/2226/2207 2257/2227/2208
f 2264/2225/2206 2265/2228/2209 2251/2229/2210
f 2264/2225/2206 2251/2229/2210 2253/2226/2207
f 2259/2230/2211 2263/2224/2205 2257/2227/2208
f 2259/2230/2211 2257/2227/2208 2260/2231/2212
f 2207/2232/2213 2212/2233/2214 2272/2181/2163
f 2207/2232/2213 2272/2181/2163 2274/2180/2157
f 2266/2207/2188 2259/2230/2211 2260/2231/2212
f 2266/2207/2188 2260/2231/2212 2248/2208/2189
f 2212/2233/2214 2215/2234/2174 2271/2184/2165
f 2212/2233/2214 2271/2184/2165 2272/2181/2163
f 2215/2234/2174 2218/2235/2215 2270/2186/2167
f 2215/2234/2174 2270/2186/2167 2271/2184/2165
f 2218/2235/2215 2221/2236/2216 2269/2188/2169
f 2218/2235/2215 2269/2188/2169 2270/2186/2167
f 2221/2236/2216 2223/2237/2217 2268/2190/2171
f 2221/2236/2216 2268/2190/2171 2269/2188/2169
f 2201/2176/2218 2247/2238/2219 2267/2207/2220
f 2201/2176/2218 2267/2207/2220 2276/2177/2221
f 2256/2239/2222 2255/2240/2223 2264/2225/2206
f 2256/2239/2222 2264/2225/2206 2263/2224/2205
f 2255/2240/2223 2250/2241/2224 2265/2228/2209
f 2255/2240/2223 2265/2228/2209 2264/2225/2206
f 2262/2242/2225 2256/2239/2222 2263/2224/2205
f 2262/2242/2225 2263/2224/2205 2259/2230/2211
f 2247/2238/2219 2262/2242/2225 2259/2230/2211
f 2247/2238/2219 2259/2230/2211 2267/2207/2220
f 2205/2243/2226 2273/2174/2157 2275/2177/2160
f 2205/2243/2226 2275/2177/2160 2208/2209/2190
f 2265/2228/2209 2279/2244/2227 2277/2245/1650
f 2265/2228/2209 2277/2245/1650 2251/2229/2210
f 2250/2241/2224 2226/2246/2228 2279/2244/2227
f 2250/2241/2224 2279/2244/2227 2265/2228/2209
f 2284/2247/2229 2285/2248/2230 2277/2245/1650
f 2284/2247/2229 2277/2245/1650 2279/2244/2227
f 2280/2249/2231 2222/2191/2172 2268/2190/2171
f 2280/2249/2231 2268/2190/2171 2284/2247/2229
f 2224/2250/2232 2220/2206/2187 2229/2199/2180
f 2224/2250/2232 2229/2199/2180 2230/2201/2182
f 2281/2204/2185 2286/2251/2230 2225/2252/2232
f 2281/2204/2185 2225/2252/2232 2231/2253/2233
f 2226/2246/2228 2280/2249/2231 2284/2247/2229
f 2226/2246/2228 2284/2247/2229 2279/2244/2227
f 2268/2190/2171 2223/2237/2217 2285/2248/2230
f 2268/2190/2171 2285/2248/2230 2284/2247/2229
f 2431/2254/2234 2433/2202/2183 2281/2204/2185
f 2431/2254/2234 2281/2204/2185 2231/2253/2233
f 2222/2191/2172 2295/2255/2235 2294/2256/2236
f 2222/2191/2172 2294/2256/2236 2219/2189/2170
f 2247/2238/2219 2297/2257/2237 2304/2258/2238
f 2247/2238/2219 2304/2258/2238 2262/2242/2225
f 2255/2240/2223 2300/2259/2239 2299/2260/2240
f 2255/2240/2223 2299/2260/2240 2250/2241/2224
f 2216/2187/2168 2293/2261/2241 2292/2262/2242
f 2216/2187/2168 2292/2262/2242 2213/2185/2166
f 2226/2246/2228 2296/2263/2243 2305/2264/2244
f 2226/2246/2228 2305/2264/2244 2280/2249/2231
f 2210/2182/2164 2291/2265/2245 2290/2266/2246
f 2210/2182/2164 2290/2266/2246 2204/2183/2158
f 2203/2175/2158 2289/2267/2246 2288/2268/2247
f 2203/2175/2158 2288/2268/2247 2202/2176/2159
f 2256/2239/2222 2302/2269/2248 2300/2259/2239
f 2256/2239/2222 2300/2259/2239 2255/2240/2223
f 2201/2176/2218 2287/2268/2249 2297/2257/2237
f 2201/2176/2218 2297/2257/2237 2247/2238/2219
f 2219/2189/2170 2294/2256/2236 2293/2261/2241
f 2219/2189/2170 2293/2261/2241 2216/2187/2168
f 2280/2249/2231 2305/2264/2244 2295/2255/2235
f 2280/2249/2231 2295/2255/2235 2222/2191/2172
f 2213/2185/2166 2292/2262/2242 2291/2265/2245
f 2213/2185/2166 2291/2265/2245 2210/2182/2164
f 2262/2242/2225 2304/2258/2238 2302/2269/2248
f 2262/2242/2225 2302/2269/2248 2256/2239/2222
f 2250/2241/2224 2299/2260/2240 2296/2263/2243
f 2250/2241/2224 2296/2263/2243 2226/2246/2228
f 2235/2210/2191 2306/2270/2250 2308/2271/2251
f 2235/2210/2191 2308/2271/2251 2239/2211/2192
f 2243/2216/2197 2312/2272/2252 2314/2273/2253
f 2243/2216/2197 2314/2273/2253 2245/2218/2199
f 2239/2211/2192 2308/2271/2251 2310/2274/2254
f 2239/2211/2192 2310/2274/2254 2241/2214/2195
f 2245/2218/2199 2314/2273/2253 2316/1030/1021
f 2245/2218/2199 2316/1030/1021 968/974/969
f 2241/2214/2195 2310/2274/2254 2312/2272/2252
f 2241/2214/2195 2312/2272/2252 2243/2216/2197
f 2313/2275/2252 2322/2276/2255 2323/2277/2256
f 2313/2275/2252 2323/2277/2256 2315/2278/2253
f 2309/2279/2257 2320/2280/2258 2321/2281/2259
f 2309/2279/2257 2321/2281/2259 2311/2282/2254
f 2315/2278/2253 2323/2277/2256 1047/2283/2260
f 2315/2278/2253 1047/2283/2260 2318/2284/2261
f 2311/2282/2254 2321/2281/2259 2322/2276/2255
f 2311/2282/2254 2322/2276/2255 2313/2275/2252
f 2307/2285/2262 2319/2286/2263 2320/2280/2258
f 2307/2285/2262 2320/2280/2258 2309/2279/2257
f 2236/2222/2203 2249/2223/2204 2261/2287/2264
f 2236/2222/2203 2261/2287/2264 2307/2285/2262
f 2261/2287/2264 2258/2288/2265 2319/2286/2263
f 2261/2287/2264 2319/2286/2263 2307/2285/2262
f 2340/2289/2266 2335/2290/2267 2334/2291/2268
f 2340/2289/2266 2334/2291/2268 2339/2292/2269
f 2342/2293/2270 2328/2294/2271 2327/2295/2272
f 2342/2293/2270 2327/2295/2272 2341/2296/2273
f 2343/2297/2274 2336/2298/2275 2335/2290/2267
f 2343/2297/2274 2335/2290/2267 2340/2289/2266
f 2344/2299/2276 2329/2300/2277 2328/2294/2271
f 2344/2299/2276 2328/2294/2271 2342/2293/2270
f 2345/2301/2278 2337/2302/2279 2336/2298/2275
f 2345/2301/2278 2336/2298/2275 2343/2297/2274
f 2346/2303/2280 2330/2304/2281 2329/2300/2277
f 2346/2303/2280 2329/2300/2277 2344/2299/2276
f 2347/2305/2282 2333/2306/2283 2337/2302/2279
f 2347/2305/2282 2337/2302/2279 2345/2301/2278
f 2348/2307/2284 2331/2308/2285 2330/2304/2281
f 2348/2307/2284 2330/2304/2281 2346/2303/2280
f 2349/2309/2286 2338/2310/2287 2331/2308/2285
f 2349/2309/2286 2331/2308/2285 2348/2307/2284
f 2350/2311/2288 2332/2312/2289 2338/2310/2287
f 2350/2311/2288 2338/2310/2287 2349/2309/2286
f 2351/2313/2290 2324/2314/2291 2333/2306/2283
f 2351/2313/2290 2333/2306/2283 2347/2305/2282
f 2352/2315/2292 2325/2316/2293 2324/2314/2291
f 2352/2315/2292 2324/2314/2291 2351/2313/2290
f 2339/2292/2269 2334/2291/2268 2332/2312/2289
f 2339/2292/2269 2332/2312/2289 2350/2311/2288
f 2341/2296/2273 2327/2295/2272 2326/2317/2294
f 2341/2296/2273 2326/2317/2294 2353/2318/2292
f 2291/2265/2245 2341/2296/2273 2353/2318/2292
f 2291/2265/2245 2353/2318/2292 2290/2266/2246
f 2299/2260/2240 2339/2292/2269 2350/2311/2288
f 2299/2260/2240 2350/2311/2288 2296/2263/2243
f 2289/2267/2246 2352/2315/2292 2351/2313/2290
f 2289/2267/2246 2351/2313/2290 2288/2268/2247
f 2288/2268/2247 2351/2313/2290 2347/2305/2282
f 2288/2268/2247 2347/2305/2282 2298/2257/2295
f 2296/2263/2243 2350/2311/2288 2349/2309/2286
f 2296/2263/2243 2349/2309/2286 2305/2264/2244
f 2305/2264/2244 2349/2309/2286 2348/2307/2284
f 2305/2264/2244 2348/2307/2284 2295/2255/2235
f 2295/2255/2235 2348/2307/2284 2346/2303/2280
f 2295/2255/2235 2346/2303/2280 2294/2256/2236
f 2298/2257/2295 2347/2305/2282 2345/2301/2278
f 2298/2257/2295 2345/2301/2278 2303/2258/2296
f 2294/2256/2236 2346/2303/2280 2344/2299/2276
f 2294/2256/2236 2344/2299/2276 2293/2261/2241
f 2303/2258/2296 2345/2301/2278 2343/2297/2274
f 2303/2258/2296 2343/2297/2274 2301/2269/2297
f 2293/2261/2241 2344/2299/2276 2342/2293/2270
f 2293/2261/2241 2342/2293/2270 2292/2262/2242
f 2301/2269/2297 2343/2297/2274 2340/2289/2266
f 2301/2269/2297 2340/2289/2266 2300/2259/2239
f 2292/2262/2242 2342/2293/2270 2341/2296/2273
f 2292/2262/2242 2341/2296/2273 2291/2265/2245
f 2300/2259/2239 2340/2289/2266 2339/2292/2269
f 2300/2259/2239 2339/2292/2269 2299/2260/2240
f 2334/2291/2268 2355/2319/2298 2354/2320/2299
f 2334/2291/2268 2354/2320/2299 2332/2312/2289
f 2355/2319/2298 2357/2321/2300 2356/2322/2301
f 2355/2319/2298 2356/2322/2301 2354/2320/2299
f 2357/2321/2300 2359/2323/2302 2358/2324/2303
f 2357/2321/2300 2358/2324/2303 2356/2322/2301
f 2359/2323/2302 2362/2325/2304 2360/2326/2305
f 2359/2323/2302 2360/2326/2305 2358/2324/2303
f 2362/2325/2304 2365/2327/2306 2363/2328/2307
f 2362/2325/2304 2363/2328/2307 2360/2326/2305
f 2365/2327/2306 2368/2329/2308 2366/2330/2309
f 2365/2327/2306 2366/2330/2309 2363/2328/2307
f 2369/2331/2310 2370/2332/2311 2366/2330/2309
f 2369/2331/2310 2366/2330/2309 2368/2329/2308
f 2372/2333/2312 2373/2334/2313 2370/2332/2311
f 2372/2333/2312 2370/2332/2311 2369/2331/2310
f 2324/2314/2291 2325/2316/2293 2373/2334/2313
f 2324/2314/2291 2373/2334/2313 2372/2333/2312
f 2333/2306/2283 2324/2314/2291 2372/2333/2312
f 2333/2306/2283 2372/2333/2312 2369/2331/2310
f 2337/2302/2279 2333/2306/2283 2369/2331/2310
f 2337/2302/2279 2369/2331/2310 2368/2329/2308
f 2368/2329/2308 2376/2335/2314 2336/2298/2275
f 2368/2329/2308 2336/2298/2275 2337/2302/2279
f 2376/2335/2314 2377/2336/2315 2335/2290/2267
f 2376/2335/2314 2335/2290/2267 2336/2298/2275
f 2377/2336/2315 2355/2319/2298 2334/2291/2268
f 2377/2336/2315 2334/2291/2268 2335/2290/2267
f 2365/2327/2306 2362/2325/2304 2376/2335/2314
f 2365/2327/2306 2376/2335/2314 2368/2329/2308
f 2362/2325/2304 2359/2323/2302 2377/2336/2315
f 2362/2325/2304 2377/2336/2315 2376/2335/2314
f 2355/2319/2298 2377/2336/2315 2359/2323/2302
f 2355/2319/2298 2359/2323/2302 2357/2321/2300
f 2327/2295/2272 2378/2337/2316 2374/2338/2313
f 2327/2295/2272 2374/2338/2313 2326/2317/2294
f 2371/2339/2317 2374/2338/2313 2378/2337/2316
f 2371/2339/2317 2378/2337/2316 2375/2340/2318
f 2367/2341/2319 2371/2339/2317 2375/2340/2318
f 2367/2341/2319 2375/2340/2318 2379/2342/2320
f 2380/2343/2321 2364/2344/2307 2367/2341/2319
f 2380/2343/2321 2367/2341/2319 2379/2342/2320
f 2381/2345/2322 2361/2346/2323 2364/2344/2307
f 2381/2345/2322 2364/2344/2307 2380/2343/2321
f 2338/2310/2287 2332/2312/2289 2354/2320/2299
f 2338/2310/2287 2354/2320/2299 2384/2347/2324
f 2354/2320/2299 2356/2322/2301 2383/2348/2325
f 2354/2320/2299 2383/2348/2325 2384/2347/2324
f 2356/2322/2301 2358/2324/2303 2382/2349/2326
f 2356/2322/2301 2382/2349/2326 2383/2348/2325
f 2358/2324/2303 2361/2346/2323 2381/2345/2322
f 2358/2324/2303 2381/2345/2322 2382/2349/2326
f 2328/2294/2271 2375/2340/2318 2378/2337/2316
f 2328/2294/2271 2378/2337/2316 2327/2295/2272
f 2329/2300/2277 2379/2342/2320 2375/2340/2318
f 2329/2300/2277 2375/2340/2318 2328/2294/2271
f 2331/2308/2285 2338/2310/2287 2384/2347/2324
f 2331/2308/2285 2384/2347/2324 2386/2350/2327
f 2331/2308/2285 2386/2350/2327 2385/2351/2328
f 2331/2308/2285 2385/2351/2328 2330/2304/2281
f 2330/2304/2281 2385/2351/2328 2379/2342/2320
f 2330/2304/2281 2379/2342/2320 2329/2300/2277
f 2379/2342/2320 2385/2351/2328 2381/2345/2322
f 2379/2342/2320 2381/2345/2322 2380/2343/2321
f 2382/2349/2326 2381/2345/2322 2385/2351/2328
f 2382/2349/2326 2385/2351/2328 2386/2350/2327
f 2382/2349/2326 2386/2350/2327 2384/2347/2324
f 2382/2349/2326 2384/2347/2324 2383/2348/2325
f 2321/2281/2259 2387/2352/2329 2388/2353/2330
f 2321/2281/2259 2388/2353/2330 2322/2276/2255
f 2389/2354/2331 2323/2277/2256 2322/2276/2255
f 2389/2354/2331 2322/2276/2255 2388/2353/2330
f 1118/2355/2332 1048/2283/1103 2323/2277/2256
f 1118/2355/2332 2323/2277/2256 2389/2354/2331
f 2320/2280/2258 2390/2356/2333 2387/2352/2329
f 2320/2280/2258 2387/2352/2329 2321/2281/2259
f 2319/2286/2263 2391/2357/2334 2390/2356/2333
f 2319/2286/2263 2390/2356/2333 2320/2280/2258
f 2254/2358/2335 2391/2357/2334 2319/2286/2263
f 2254/2358/2335 2319/2286/2263 2258/2288/2265
f 2391/2357/2334 2399/2359/2336 2398/2360/2337
f 2391/2357/2334 2398/2360/2337 2390/2356/2333
f 2390/2356/2333 2398/2360/2337 2392/2361/2338
f 2390/2356/2333 2392/2361/2338 2387/2352/2329
f 2389/2354/2331 2394/2362/2339 2397/2363/1118
f 2389/2354/2331 2397/2363/1118 1118/2355/2332
f 2388/2353/2330 2393/2364/2340 2394/2362/2339
f 2388/2353/2330 2394/2362/2339 2389/2354/2331
f 2387/2352/2329 2392/2361/2338 2393/2364/2340
f 2387/2352/2329 2393/2364/2340 2388/2353/2330
f 2254/2358/2335 2252/2365/2210 2399/2359/2336
f 2254/2358/2335 2399/2359/2336 2391/2357/2334
f 2394/2362/2339 2402/2366/2341 2404/2367/1119
f 2394/2362/2339 2404/2367/1119 2397/2363/1118
f 2392/2361/2338 2400/1661/1653 2401/1660/1652
f 2392/2361/2338 2401/1660/1652 2393/2364/2340
f 2393/2364/2340 2401/1660/1652 2402/2366/2341
f 2393/2364/2340 2402/2366/2341 2394/2362/2339
f 2278/1658/1650 2400/1661/1653 2399/2359/2336
f 2278/1658/1650 2399/2359/2336 2252/2365/2210
f 953/2368/1123 2282/2369/1124 2433/2202/2183
f 953/2368/1123 2433/2202/2183 2431/2254/2234
f 2282/2369/1124 2234/2370/1125 2432/2203/2184
f 2282/2369/1124 2432/2203/2184 2433/2202/2183
f 947/2371/1126 951/2372/1127 2430/2200/2181
f 947/2371/1126 2430/2200/2181 2429/2198/2179
f 944/2373/1128 947/2371/1126 2429/2198/2179
f 944/2373/1128 2429/2198/2179 2428/2196/2177
f 941/2374/1129 944/2373/1128 2428/2196/2177
f 941/2374/1129 2428/2196/2177 2427/2194/2175
f 913/2172/922 941/2374/1129 2427/2194/2175
f 913/2172/922 2427/2194/2175 2426/2173/2156
f 2193/2160/2147 2424/2171/2155 2423/2166/2153
f 2193/2160/2147 2423/2166/2153 2194/2163/2150
f 2195/2161/2148 2422/2169/2154 2426/2173/2156
f 2195/2161/2148 2426/2173/2156 2196/2162/2149
f 2192/2159/2146 2425/2165/2152 2424/2171/2155
f 2192/2159/2146 2424/2171/2155 2193/2160/2147
f 2194/2163/2150 2423/2166/2153 2422/2169/2154
f 2194/2163/2150 2422/2169/2154 2195/2161/2148
f 2179/2061/2058 2412/2076/2072 2425/2165/2152
f 2179/2061/2058 2425/2165/2152 2192/2159/2146
f 346/1629/335 1662/1655/366 2406/1654/1647
f 346/1629/335 2406/1654/1647 2417/1630/1620
f 418/2375/2342 353/1666/1658 2415/1665/1657
f 418/2375/2342 2415/1665/1657 2408/2146/2133
f 1694/1727/1723 420/2376/2343 2419/2145/2132
f 1694/1727/1723 2419/2145/2132 2418/1724/1720
f 420/2376/2343 418/2375/2342 2408/2146/2133
f 420/2376/2343 2408/2146/2133 2419/2145/2132
f 439/1726/1722 2409/1725/1721 2420/2144/2131
f 439/1726/1722 2420/2144/2131 442/2377/2344
f 2105/2081/2077 2095/2080/2076 802/2095/836
f 2105/2081/2077 802/2095/836 813/2378/1133
f 2064/2054/790 818/2379/2345 2413/2141/2128
f 2064/2054/790 2413/2141/2128 2410/2055/2052
f 2170/2142/2129 2407/1685/1679 2411/2052/2050
f 2170/2142/2129 2411/2052/2050 2178/2143/2130
f 2178/2143/2130 2411/2052/2050 2410/2055/2052
f 2178/2143/2130 2410/2055/2052 2177/2091/2085
f 2171/1714/1708 2174/2072/2069 2409/1725/1721
f 2171/1714/1708 2409/1725/1721 2418/1724/1720
f 2167/2147/2134 2416/1657/1649 2407/1685/1679
f 2167/2147/2134 2407/1685/1679 2170/2142/2129
f 2165/1713/1707 2415/1665/1657 2405/1627/1618
f 2165/1713/1707 2405/1627/1618 2166/2148/2135
f 2168/1687/1681 2406/1654/1647 2416/1657/1649
f 2168/1687/1681 2416/1657/1649 2167/2147/2134
f 2166/2148/2135 2405/1627/1618 2417/1630/1620
f 2166/2148/2135 2417/1630/1620 2169/1686/1680
f 2234/2370/1125 2404/2367/1119 2402/2366/2341
f 2234/2370/1125 2402/2366/2341 2432/2203/2184
f 2402/2366/2341 2401/1660/1652 2232/1659/1651
f 2402/2366/2341 2232/1659/1651 2432/2203/2184
f 2232/1659/1651 2278/1658/1650 2286/2251/2230
f 2232/1659/1651 2286/2251/2230 2281/2204/2185
f 2392/2361/2338 2398/2360/2337 2399/2359/2336
f 2392/2361/2338 2399/2359/2336 2400/1661/1653
f 1735/2380/2346 2529/2381/2347 2573/2382/2348
f 1735/2380/2346 2573/2382/2348 1763/2383/2349
f 2529/2381/2347 2530/2384/2350 2572/2385/2351
f 2529/2381/2347 2572/2385/2351 2573/2382/2348
f 2530/2384/2350 2531/2386/2352 2571/2387/2353
f 2530/2384/2350 2571/2387/2353 2572/2385/2351
f 2531/2386/2352 2532/2388/2354 2570/2389/2355
f 2531/2386/2352 2570/2389/2355 2571/2387/2353
f 2532/2388/2354 2533/2390/2356 2569/2391/2357
f 2532/2388/2354 2569/2391/2357 2570/2389/2355
f 2533/2390/2356 2534/2392/2358 2568/2393/2359
f 2533/2390/2356 2568/2393/2359 2569/2391/2357
f 2534/2392/2358 2535/2394/2360 2567/2395/2361
f 2534/2392/2358 2567/2395/2361 2568/2393/2359
f 2535/2394/2360 2536/2396/2362 2566/2397/2363
f 2535/2394/2360 2566/2397/2363 2567/2395/2361
f 2536/2396/2362 2537/2398/2364 2565/2399/2365
f 2536/2396/2362 2565/2399/2365 2566/2397/2363
f 2537/2398/2364 2538/2400/2366 2564/2401/2367
f 2537/2398/2364 2564/2401/2367 2565/2399/2365
f 2538/2400/2366 2539/2402/2368 2563/2403/2369
f 2538/2400/2366 2563/2403/2369 2564/2401/2367
f 2539/2402/2368 2540/2404/2370 2562/2405/2371
f 2539/2402/2368 2562/2405/2371 2563/2403/2369
f 2540/2404/2370 2541/2406/2372 2561/2407/2373
f 2540/2404/2370 2561/2407/2373 2562/2405/2371
f 1763/2383/2349 2573/2382/2348 2497/2408/2374
f 1763/2383/2349 2497/2408/2374 1733/2409/2375
f 2573/2382/2348 2572/2385/2351 2496/2410/2376
f 2573/2382/2348 2496/2410/2376 2497/2408/2374
f 2572/2385/2351 2571/2387/2353 2495/2411/2377
f 2572/2385/2351 2495/2411/2377 2496/2410/2376
f 2571/2387/2353 2570/2389/2355 2494/2412/2378
f 2571/2387/2353 2494/2412/2378 2495/2411/2377
f 2570/2389/2355 2569/2391/2357 2493/2413/2379
f 2570/2389/2355 2493/2413/2379 2494/2412/2378
f 2569/2391/2357 2568/2393/2359 2492/2414/2380
f 2569/2391/2357 2492/2414/2380 2493/2413/2379
f 2568/2393/2359 2567/2395/2361 2491/2415/2381
f 2568/2393/2359 2491/2415/2381 2492/2414/2380
f 2567/2395/2361 2566/2397/2363 2490/2416/2382
f 2567/2395/2361 2490/2416/2382 2491/2415/2381
f 2566/2397/2363 2565/2399/2365 2489/2417/2383
f 2566/2397/2363 2489/2417/2383 2490/2416/2382
f 2565/2399/2365 2564/2401/2367 2488/2418/2384
f 2565/2399/2365 2488/2418/2384 2489/2417/2383
f 2564/2401/2367 2563/2403/2369 2487/2419/2385
f 2564/2401/2367 2487/2419/2385 2488/2418/2384
f 2563/2403/2369 2562/2405/2371 2486/2420/2386
f 2563/2403/2369 2486/2420/2386 2487/2419/2385
f 2562/2405/2371 2561/2407/2373 2485/2421/2387
f 2562/2405/2371 2485/2421/2387 2486/2420/2386
f 2561/2407/2373 2560/2422/2388 2484/2423/2389
f 2561/2407/2373 2484/2423/2389 2485/2421/2387
f 2435/2424/2390 2542/2425/2391 2528/2426/2392
f 2435/2424/2390 2528/2426/2392 2468/2427/2393
f 1741/2428/2394 1273/2429/2395 2512/2430/2396
f 1741/2428/2394 2512/2430/2396 1777/2431/2397
f 1273/2429/2395 2558/2432/2398 2511/2433/2399
f 1273/2429/2395 2511/2433/2399 2512/2430/2396
f 2558/2432/2398 2556/2434/2400 2510/2435/2401
f 2558/2432/2398 2510/2435/2401 2511/2433/2399
f 2556/2434/2400 1271/2436/2402 2509/2437/2403
f 2556/2434/2400 2509/2437/2403 2510/2435/2401
f 1271/2436/2402 2554/2438/2404 2508/2439/2405
f 1271/2436/2402 2508/2439/2405 2509/2437/2403
f 2554/2438/2404 2552/2440/2406 2507/2441/2407
f 2554/2438/2404 2507/2441/2407 2508/2439/2405
f 2552/2440/2406 2550/2442/2408 2506/2443/2409
f 2552/2440/2406 2506/2443/2409 2507/2441/2407
f 2550/2442/2408 2548/2444/2410 2505/2445/2411
f 2550/2442/2408 2505/2445/2411 2506/2443/2409
f 2548/2444/2410 1269/2446/2412 2504/2447/2413
f 2548/2444/2410 2504/2447/2413 2505/2445/2411
f 1269/2446/2412 2546/2448/2414 2503/2449/2415
f 1269/2446/2412 2503/2449/2415 2504/2447/2413
f 2546/2448/2414 1267/2450/2416 2502/2451/2417
f 2546/2448/2414 2502/2451/2417 2503/2449/2415
f 1267/2450/2416 1265/2452/2418 2501/2453/2419
f 1267/2450/2416 2501/2453/2419 2502/2451/2417
f 1265/2452/2418 2544/2454/2420 2500/2455/2421
f 1265/2452/2418 2500/2455/2421 2501/2453/2419
f 2544/2454/2420 1263/2456/2422 2499/2457/2423
f 2544/2454/2420 2499/2457/2423 2500/2455/2421
f 2561/2407/2373 2541/2406/2372 2559/2458/2424
f 2561/2407/2373 2559/2458/2424 2560/2422/2388
f 1738/2459/2425 2513/2460/2426 2529/2381/2347
f 1738/2459/2425 2529/2381/2347 1735/2380/2346
f 2513/2460/2426 2514/2461/2427 2530/2384/2350
f 2513/2460/2426 2530/2384/2350 2529/2381/2347
f 2514/2461/2427 2515/2462/2428 2531/2386/2352
f 2514/2461/2427 2531/2386/2352 2530/2384/2350
f 2515/2462/2428 2516/2463/2429 2532/2388/2354
f 2515/2462/2428 2532/2388/2354 2531/2386/2352
f 2516/2463/2429 2517/2464/2430 2533/2390/2356
f 2516/2463/2429 2533/2390/2356 2532/2388/2354
f 2517/2464/2430 2518/2465/2431 2534/2392/2358
f 2517/2464/2430 2534/2392/2358 2533/2390/2356
f 2518/2465/2431 2519/2466/2432 2535/2394/2360
f 2518/2465/2431 2535/2394/2360 2534/2392/2358
f 2519/2466/2432 2520/2467/2433 2536/2396/2362
f 2519/2466/2432 2536/2396/2362 2535/2394/2360
f 2520/2467/2433 2521/2468/2434 2537/2398/2364
f 2520/2467/2433 2537/2398/2364 2536/2396/2362
f 2521/2468/2434 2522/2469/2435 2538/2400/2366
f 2521/2468/2434 2538/2400/2366 2537/2398/2364
f 2522/2469/2435 2523/2470/2436 2539/2402/2368
f 2522/2469/2435 2539/2402/2368 2538/2400/2366
f 2523/2470/2436 2524/2471/2437 2540/2404/2370
f 2523/2470/2436 2540/2404/2370 2539/2402/2368
f 2524/2471/2437 2525/2472/2438 2541/2406/2372
f 2524/2471/2437 2541/2406/2372 2540/2404/2370
f 1777/2431/2397 2512/2430/2396 2513/2460/2426
f 1777/2431/2397 2513/2460/2426 1738/2459/2425
f 2512/2430/2396 2511/2433/2399 2514/2461/2427
f 2512/2430/2396 2514/2461/2427 2513/2460/2426
f 2511/2433/2399 2510/2435/2401 2515/2462/2428
f 2511/2433/2399 2515/2462/2428 2514/2461/2427
f 2510/2435/2401 2509/2437/2403 2516/2463/2429
f 2510/2435/2401 2516/2463/2429 2515/2462/2428
f 2509/2437/2403 2508/2439/2405 2517/2464/2430
f 2509/2437/2403 2517/2464/2430 2516/2463/2429
f 2508/2439/2405 2507/2441/2407 2518/2465/2431
f 2508/2439/2405 2518/2465/2431 2517/2464/2430
f 2507/2441/2407 2506/2443/2409 2519/2466/2432
f 2507/2441/2407 2519/2466/2432 2518/2465/2431
f 2506/2443/2409 2505/2445/2411 2520/2467/2433
f 2506/2443/2409 2520/2467/2433 2519/2466/2432
f 2505/2445/2411 2504/2447/2413 2521/2468/2434
f 2505/2445/2411 2521/2468/2434 2520/2467/2433
f 2504/2447/2413 2503/2449/2415 2522/2469/2435
f 2504/2447/2413 2522/2469/2435 2521/2468/2434
f 2503/2449/2415 2502/2451/2417 2523/2470/2436
f 2503/2449/2415 2523/2470/2436 2522/2469/2435
f 2502/2451/2417 2501/2453/2419 2524/2471/2437
f 2502/2451/2417 2524/2471/2437 2523/2470/2436
f 2501/2453/2419 2500/2455/2421 2525/2472/2438
f 2501/2453/2419 2525/2472/2438 2524/2471/2437
f 2500/2455/2421 2499/2457/2423 2526/2473/2439
f 2500/2455/2421 2526/2473/2439 2525/2472/2438
f 2525/2472/2438 2526/2473/2439 2559/2458/2424
f 2525/2472/2438 2559/2458/2424 2541/2406/2372
f 1733/2409/2375 2497/2408/2374 2482/2474/2440
f 1733/2409/2375 2482/2474/2440 2176/2475/2441
f 2497/2408/2374 2496/2410/2376 2481/2476/2442
f 2497/2408/2374 2481/2476/2442 2482/2474/2440
f 2496/2410/2376 2495/2411/2377 2480/2477/2443
f 2496/2410/2376 2480/2477/2443 2481/2476/2442
f 2495/2411/2377 2494/2412/2378 2479/2478/2444
f 2495/2411/2377 2479/2478/2444 2480/2477/2443
f 2494/2412/2378 2493/2413/2379 2478/2479/2445
f 2494/2412/2378 2478/2479/2445 2479/2478/2444
f 2493/2413/2379 2492/2414/2380 2477/2480/2446
f 2493/2413/2379 2477/2480/2446 2478/2479/2445
f 2492/2414/2380 2491/2415/2381 2476/2481/2447
f 2492/2414/2380 2476/2481/2447 2477/2480/2446
f 2491/2415/2381 2490/2416/2382 2475/2482/2448
f 2491/2415/2381 2475/2482/2448 2476/2481/2447
f 2490/2416/2382 2489/2417/2383 2474/2483/2449
f 2490/2416/2382 2474/2483/2449 2475/2482/2448
f 2489/2417/2383 2488/2418/2384 2473/2484/2450
f 2489/2417/2383 2473/2484/2450 2474/2483/2449
f 2488/2418/2384 2487/2419/2385 2472/2485/2451
f 2488/2418/2384 2472/2485/2451 2473/2484/2450
f 2487/2419/2385 2486/2420/2386 2471/2486/2452
f 2487/2419/2385 2471/2486/2452 2472/2485/2451
f 2486/2420/2386 2485/2421/2387 2470/2487/2453
f 2486/2420/2386 2470/2487/2453 2471/2486/2452
f 2485/2421/2387 2484/2423/2389 2469/2488/2454
f 2485/2421/2387 2469/2488/2454 2470/2487/2453
f 2469/2488/2454 2498/2489/2455 2542/2425/2391
f 2469/2488/2454 2542/2425/2391 2435/2424/2390
f 2176/2475/2441 2482/2474/2440 2448/2490/2456
f 2176/2475/2441 2448/2490/2456 2421/2491/2457
f 2482/2474/2440 2481/2476/2442 2447/2492/2458
f 2482/2474/2440 2447/2492/2458 2448/2490/2456
f 2481/2476/2442 2480/2477/2443 2446/2493/2459
f 2481/2476/2442 2446/2493/2459 2447/2492/2458
f 2480/2477/2443 2479/2478/2444 2445/2494/2460
f 2480/2477/2443 2445/2494/2460 2446/2493/2459
f 2479/2478/2444 2478/2479/2445 2444/2495/2461
f 2479/2478/2444 2444/2495/2461 2445/2494/2460
f 2478/2479/2445 2477/2480/2446 2443/2496/2462
f 2478/2479/2445 2443/2496/2462 2444/2495/2461
f 2477/2480/2446 2476/2481/2447 2442/2497/2463
f 2477/2480/2446 2442/2497/2463 2443/2496/2462
f 2476/2481/2447 2475/2482/2448 2441/2498/2464
f 2476/2481/2447 2441/2498/2464 2442/2497/2463
f 2475/2482/2448 2474/2483/2449 2440/2499/2465
f 2475/2482/2448 2440/2499/2465 2441/2498/2464
f 2474/2483/2449 2473/2484/2450 2439/2500/2466
f 2474/2483/2449 2439/2500/2466 2440/2499/2465
f 2473/2484/2450 2472/2485/2451 2438/2501/2467
f 2473/2484/2450 2438/2501/2467 2439/2500/2466
f 2472/2485/2451 2471/2486/2452 2437/2502/2468
f 2472/2485/2451 2437/2502/2468 2438/2501/2467
f 2471/2486/2452 2470/2487/2453 2436/2503/2469
f 2471/2486/2452 2436/2503/2469 2437/2502/2468
f 2470/2487/2453 2469/2488/2454 2435/2424/2390
f 2470/2487/2453 2435/2424/2390 2436/2503/2469
f 1263/2456/2422 1189/2504/2470 2483/2505/2471
f 1263/2456/2422 2483/2505/2471 2499/2457/2423
f 2421/2491/2457 2448/2490/2456 2450/2506/2472
f 2421/2491/2457 2450/2506/2472 443/2507/2473
f 2448/2490/2456 2447/2492/2458 2452/2508/2474
f 2448/2490/2456 2452/2508/2474 2450/2506/2472
f 2447/2492/2458 2446/2493/2459 1179/2509/2475
f 2447/2492/2458 1179/2509/2475 2452/2508/2474
f 2446/2493/2459 2445/2494/2460 2454/2510/2476
f 2446/2493/2459 2454/2510/2476 1179/2509/2475
f 2445/2494/2460 2444/2495/2461 1181/2511/2477
f 2445/2494/2460 1181/2511/2477 2454/2510/2476
f 2444/2495/2461 2443/2496/2462 2456/2512/2478
f 2444/2495/2461 2456/2512/2478 1181/2511/2477
f 2443/2496/2462 2442/2497/2463 2458/2513/2479
f 2443/2496/2462 2458/2513/2479 2456/2512/2478
f 2442/2497/2463 2441/2498/2464 2460/2514/2480
f 2442/2497/2463 2460/2514/2480 2458/2513/2479
f 2441/2498/2464 2440/2499/2465 2462/2515/2481
f 2441/2498/2464 2462/2515/2481 2460/2514/2480
f 2440/2499/2465 2439/2500/2466 1183/2516/2482
f 2440/2499/2465 1183/2516/2482 2462/2515/2481
f 2439/2500/2466 2438/2501/2467 1185/2517/2483
f 2439/2500/2466 1185/2517/2483 1183/2516/2482
f 2438/2501/2467 2437/2502/2468 2464/2518/2484
f 2438/2501/2467 2464/2518/2484 1185/2517/2483
f 2437/2502/2468 2436/2503/2469 2466/2519/2485
f 2437/2502/2468 2466/2519/2485 2464/2518/2484
f 2436/2503/2469 2435/2424/2390 2468/2427/2393
f 2436/2503/2469 2468/2427/2393 2466/2519/2485
f 2498/2489/2455 2574/2520/2486 2575/2521/2487
f 2498/2489/2455 2575/2521/2487 2542/2425/2391
f 1189/2504/2470 1186/2522/2488 2434/2523/2489
f 1189/2504/2470 2434/2523/2489 2483/2505/2471
f 2542/2425/2391 2575/2521/2487 1291/2524/2490
f 2542/2425/2391 1291/2524/2490 2528/2426/2392
f 2575/2521/2487 2578/2525/2491 1298/2526/2492
f 2575/2521/2487 1298/2526/2492 1291/2524/2490
f 1186/2522/2488 1294/2527/2493 2576/2528/2494
f 1186/2522/2488 2576/2528/2494 2434/2523/2489
f 2574/2520/2486 2577/2529/2495 2578/2525/2491
f 2574/2520/2486 2578/2525/2491 2575/2521/2487
f 2483/2505/2471 2434/2523/2489 2526/2473/2439
f 2483/2505/2471 2526/2473/2439 2499/2457/2423
f 2559/2458/2424 2526/2473/2439 2434/2523/2489
f 2559/2458/2424 2434/2523/2489 2576/2528/2494
f 2469/2488/2454 2484/2423/2389 2574/2520/2486
f 2469/2488/2454 2574/2520/2486 2498/2489/2455
f 2484/2423/2389 2560/2422/2388 2577/2529/2495
f 2484/2423/2389 2577/2529/2495 2574/2520/2486
f 2560/2422/2388 2559/2458/2424 2576/2528/2494
f 2560/2422/2388 2576/2528/2494 2577/2529/2495
f 1294/2527/2493 2580/2530/2496 2579/2531/2497
f 1294/2527/2493 2579/2531/2497 2576/2528/2494
f 1298/2526/2492 2578/2525/2491 2579/2531/2497
f 1298/2526/2492 2579/2531/2497 2580/2530/2496
f 2578/2525/2491 2577/2529/2495 2576/2528/2494
f 2578/2525/2491 2576/2528/2494 2579/2531/2497
f 537/516/515 493/547/546 502/559/558
f 537/516/515 502/559/558 550/517/516
o Object_8
v -2.478887 3.274434 -0.004334
v -2.551944 2.855683 0.070195
v -2.478930 3.139506 -0.071749
v -2.443208 3.199793 0.254966
v -2.443208 3.199793 0.254966
v -2.477942 2.886797 0.210944
v -2.524979 2.986241 -0.080283
v -2.524979 2.986241 -0.080283
v -2.465539 3.296236 0.150512
v -2.453705 3.017891 0.288699
v -2.609302 2.906487 0.050909
v -2.586952 2.917650 0.189611
v -2.543003 3.030257 0.254702
v -2.521276 3.160733 0.240450
v -2.521276 3.160733 0.240450
v -2.539173 3.259770 0.132555
v -2.553837 3.231403 0.010079
v -2.546341 3.125255 -0.053627
v -2.563539 3.006595 -0.037542
v -2.563539 3.006595 -0.037542
v -2.653377 2.946672 0.072981
v -2.631062 2.967422 0.177929
v -2.602544 3.040495 0.222225
v -2.600892 3.133199 0.214005
v -2.600892 3.133199 0.214005
v -2.611553 3.199608 0.132878
v -2.622131 3.184862 0.038901
v -2.623084 3.103193 -0.019823
v -2.637170 3.015892 -0.003641
v -2.637170 3.015892 -0.003641
v -2.667349 3.017854 0.150831
v -2.643790 3.047953 0.189442
v -2.681581 3.072465 0.115566
v -2.681581 3.072465 0.115566
v -2.655508 3.102168 0.171018
v -2.655508 3.102168 0.171018
v -2.670004 3.134341 0.074476
v -2.653902 3.152890 0.129064
v -2.669066 3.092567 0.029991
v -2.681154 3.041759 0.053725
v -2.681154 3.041759 0.053725
v -2.675820 2.999653 0.093672
v -2.577690 2.918915 -0.075406
v -2.577690 2.918915 -0.075406
v -2.574041 2.828568 0.028366
v -2.485745 2.712907 0.061744
v -2.416656 2.754824 0.127128
v -2.381019 2.649030 -0.021691
v -2.305937 2.676991 0.052727
v -2.355715 2.644205 -0.170263
v -2.355715 2.644205 -0.170263
v -2.234848 2.703443 -0.136701
v -2.234848 2.703443 -0.136701
v -2.232915 2.838636 -0.244222
v -2.364488 2.772430 -0.262707
v -2.338967 2.984774 -0.252324
v -2.438226 2.895986 -0.251949
v -2.456481 3.029414 -0.174209
v -2.536463 2.946102 -0.181504
v -2.523703 2.647177 -0.110989
v -2.512321 2.671662 -0.173773
v -2.512321 2.671662 -0.173773
v -2.503001 2.716598 -0.220004
v -2.536292 2.760008 -0.213362
v -2.570162 2.799349 -0.187549
v -2.595348 2.775118 -0.136307
v -2.595348 2.775118 -0.136307
v -2.598697 2.745500 -0.082132
v -2.568178 2.689699 -0.085439
v -2.537171 2.688193 -0.006730
v -2.465130 2.632892 -0.070689
v -2.434260 2.645053 -0.184100
v -2.434260 2.645053 -0.184100
v -2.447778 2.733428 -0.244368
v -2.487123 2.815667 -0.244636
v -2.559749 2.862621 -0.192388
v -2.604138 2.840476 -0.104536
v -2.604138 2.840476 -0.104536
v -2.598134 2.777517 -0.029709
v -2.567755 2.717810 -0.158926
v -2.567755 2.717810 -0.158926
v -2.210881 2.570697 -0.005595
v -2.191111 2.567909 -0.059072
v -2.191111 2.567909 -0.059072
v -2.178983 2.547995 0.031885
v -2.205421 2.698445 0.151589
v -2.134384 2.533007 0.050758
v -2.021638 2.670400 0.198265
v -2.105981 2.515155 0.006249
v -1.908274 2.620682 0.064628
v -2.150316 2.574733 -0.092807
v -2.150316 2.574733 -0.092807
v -2.095547 2.739325 -0.173388
v -2.117635 2.544971 -0.074796
v -2.117635 2.544971 -0.074796
v -1.977766 2.697729 -0.142574
v -2.085558 2.522147 -0.046871
v -2.085558 2.522147 -0.046871
v -1.907546 2.646505 -0.054464
v -1.907546 2.646505 -0.054464
v -2.178058 2.629575 0.114608
v -2.069106 2.594276 0.136545
v -1.983052 2.555648 0.054635
v -1.976641 2.578189 -0.056620
v -1.976641 2.578189 -0.056620
v -2.028393 2.630947 -0.126582
v -2.115827 2.663618 -0.144125
v -2.221621 2.657681 -0.097987
v -2.221621 2.657681 -0.097987
v -2.254301 2.637963 0.022454
v -2.182712 2.584037 0.074988
v -2.231121 2.603567 0.006096
v -2.209940 2.614656 -0.077406
v -2.209940 2.614656 -0.077406
v -2.138314 2.612826 -0.117412
v -2.073485 2.583114 -0.106468
v -2.038949 2.537237 -0.050727
v -2.038949 2.537237 -0.050727
v -2.049797 2.522516 0.041552
v -2.109302 2.553575 0.089519
v -2.154434 2.529393 -0.024463
v -2.317600 2.826460 0.231523
v -2.387282 3.161354 -0.123768
v -2.385667 3.318646 -0.017284
v -2.372927 3.343095 0.172192
v -2.337435 3.227643 0.329183
v -2.337435 3.227643 0.329183
v -2.342406 2.985025 0.334188
v -2.276959 2.931476 0.369440
v -2.246226 3.126701 0.431565
v -2.153785 2.783003 0.283459
v -2.229610 3.148226 -0.217555
v -2.264569 3.376706 -0.045747
v -2.259120 3.431426 0.188364
v -2.206723 3.333552 0.376159
v -2.206723 3.333552 0.376159
v -2.129275 3.195768 0.479468
v -2.067474 2.899111 -0.231047
v -1.901283 2.790661 -0.159722
v -1.822996 2.734291 -0.045745
v -1.822996 2.734291 -0.045745
v -1.817377 2.708674 0.081641
v -1.875867 2.719644 0.232180
v -1.956077 2.757460 0.345325
v -2.205949 3.044438 0.492111
v -2.100828 3.096249 0.535816
v -2.228332 2.909404 0.441806
v -2.143104 2.807968 0.399584
v -2.011864 2.777252 0.438721
v -1.982792 3.076794 0.552236
v -1.944264 3.216161 0.513288
v -1.944264 3.216161 0.513288
v -1.905692 2.981870 0.546701
v -1.791081 3.042034 0.503989
v -1.791081 3.042034 0.503989
v -1.901300 2.855227 0.508640
v -1.789097 2.860833 0.426956
v -1.789097 2.860833 0.426956
v -2.187996 2.901044 0.523489
v -2.179501 2.990565 0.534686
v -2.105197 3.015915 0.573998
v -2.021793 3.019372 0.580653
v -1.990255 2.943106 0.590519
v -1.971528 2.854630 0.559652
v -2.063565 2.802390 0.533593
v -2.144913 2.818259 0.482212
v -2.108510 2.914153 0.599425
v -1.728554 2.801685 0.274798
v -1.728554 2.801685 0.274798
v -1.692441 2.799343 0.082540
v -1.692441 2.799343 0.082540
v -1.699659 2.827131 -0.033511
v -1.699659 2.827131 -0.033511
v -1.699659 2.827131 -0.033511
v -1.699659 2.827131 -0.033511
v -1.765342 2.882944 -0.161336
v -1.765342 2.882944 -0.161336
v -1.894254 3.031167 -0.259934
v -1.894254 3.031167 -0.259934
v -2.033973 3.264900 -0.237263
v -2.033973 3.264900 -0.237263
v -2.111563 3.483368 -0.057283
v -2.111563 3.483368 -0.057283
v -2.111403 3.536317 0.203084
v -2.111403 3.536317 0.203084
v -2.048021 3.423728 0.409006
v -2.048021 3.423728 0.409006
v -2.048021 3.423728 0.409006
v -2.048021 3.423728 0.409006
v -0.514482 4.016110 -0.233245
v -0.514482 4.016110 -0.233245
v -0.529037 3.836275 -0.172403
v -0.529037 3.836275 -0.172403
v -0.564584 3.694518 -0.004863
v -0.564584 3.694518 -0.004863
v -0.564584 3.694518 -0.004863
v -0.594074 3.706675 0.317643
v -0.594074 3.706675 0.317643
v -0.607681 3.889722 0.475566
v -0.607681 3.889722 0.475566
v -0.598547 4.096337 0.505720
v -0.598547 4.096337 0.505720
v -0.611939 4.339840 0.440554
v -0.611939 4.339840 0.440554
v -0.696758 4.444063 0.331147
v -0.696758 4.444063 0.331147
v -0.771992 4.478528 0.187977
v -0.771992 4.478528 0.187977
v -0.771992 4.478528 0.187977
v -0.745765 4.434769 0.019562
v -0.745765 4.434769 0.019562
v -0.629318 4.351646 -0.114123
v -0.629318 4.351646 -0.114123
v -0.540482 4.218114 -0.219096
v -0.540482 4.218114 -0.219096
v -1.582850 2.904580 0.290866
v -1.642081 2.999804 0.432731
v -1.687066 3.167448 0.497425
v -1.787915 3.354630 0.501663
v -1.888538 3.539592 0.402248
v -1.888538 3.539592 0.402248
v -1.952011 3.643283 0.192808
v -1.948841 3.585439 -0.072026
v -1.865039 3.374857 -0.245059
v -1.742007 3.152076 -0.264822
v -1.629163 2.989559 -0.177539
v -1.566309 2.917714 -0.040413
v -1.566309 2.917714 -0.040413
v -1.553715 2.890044 0.102740
v -1.430484 3.039070 0.296307
v -1.410591 3.001350 0.120979
v -1.426029 3.024415 -0.038135
v -1.426029 3.024415 -0.038135
v -1.487833 3.106928 -0.182150
v -1.593333 3.273002 -0.261157
v -1.706457 3.482465 -0.240526
v -1.785127 3.681821 -0.076674
v -1.789408 3.743882 0.166165
v -1.733826 3.661929 0.373947
v -1.733826 3.661929 0.373947
v -1.641365 3.493675 0.480306
v -1.552036 3.313631 0.485500
v -1.485661 3.151827 0.428124
v -1.288737 3.182762 0.301861
v -1.343765 3.304412 0.417090
v -1.413312 3.460851 0.465951
v -1.495684 3.629178 0.448442
v -1.578274 3.779496 0.341151
v -1.578274 3.779496 0.341151
v -1.624994 3.845393 0.147180
v -1.622685 3.783901 -0.076776
v -1.553729 3.590985 -0.234159
v -1.448742 3.391308 -0.254729
v -1.346986 3.226661 -0.180575
v -1.283251 3.137743 -0.033526
v -1.283251 3.137743 -0.033526
v -1.266384 3.124462 0.136734
v -1.153791 3.319361 0.304566
v -1.126751 3.248572 0.149649
v -1.142392 3.253688 -0.028166
v -1.142392 3.253688 -0.028166
v -1.208231 3.343820 -0.176480
v -1.304392 3.507462 -0.249761
v -1.401641 3.702722 -0.230511
v -1.462115 3.888396 -0.079925
v -1.462041 3.954109 0.131381
v -1.421306 3.897190 0.314674
v -1.421306 3.897190 0.314674
v -1.348202 3.757915 0.422170
v -1.272890 3.597487 0.447502
v -1.207394 3.444405 0.406990
v -1.020595 3.450316 0.310423
v -1.072060 3.579077 0.403098
v -1.131005 3.732892 0.435477
v -1.201490 3.888376 0.403159
v -1.270045 4.019387 0.293054
v -1.270045 4.019387 0.293054
v -1.308379 4.058946 0.108369
v -1.301787 3.991526 -0.089690
v -1.243829 3.821576 -0.229093
v -1.155115 3.628250 -0.247459
v -1.066834 3.462339 -0.173904
v -1.001951 3.369629 -0.020316
v -1.001951 3.369629 -0.020316
v -0.989573 3.371158 0.160297
v -0.885045 3.578520 0.318730
v -0.856178 3.496190 0.169716
v -0.861545 3.492767 -0.010187
v -0.861545 3.492767 -0.010187
v -0.918778 3.586069 -0.167929
v -0.997035 3.751376 -0.241189
v -1.077137 3.937973 -0.223652
v -1.138438 4.095940 -0.098521
v -1.155022 4.169204 0.087688
v -1.124077 4.143690 0.273824
v -1.124077 4.143690 0.273824
v -1.060725 4.022133 0.393175
v -0.991259 3.868900 0.428165
v -0.932794 3.712963 0.406734
v -0.769027 3.686274 0.327520
v -0.819286 3.826925 0.413266
v -0.873916 3.992599 0.429951
v -0.943788 4.147057 0.384240
v -1.005032 4.256231 0.252135
v -1.005032 4.256231 0.252135
v -1.018292 4.270741 0.063250
v -0.988607 4.183326 -0.109225
v -0.924920 4.030125 -0.218388
v -0.845376 3.852150 -0.229564
v -0.776007 3.694095 -0.150219
v -0.738064 3.610308 0.006763
v -0.738064 3.610308 0.006763
v -0.737739 3.605463 0.178913
v -0.727258 3.922648 -0.220960
v -0.672122 3.765877 -0.135285
v -0.650979 3.687897 0.023654
v -0.650979 3.687897 0.023654
v -0.651807 3.679970 0.195519
v -0.693124 3.772757 0.348446
v -0.738072 3.926241 0.425808
v -0.777130 4.107471 0.433891
v -0.829964 4.271817 0.371636
v -0.900258 4.358130 0.230433
v -0.900258 4.358130 0.230433
v -0.901956 4.350882 0.039597
v -0.857331 4.252179 -0.114511
v -0.792437 4.100894 -0.213275
v -0.655492 3.844861 0.391215
v -0.678172 4.017428 0.454337
v -0.702049 4.209249 0.435198
v -0.759276 4.357767 0.355525
v -0.825647 4.432202 0.205657
v -0.825647 4.432202 0.205657
v -0.801976 4.405522 0.028095
v -0.736261 4.306531 -0.114526
v -0.669712 4.159008 -0.208508
v -0.624198 3.975143 -0.215109
v -0.606652 3.807597 -0.133989
v -0.606018 3.727800 0.035620
v -0.606018 3.727800 0.035620
v -0.619033 3.730793 0.235432
v -0.083459 3.984770 0.989577
v 0.000001 4.202427 -0.344480
v 0.000001 4.202427 -0.344480
v -0.000000 3.886158 -0.314930
v -0.000000 3.886158 -0.314930
v -0.236368 4.037599 -0.322020
v -0.365620 4.202054 -0.298310
v -0.393660 3.863976 -0.256251
v -0.000000 3.730672 -0.303187
v -0.000000 3.730672 -0.303187
v -0.000000 3.576142 -0.305468
v -0.000000 3.576142 -0.305468
v -0.268563 3.721788 -0.282787
v -0.283113 3.573470 -0.278910
v -0.372134 4.091814 0.766049
v -0.372134 4.091814 0.766049
v -0.500297 4.322708 0.548172
v -0.506321 3.925597 0.640359
v -0.000158 3.661847 0.991855
v -0.155486 3.507778 0.962940
v -0.413385 3.725536 0.796647
v -0.548571 3.550910 0.540806
v -0.555571 3.565968 0.031750
v -0.473589 4.402227 0.583421
v -0.496146 4.227319 0.688421
v -0.361723 4.142176 0.804194
v -0.293009 4.036947 0.896552
v -0.223550 4.204398 -0.333862
v -0.251670 3.876077 -0.298068
v -0.375324 4.031237 -0.289274
v -0.429189 3.710312 -0.211996
v -0.097693 3.866977 0.973479
v -0.097693 3.866977 0.973479
v -0.333177 3.949398 0.850878
v -0.333177 3.949398 0.850878
v -0.485527 4.130356 0.621001
v -0.485527 4.130356 0.621001
v -0.442326 3.570177 -0.185390
v -0.125611 3.696078 0.967538
v -0.454821 3.542376 0.752330
v -0.541300 3.713397 0.579628
v -0.577913 3.561117 0.291050
v -0.646153 4.578568 0.440829
v -0.673964 4.585539 0.314019
v -0.843813 4.634277 0.166515
v -0.740663 4.485370 -0.014674
v -0.529525 4.438772 -0.141340
v -0.567522 4.375177 -0.267339
v -0.347222 4.352865 -0.285207
v -0.214463 4.355690 -0.309939
v -0.000036 4.348748 -0.325984
v -0.000036 4.348748 -0.325984
v -0.165645 4.023619 0.952048
v -0.197006 3.915376 0.926606
v -0.197006 3.915376 0.926606
v -0.261866 3.721805 0.910207
v -0.310998 3.528568 0.889204
v -0.295123 3.159078 -0.310272
v -0.475825 3.191821 -0.194591
v -0.608001 3.212921 0.023255
v -0.656429 3.222355 0.238568
v -0.656429 3.222355 0.238568
v -0.638064 3.120656 0.465868
v -0.638064 3.120656 0.465868
v -0.557113 3.104580 0.658127
v -0.410112 3.051043 0.792502
v -0.213539 2.997814 0.886159
v 0.001664 3.316197 0.967316
v -0.174650 3.327842 0.941126
v -0.340319 3.355320 0.859282
v -0.476143 3.388118 0.715131
v -0.554613 3.417485 0.517486
v -0.582613 3.441707 0.279103
v -0.553946 3.445868 0.038149
v -0.448324 3.441232 -0.179519
v -0.289762 3.433911 -0.280051
v -0.000000 3.427410 -0.313823
v -0.000000 3.427410 -0.313823
v 0.000003 3.284345 -0.337065
v 0.000003 3.284345 -0.337065
v -0.291887 3.299114 -0.292783
v -0.457807 3.318248 -0.182065
v -0.571915 3.331653 0.031118
v -0.598045 3.332483 0.266981
v -0.568382 3.291528 0.499189
v -0.499041 3.246077 0.683128
v -0.366941 3.199181 0.823600
v -0.192264 3.161526 0.911560
v 0.001420 3.146033 0.942874
v -0.233203 2.840082 0.849649
v -0.473303 2.901268 0.763005
v -0.749001 2.937120 0.681130
v -0.726630 3.042858 0.477867
v -0.874248 3.166135 0.165261
v -0.676500 3.091383 0.022329
v -0.502373 3.061267 -0.207226
v -0.265679 2.991750 -0.341030
v -0.000260 3.015700 -0.409523
v -0.000260 3.015700 -0.409523
v -0.000438 2.909748 -0.425828
v -0.000438 2.909748 -0.425828
v -0.000438 2.909748 -0.425828
v -0.000438 2.909748 -0.425828
v -0.112757 2.868858 -0.411688
v -0.112757 2.868858 -0.411688
v -0.135575 2.758668 -0.379469
v -0.135575 2.758668 -0.379469
v -0.332748 2.741785 -0.351198
v -0.115847 2.691833 -0.366237
v -0.115847 2.691833 -0.366237
v -0.302585 2.537613 -0.324680
v -0.649944 2.664148 0.652298
v -0.411889 2.567090 0.731243
v -0.198871 2.514537 0.763679
v 0.000625 2.499602 0.767741
v -0.774855 2.774231 0.479417
v -0.826421 2.781744 0.224897
v -0.738258 2.788071 0.002496
v -0.579667 2.775857 -0.219900
v -0.225046 2.680848 0.812089
v -0.458157 2.740224 0.745744
v -0.735851 2.825122 0.652385
v -0.792927 2.907714 0.482086
v -0.902178 3.027335 0.197612
v -0.723437 2.948983 -0.007207
v -0.542012 2.927719 -0.215567
v -0.313006 2.873008 -0.344151
v -0.136420 2.817719 -0.395636
v -0.136420 2.817719 -0.395636
v -0.153860 2.337459 0.680381
v -0.079924 2.196097 0.496170
v -0.000450 2.205913 0.482830
v -0.065235 2.179815 0.267101
v -0.065235 2.179815 0.267101
v -0.334015 2.365368 0.708964
v -0.134254 2.178751 0.530174
v -0.083935 2.130584 0.291613
v -0.083935 2.130584 0.291613
v -0.062125 2.641721 -0.357278
v -0.062125 2.641721 -0.357278
v -0.112519 2.509479 -0.346177
v 0.000096 2.194235 0.057560
v 0.000096 2.194235 0.057560
v -0.064851 2.182972 0.054511
v -0.082387 2.242290 -0.109535
v -0.095893 2.346905 -0.250246
v -0.110128 2.145019 0.034477
v -0.144544 2.210610 -0.099679
v -0.185425 2.305256 -0.252938
v -0.250747 1.866548 0.652258
v -0.098067 1.808586 0.266013
v -0.305753 1.849731 -0.157595
v -0.454039 2.351095 -0.297511
v -0.454039 2.351095 -0.297511
v -0.905402 2.097836 0.197752
v -0.877280 2.121651 0.663530
v -0.439488 1.945918 0.763231
v -0.136345 1.825423 0.473535
v -0.136345 1.825423 0.473535
v -0.140325 1.809872 0.040431
v -0.635726 1.950390 -0.175167
v -0.812012 2.041002 -0.007997
v -0.812012 2.041002 -0.007997
v -0.948524 2.134034 0.425876
v -0.666935 2.040884 0.780078
v -0.616542 2.511429 0.679167
v -0.774609 2.595503 0.495066
v -0.808771 2.617755 0.260470
v -0.761251 2.616498 0.033077
v -0.615339 2.605087 -0.207477
v -0.243587 2.210425 -0.229133
v -0.243587 2.210425 -0.229133
v -0.160032 2.123202 -0.077578
v -0.160032 2.123202 -0.077578
v -0.104091 2.057586 0.098839
v -0.104091 2.057586 0.098839
v -0.094452 2.063949 0.334641
v -0.094452 2.063949 0.334641
v -0.094452 2.063949 0.334641
v -0.094452 2.063949 0.334641
v -0.164806 2.130008 0.567255
v -0.164806 2.130008 0.567255
v -0.364714 2.257412 0.724464
v -0.364714 2.257412 0.724464
v -0.628719 2.390360 0.709308
v -0.628719 2.390360 0.709308
v -0.803603 2.467743 0.529543
v -0.803603 2.467743 0.529543
v -0.833094 2.488459 0.299703
v -0.833094 2.488459 0.299703
v -0.797196 2.478240 0.081066
v -0.797196 2.478240 0.081066
v -0.675042 2.448562 -0.154151
v -0.675042 2.448562 -0.154151
v -0.675042 2.448562 -0.154151
v -0.276312 2.104641 -0.206300
v -0.158688 2.033415 -0.045592
v -0.100362 1.994597 0.144058
v -0.104796 1.995579 0.380308
v -0.104796 1.995579 0.380308
v -0.190417 2.054807 0.603123
v -0.385295 2.161528 0.739958
v -0.650784 2.285858 0.733252
v -0.827583 2.366494 0.572961
v -0.866353 2.380764 0.340282
v -0.831222 2.366725 0.122931
v -0.726259 2.321736 -0.101108
v -0.726259 2.321736 -0.101108
v -0.533923 2.221477 -0.256237
v -0.441318 0.947659 0.526149
v -0.624967 0.955936 0.497695
v -0.780816 0.964695 0.386695
v -0.831734 0.979239 0.187371
v -0.827270 0.983079 -0.022789
v -0.748466 0.986832 -0.209833
v -0.748466 0.986832 -0.209833
v -0.542857 0.981158 -0.330490
v -0.304864 0.962172 -0.278980
v -0.146451 0.948981 -0.108068
v -0.087039 0.941298 0.109025
v -0.120662 0.939610 0.324907
v -0.120662 0.939610 0.324907
v -0.256374 0.940731 0.481751
v -0.118609 0.392100 0.379145
v -0.118609 0.392100 0.379145
v -0.230396 0.447891 0.527571
v -0.459180 0.463885 0.622936
v -0.758509 0.457020 0.586394
v -0.848187 0.505432 0.442180
v -0.928373 0.367923 0.196077
v -0.876400 0.396848 0.012750
v -0.745279 0.371009 -0.168087
v -0.745279 0.371009 -0.168087
v -0.534797 0.342869 -0.230805
v -0.319133 0.337356 -0.180616
v -0.152475 0.347386 -0.025258
v -0.090396 0.368159 0.180739
v -0.680513 1.776686 0.790389
v -0.941367 1.836881 0.650474
v -0.993778 1.863489 0.369043
v -0.914072 1.848330 0.145016
v -0.792831 1.808253 -0.036440
v -0.792831 1.808253 -0.036440
v -0.607919 1.745388 -0.175691
v -0.325578 1.672567 -0.159168
v -0.154485 1.625862 0.006484
v -0.100466 1.619532 0.221681
v -0.131818 1.640226 0.436743
v -0.131818 1.640226 0.436743
v -0.246835 1.671930 0.622178
v -0.435914 1.721020 0.747651
v -0.683450 1.474400 0.734654
v -0.434850 1.459004 0.696134
v -0.242881 1.444473 0.576942
v -0.127421 1.436220 0.390039
v -0.127421 1.436220 0.390039
v -0.102160 1.432946 0.177236
v -0.161602 1.442582 -0.030615
v -0.330721 1.474998 -0.179505
v -0.571562 1.518659 -0.196350
v -0.762627 1.553896 -0.084071
v -0.762627 1.553896 -0.084071
v -0.893389 1.569417 0.085329
v -0.980828 1.555354 0.301435
v -0.943604 1.510081 0.578804
v -0.657111 1.193380 0.609609
v -0.858404 1.213971 0.466545
v -0.910339 1.251575 0.235530
v -0.858837 1.274301 0.025216
v -0.743169 1.277496 -0.148248
v -0.743169 1.277496 -0.148248
v -0.548669 1.265698 -0.249580
v -0.321836 1.239686 -0.225012
v -0.159252 1.214131 -0.075530
v -0.098690 1.202284 0.132196
v -0.123094 1.197719 0.346122
v -0.123094 1.197719 0.346122
v -0.245746 1.193804 0.522312
v -0.436523 1.192223 0.612509
v -0.446593 0.698031 0.530571
v -0.638870 0.710531 0.489326
v -0.777826 0.728537 0.382872
v -0.840055 0.724946 0.197689
v -0.837679 0.712009 -0.007591
v -0.756309 0.688749 -0.204029
v -0.756309 0.688749 -0.204029
v -0.544594 0.655964 -0.320299
v -0.302996 0.639742 -0.268807
v -0.138038 0.637900 -0.095877
v -0.082209 0.646068 0.124254
v -0.121442 0.661413 0.337801
v -0.121442 0.661413 0.337801
v -0.254639 0.678157 0.487954
v -0.548634 0.360636 0.722704
v -0.781414 0.346376 0.664863
v -0.630052 0.215153 0.887132
v -0.731997 0.226075 0.854477
v -0.641749 0.122022 0.892656
v -0.641749 0.122022 0.892656
v -0.755994 0.138687 0.850654
v -0.755994 0.138687 0.850654
v -0.656025 0.019253 0.829720
v -0.740025 0.048893 0.810106
v -0.539679 0.209331 0.862992
v -0.532782 0.132158 0.868122
v -0.532782 0.132158 0.868122
v -0.552018 0.039908 0.839409
v -0.434408 0.242615 0.720233
v -0.414462 0.127668 0.735170
v -0.414462 0.127668 0.735170
v -0.414462 0.127668 0.735170
v -0.414462 0.127668 0.735170
v -0.459831 -0.022614 0.604370
v -0.628847 -0.045097 0.589809
v -0.785280 0.010482 0.626533
v -0.865165 0.180807 0.684200
v -0.865165 0.180807 0.684200
v -0.865165 0.180807 0.684200
v -0.865165 0.180807 0.684200
v -0.623010 0.308400 0.831134
v -0.755008 0.281791 0.780310
v -0.452922 0.131921 0.789454
v -0.452922 0.131921 0.789454
v -0.483377 0.236701 0.795820
v -0.812567 0.151532 0.758024
v -0.812567 0.151532 0.758024
v -0.770113 0.030929 0.724867
v -0.654255 -0.032453 0.714009
v -0.508337 -0.010350 0.731463
v -0.328573 0.327943 0.671034
v -0.180511 0.329911 0.568694
v -0.203652 0.165544 0.726905
v -0.139016 0.190581 0.670201
v -0.187364 0.105571 0.714776
v -0.187364 0.105571 0.714776
v -0.115189 0.121822 0.647202
v -0.115189 0.121822 0.647202
v -0.195216 0.028978 0.683394
v -0.128892 0.064293 0.633860
v -0.285159 0.167731 0.746674
v -0.277325 0.105191 0.747203
v -0.277325 0.105191 0.747203
v -0.266461 0.024245 0.707813
v -0.354369 -0.044858 0.449608
v -0.154648 0.017514 0.436177
v -0.246466 0.252576 0.711427
v -0.108814 0.197002 0.446617
v -0.108814 0.197002 0.446617
v -0.108814 0.197002 0.446617
v -0.133498 0.241904 0.616430
v -0.354084 0.201542 0.734373
v -0.375046 0.105912 0.734944
v -0.375046 0.105912 0.734944
v -0.364006 0.000281 0.661711
v -0.254972 -0.036556 0.598960
v -0.119114 0.039002 0.558328
v -0.090884 0.155902 0.563569
v -0.090884 0.155902 0.563569
v -0.907627 0.298220 0.606396
v -1.058131 0.182750 0.561102
v -1.058131 0.182750 0.561102
v -0.976171 0.320937 0.421469
v -1.078087 0.174174 0.451902
v -1.078087 0.174174 0.451902
v -1.076348 0.082369 0.561716
v -1.080265 0.085355 0.425905
v -1.080265 0.085355 0.425905
v -0.997344 -0.016075 0.498460
v -1.049532 0.011384 0.434032
v -1.049532 0.011384 0.434032
v -1.000203 0.165886 0.621671
v -1.000203 0.165886 0.621671
v -0.992288 0.072429 0.614750
v -0.958764 0.005471 0.574176
v -0.763944 -0.034979 0.485396
v -0.835080 -0.051119 0.362075
v -1.041442 0.240368 0.436044
v -0.970153 0.008123 0.261275
v -0.970153 0.008123 0.261275
v -1.001943 0.206475 0.284006
v -0.998181 0.237492 0.585319
v -0.936371 0.171300 0.649996
v -0.936371 0.171300 0.649996
v -0.898868 0.049838 0.627842
v -0.877310 -0.017792 0.538820
v -0.922733 -0.042709 0.444608
v -1.020733 0.001718 0.363987
v -1.020733 0.001718 0.363987
v -1.055246 0.111187 0.346637
v -0.903566 0.047269 0.141512
v -0.903566 0.047269 0.141512
v -0.734472 -0.050231 0.246964
v -0.584457 -0.049155 0.389803
v -0.846768 0.089378 0.013192
v -0.846768 0.089378 0.013192
v -0.739747 0.189757 -0.141047
v -0.739747 0.189757 -0.141047
v -0.739747 0.189757 -0.141047
v -0.506209 0.151806 -0.176083
v -0.506209 0.151806 -0.176083
v -0.350144 0.158985 -0.118612
v -0.350144 0.158985 -0.118612
v -0.182355 0.159307 0.055866
v -0.182355 0.159307 0.055866
v -0.123122 0.159573 0.262811
v -0.123122 0.159573 0.262811
v -0.634425 -0.034314 0.025399
v -0.410648 -0.028754 0.056887
v -0.259187 -0.010990 0.222214
v -0.167013 0.043244 0.314076
v -0.069032 4.165930 0.959339
v -0.000001 4.165169 0.982592
v -0.114087 4.247029 0.906174
v -0.185472 4.253386 0.898416
v -0.244460 4.338929 0.838018
v -0.259172 4.435964 0.743369
v -0.318951 4.543393 0.653825
v 0.000000 4.035714 1.010878
v -0.345517 4.613137 0.624814
v -0.436083 4.651037 0.488904
v -0.512194 4.673978 0.332019
v -0.518996 4.688410 0.166038
v -0.468245 4.657205 0.042678
v -0.379670 4.612399 -0.069149
v -0.282717 4.590677 -0.161431
v -0.191945 4.579019 -0.216950
v -0.078014 4.082373 0.983272
v -0.142465 4.116079 0.953928
v -0.242250 4.144300 0.922130
v -0.331408 4.220129 0.824596
v -0.383836 4.340899 0.718398
v -0.416762 4.477808 0.597936
v -0.461992 4.588766 0.516195
v -0.528525 4.656793 0.384360
v -0.603537 4.698153 0.239999
v -0.602134 4.601384 0.002188
v -0.463234 4.537810 -0.092203
v -0.416486 4.510679 -0.176488
v -0.303151 4.491260 -0.224435
v -0.201263 4.480089 -0.259318
v -0.000001 4.586313 0.829725
v -0.149521 4.366529 0.852952
v -0.000001 4.382605 0.928582
v -0.176381 4.486648 0.780387
v -0.000001 4.508805 0.907790
v -0.170771 4.577123 0.744340
v -0.173495 4.623763 0.751263
v -0.000001 4.626757 0.805082
v -0.299334 4.714858 0.841867
v -0.436355 4.721634 0.680335
v -0.521208 4.734324 0.538299
v -0.579574 4.754148 0.377770
v -0.583107 4.748548 0.144219
v -0.495105 4.743098 -0.007095
v -0.377946 4.750844 -0.136014
v -0.255372 4.763610 -0.220056
v -0.000849 4.780191 -0.310784
v -0.000849 4.780191 -0.310784
v -0.152382 4.710773 0.943636
v -0.000001 4.709418 0.993822
v -0.000001 4.709418 0.993822
v -0.396995 4.667797 -0.032442
v -0.396995 4.667797 -0.032442
v -0.300158 4.663526 -0.136894
v -0.300158 4.663526 -0.136894
v -0.307420 4.650028 0.696896
v -0.307420 4.650028 0.696896
v -0.415730 4.663929 0.559583
v -0.415730 4.663929 0.559583
v -0.000001 4.658730 0.847907
v -0.000001 4.658730 0.847907
v -0.000001 4.658730 0.847907
v -0.157326 4.654888 0.802089
v -0.157326 4.654888 0.802089
v -0.201945 4.665462 -0.203123
v -0.201945 4.665462 -0.203123
v -0.000812 4.668290 -0.272036
v -0.000812 4.668290 -0.272036
v -0.000812 4.668290 -0.272036
v -0.000812 4.668290 -0.272036
v -0.486086 4.679529 0.418805
v -0.486086 4.679529 0.418805
v -0.526882 4.686715 0.271979
v -0.526882 4.686715 0.271979
v -0.489036 4.683760 0.116512
v -0.489036 4.683760 0.116512
v -0.335718 4.790250 0.948247
v -0.335718 4.790250 0.948247
v -0.150677 4.788702 1.079774
v -0.150677 4.788702 1.079774
v -0.377297 4.935256 1.029749
v -0.167516 4.926194 1.197977
v -0.393865 5.102302 1.076345
v -0.173755 5.079834 1.278642
v -0.000002 5.100865 1.319482
v -0.381576 5.267551 1.079091
v -0.162782 5.283119 1.280786
v -0.605923 4.798433 0.640357
v -0.605923 4.798433 0.640357
v -0.713558 4.936032 0.717279
v -0.730517 5.117124 0.748128
v -0.759900 5.284927 0.763215
v -0.578194 5.266068 0.927027
v -0.565299 5.102714 0.916693
v -0.543819 4.936603 0.871408
v -0.486711 4.795225 0.788642
v -0.486711 4.795225 0.788642
v -0.364644 5.411909 1.048548
v -0.163008 5.422579 1.166169
v 0.000137 5.431055 1.196726
v -0.714649 5.426620 0.781323
v -0.548880 5.412564 0.923461
v -0.666922 4.834556 0.230445
v -0.666922 4.834556 0.230445
v -1.055539 4.893090 0.370916
v -1.055539 4.893090 0.370916
v -0.971861 5.156789 0.387988
v -0.971861 5.156789 0.387988
v -1.105703 5.393967 0.358811
v -1.105703 5.393967 0.358811
v -0.876634 5.486434 0.401372
v -0.876634 5.486434 0.401372
v -0.884921 4.926251 0.563521
v -0.700527 4.804600 0.492448
v -0.700527 4.804600 0.492448
v -0.878992 5.137827 0.583312
v -0.858719 5.455324 0.626066
v -0.858719 5.455324 0.626066
v -0.938351 5.329945 0.590176
v -0.682945 4.857196 0.047513
v -0.819081 4.992414 0.116517
v -0.894020 5.177903 0.210083
v -0.908717 5.349553 0.173977
v -0.890305 5.470617 0.201089
v -0.156478 3.574447 -0.301564
v -0.149599 3.726636 -0.298770
v -0.116356 4.207473 -0.342519
v -0.128803 4.042058 -0.332124
v -0.140205 3.882480 -0.309990
v -0.112645 4.354544 -0.321338
v -0.160674 3.150676 -0.355413
v -0.159461 3.428822 -0.308506
v -0.159645 3.289126 -0.326801
v -0.135284 3.006007 -0.388917
v -0.070432 2.896216 -0.420307
v -0.070432 2.896216 -0.420307
v -0.116873 4.573359 -0.249333
v -0.116062 4.473216 -0.280512
v -0.155783 4.771644 -0.269376
v -0.122811 4.666348 -0.241182
v -0.122811 4.666348 -0.241182
v -0.549767 4.848293 -0.128631
v -0.734695 4.980382 -0.090331
v -0.985608 5.158556 0.080721
v -0.892894 5.314669 0.021609
v -0.894908 5.448239 -0.013463
v -0.362498 4.859972 -0.251697
v -0.500551 4.973438 -0.289595
v -0.645166 5.124187 -0.293539
v -0.670772 5.318869 -0.326510
v -0.664979 5.489203 -0.333061
v -0.209857 4.875730 -0.321145
v -0.279084 4.990692 -0.389822
v -0.356748 5.135287 -0.441739
v -0.406928 5.308619 -0.472487
v -0.429136 5.502494 -0.480257
v -0.000431 5.029539 -0.444547
v -0.000431 5.029539 -0.444547
v -0.000442 5.180252 -0.498981
v -0.000442 5.180252 -0.498981
v -0.001469 5.550722 -0.536567
v -0.001469 5.550722 -0.536567
v -0.952196 5.709372 0.296627
v -0.952196 5.709372 0.296627
v -0.999830 5.638934 0.176314
v -0.999830 5.638934 0.176314
v -0.872315 5.513859 0.209502
v -0.872315 5.513859 0.209502
v -0.872315 5.513859 0.209502
v -0.850710 5.605207 0.412354
v -0.850710 5.605207 0.412354
v -0.981975 5.725006 -0.000716
v -0.894030 5.559635 -0.016368
v -0.894030 5.559635 -0.016368
v -0.870390 5.921463 -0.160983
v -0.665145 5.717305 -0.297385
v -0.665145 5.717305 -0.297385
v -0.677438 6.163203 -0.222639
v -0.462518 6.022605 -0.290943
v -0.462518 6.022605 -0.290943
v -0.488426 6.398618 -0.095387
v -0.293104 6.257657 -0.143919
v -0.293104 6.257657 -0.143919
v -0.387719 6.521011 0.200608
v -0.271073 6.396644 0.147380
v -0.271073 6.396644 0.147380
v -0.271073 6.396644 0.147380
v -0.507680 6.500653 0.555490
v -0.375569 5.755272 -0.455212
v 0.000039 5.780704 -0.507221
v 0.000039 5.780704 -0.507221
v -0.272422 6.032167 -0.338373
v -0.000000 6.014472 -0.393678
v -0.000000 6.014472 -0.393678
v -0.178305 6.256423 -0.149547
v -0.000000 6.247118 -0.181600
v -0.000000 6.247118 -0.181600
v -0.186088 6.389136 0.142640
v -0.186088 6.389136 0.142640
v -0.000001 6.379392 0.101684
v -0.000001 6.379392 0.101684
v -0.000001 6.379392 0.101684
v -0.000001 6.379392 0.101684
v -0.288695 6.476584 0.685986
v -0.747329 5.752488 0.652127
v -0.747329 5.752488 0.652127
v -0.793441 5.598640 0.618609
v -0.793441 5.598640 0.618609
v -0.638145 5.737233 0.795397
v -0.667433 5.575745 0.782908
v -0.502145 5.723193 0.919362
v -0.520857 5.557604 0.915030
v -0.346300 5.707274 1.028897
v -0.352125 5.547149 1.028850
v -0.171201 5.701585 1.094982
v -0.171895 5.552157 1.114979
v 0.000419 5.702399 1.115942
v 0.000107 5.556481 1.141352
v -0.994781 5.909054 0.358225
v -0.808268 5.772983 0.516993
v -0.808268 5.772983 0.516993
v -0.629532 6.384595 0.630260
v -0.532871 6.326276 0.656329
v -0.532871 6.326276 0.656329
v -0.624961 6.203922 0.651104
v -0.624961 6.203922 0.651104
v -0.714565 6.262531 0.571939
v -0.957230 6.224569 0.510945
v -0.696481 6.049962 0.614678
v -0.696481 6.049962 0.614678
v -0.820368 5.948247 0.506582
v -0.754564 5.914443 0.577919
v -0.754564 5.914443 0.577919
v -0.884234 5.983063 0.461109
v -0.840535 6.108768 0.542950
v -0.657323 6.224840 0.621014
v -0.565493 6.344162 0.653036
v -0.872695 5.821540 0.432769
v -0.872695 5.821540 0.432769
v -0.320364 6.428556 0.178664
v -0.380195 6.304207 -0.107364
v -0.574798 6.071552 -0.246762
v -0.769934 5.810255 -0.193380
v -0.893831 5.629181 0.008398
v -0.905130 5.579790 0.184651
v -0.905130 5.579790 0.184651
v -0.888923 5.669386 0.333691
v -0.888923 5.669386 0.333691
v -0.377611 6.391695 0.585126
v -0.377611 6.391695 0.585126
v -0.437817 6.430172 0.555376
v -0.422930 6.526444 0.424582
v -0.216228 6.409983 0.423130
v -0.361512 6.446131 0.424812
v -0.302502 6.414310 0.410732
v -0.302502 6.414310 0.410732
v -1.013638 5.795218 0.249786
v -1.013638 5.795218 0.249786
v -1.089640 5.752893 0.165911
v -1.089640 5.752893 0.165911
v -1.080085 5.829880 -0.007433
v -0.987249 6.049732 -0.146403
v -0.828721 6.316220 -0.181237
v -0.643024 6.538414 -0.074053
v -0.515038 6.646349 0.201505
v -0.588179 6.581634 0.545123
v -0.986007 6.008159 0.242544
v -0.986007 6.008159 0.242544
v -0.695741 6.450779 0.595201
v -0.764750 6.335563 0.512118
v -0.991297 6.285182 0.446913
v -0.991297 6.285182 0.446913
v -0.987383 6.070311 0.381495
v -0.987383 6.070311 0.381495
v -0.526363 6.633922 0.415971
v -0.700934 5.902404 0.677542
v -0.700934 5.902404 0.677542
v -0.607653 5.901001 0.803385
v -0.607653 5.901001 0.803385
v -0.486167 5.894393 0.915051
v -0.486167 5.894393 0.915051
v -0.338463 5.870223 1.013989
v -0.338463 5.870223 1.013989
v -0.164044 5.862532 1.076017
v -0.164044 5.862532 1.076017
v -0.654841 6.047572 0.684834
v -0.654841 6.047572 0.684834
v -0.585032 6.062939 0.804924
v -0.486435 6.069520 0.896818
v -0.486435 6.069520 0.896818
v -0.356292 6.008209 1.004909
v -0.356292 6.008209 1.004909
v -0.164582 6.010746 1.056853
v -0.164582 6.010746 1.056853
v -0.000125 6.054230 1.020545
v -0.000125 6.054230 1.020545
v -0.000125 6.054230 1.020545
v -0.000125 6.054230 1.020545
v -1.139766 6.106297 0.145672
v -1.239049 6.044808 0.056639
v -1.239049 6.044808 0.056639
v -1.181549 6.138757 -0.066035
v -1.136417 6.303270 -0.090325
v -1.045135 6.520075 -0.068916
v -0.906333 6.732462 0.018839
v -0.762624 6.849593 0.213604
v -0.776044 6.758082 0.504911
v -1.097883 6.215003 0.167804
v -0.875485 6.628087 0.496350
v -0.934175 6.539967 0.403646
v -1.004658 6.461040 0.294724
v -1.047955 6.346957 0.214855
v -0.728165 6.823618 0.397718
v -0.777684 6.520329 0.547743
v -0.831255 6.411925 0.453286
v -1.136231 5.963434 -0.044979
v -1.060314 6.179214 -0.130006
v -0.928317 6.300047 0.325324
v -0.936273 6.420382 -0.130199
v -0.997766 6.188252 0.264973
v -0.773754 6.636061 -0.030770
v -1.007164 6.083556 0.184593
v -0.638961 6.750811 0.206304
v -0.621864 6.727211 0.410355
v -0.668672 6.666182 0.528185
v -1.063864 5.950881 0.181101
v -1.160178 5.879732 0.098111
v -1.160178 5.879732 0.098111
v -0.862486 6.849602 0.470747
v -0.957032 6.746681 0.474110
v -0.954480 6.960664 0.422284
v -1.020901 6.860589 0.459518
v -1.125702 7.049030 0.364253
v -1.126399 6.868725 0.426891
v -1.250125 6.941272 0.283552
v -1.250125 6.941272 0.283552
v -1.222019 6.800426 0.366675
v -1.291944 6.718507 0.195501
v -1.291944 6.718507 0.195501
v -1.259083 6.675158 0.293218
v -1.304360 6.540452 0.137393
v -1.304360 6.540452 0.137393
v -1.193689 6.494874 0.245758
v -1.190134 6.326103 0.184889
v -1.294862 6.363631 0.110927
v -1.294862 6.363631 0.110927
v -1.189380 6.215077 0.152580
v -1.270044 6.202428 0.092184
v -1.270044 6.202428 0.092184
v -1.232206 6.385921 -0.020706
v -1.119658 6.609963 0.330524
v -1.038042 6.683701 0.406092
v -1.241909 6.243329 -0.026282
v -1.186759 6.604026 0.020120
v -1.222966 6.748681 0.112090
v -1.142600 6.962504 0.175414
v -1.049934 7.051117 0.248128
v -0.944726 6.996716 0.354395
v -0.822195 6.904913 0.385612
v -1.039996 6.825338 0.079503
v -0.871832 6.940052 0.234704
v -0.514653 6.167332 0.902230
v -0.514653 6.167332 0.902230
v -0.461001 6.140421 1.083648
v -0.217527 6.128001 1.093392
v 0.011942 6.220097 0.906811
v 0.011942 6.220097 0.906811
v -0.625168 6.225574 0.850874
v -0.613750 6.198342 0.680572
v -0.539437 6.376939 0.884539
v -0.539437 6.376939 0.884539
v -0.539437 6.376939 0.884539
v -0.522669 6.525790 1.068798
v -0.522669 6.525790 1.068798
v -0.252607 6.373197 1.048694
v -0.252607 6.373197 1.048694
v -0.621565 6.400985 0.887460
v -0.621565 6.400985 0.887460
v -0.564522 6.332156 0.728634
v -0.421749 6.389824 0.783345
v -0.329294 6.448237 0.842865
v -0.153020 6.418869 0.816696
v -0.068391 3.728478 -0.302380
v -0.057596 4.044059 -0.334666
v -0.048848 4.353256 -0.324439
v -0.072292 3.426083 -0.313463
v -0.057665 3.012958 -0.405648
v -0.054880 4.569169 -0.265005
v -0.051961 4.468435 -0.289666
v -0.076116 4.777071 -0.299385
v -0.060401 4.667489 -0.263602
v -0.060401 4.667489 -0.263602
v -0.071101 3.574450 -0.305183
v -0.051183 4.207042 -0.344037
v -0.063753 3.884887 -0.313860
v -0.070275 3.149373 -0.370369
v -0.071313 3.284649 -0.335328
v -0.031823 2.907722 -0.425350
v -0.031823 2.907722 -0.425350
v -0.171804 5.337825 -0.530088
v -0.157373 5.165558 -0.492724
v -0.128725 5.016242 -0.432901
v -0.099973 4.890195 -0.360337
v -0.170520 5.536158 -0.536720
v -0.147617 5.779116 -0.502265
v -0.127657 6.027735 -0.375834
v -0.093640 6.251349 -0.167493
v -0.094059 6.383865 0.129543
v -0.094059 6.383865 0.129543
v -0.114065 6.452060 0.622769
v -0.096996 6.401762 0.402511
v -0.100363 4.772868 -1.438210
v -0.125445 4.309831 -1.282025
v -0.130755 4.148412 -1.414994
v -0.136566 3.999972 -1.557449
v -0.141325 3.934159 -1.592265
v -0.142150 3.732563 -1.585263
v -0.139707 3.488918 -1.606035
v -0.134660 3.264040 -1.690765
v -0.125683 3.318792 -1.671730
v -0.113596 3.192307 -1.480845
v -0.098000 3.047387 -1.315653
v -0.077324 2.889360 -1.184165
v -0.055315 2.880128 -1.094389
v -0.039253 2.894862 -0.869626
v -0.029153 2.897081 -0.625601
v -0.000005 2.883746 -1.100447
v -0.000005 2.883746 -1.100447
v -0.000095 3.059664 -1.307829
v -0.000095 3.059664 -1.307829
v 0.000179 3.732642 -1.563124
v 0.000179 3.732642 -1.563124
v 0.000586 3.927099 -1.569906
v 0.000586 3.927099 -1.569906
v 0.002177 4.804117 -1.402656
v 0.002177 4.804117 -1.402656
v 0.001069 4.798675 -1.553605
v 0.001069 4.798675 -1.553605
v -0.209204 4.358547 -1.299794
v -0.234086 4.216761 -1.456464
v -0.257660 4.058789 -1.617711
v -0.278234 3.951529 -1.655056
v -0.283531 3.731118 -1.665843
v -0.277615 3.482468 -1.676850
v -0.265756 3.264290 -1.762910
v -0.248537 3.274723 -1.712816
v -0.226180 3.149374 -1.521475
v -0.198580 3.013594 -1.343862
v -0.166188 2.861721 -1.196777
v -0.131766 2.858732 -1.089255
v -0.098290 2.879598 -0.864351
v -0.078834 2.884029 -0.621996
v -0.071584 4.787015 -1.549150
v -0.252095 4.434945 -1.321744
v -0.302713 4.300333 -1.505152
v -0.359893 4.143623 -1.697428
v -0.412121 3.972434 -1.756475
v -0.424762 3.728766 -1.781958
v -0.412397 3.477260 -1.798661
v -0.392739 3.252803 -1.857756
v -0.367770 3.207926 -1.785956
v -0.334771 3.079596 -1.590966
v -0.296810 2.950942 -1.394114
v -0.255486 2.808858 -1.224411
v -0.207580 2.807752 -1.083964
v -0.159944 2.844309 -0.857470
v -0.126194 2.856475 -0.615866
v -0.182656 4.459671 -1.205173
v -0.098750 4.739082 -1.689797
v -0.138091 4.651453 -1.922024
v -0.195001 4.468934 -2.229284
v -0.237244 4.194111 -2.416357
v -0.300166 3.893500 -2.599246
v -0.287987 3.533896 -2.664754
v -0.274475 3.138773 -2.603477
v -0.263920 2.727553 -2.345782
v -0.248918 2.505065 -2.044594
v -0.225247 2.371352 -1.751833
v -0.192878 2.284299 -1.434388
v -0.159789 2.302557 -1.051809
v -0.123364 2.411952 -0.779416
v -0.093306 2.532743 -0.546032
v -0.174505 2.622870 -0.565424
v -0.226550 2.541156 -0.805901
v -0.277590 2.458879 -1.062086
v -0.327946 2.450517 -1.377308
v -0.380710 2.546686 -1.646180
v -0.435187 2.671888 -1.902949
v -0.481206 2.849017 -2.168962
v -0.506093 3.165040 -2.384181
v -0.499772 3.499358 -2.414201
v -0.490120 3.817349 -2.369936
v -0.437186 4.153177 -2.263166
v -0.346712 4.447102 -2.053353
v -0.247486 4.600749 -1.790002
v -0.174260 4.699251 -1.580701
v -0.190801 2.723208 -0.587373
v -0.241728 2.670312 -0.826116
v -0.296218 2.607306 -1.070325
v -0.352853 2.604020 -1.318507
v -0.410746 2.713795 -1.553216
v -0.474045 2.847173 -1.790337
v -0.532027 2.988131 -2.016830
v -0.555357 3.205172 -2.181608
v -0.563210 3.480906 -2.190209
v -0.571423 3.757519 -2.153197
v -0.537490 4.076856 -2.090569
v -0.450467 4.354083 -1.918317
v -0.315854 4.507717 -1.670413
v -0.119833 4.453829 -1.178683
v 0.000119 4.749007 -1.754349
v 0.000119 4.749007 -1.754349
v -0.000765 4.404173 -2.409286
v -0.000765 4.404173 -2.409286
v -0.002264 4.164718 -2.587191
v -0.002264 4.164718 -2.587191
v -0.000013 3.568379 -2.751584
v -0.000013 3.568379 -2.751584
v -0.000000 2.236063 -1.477498
v -0.000000 2.236063 -1.477498
v -0.000000 2.505284 -0.548655
v -0.000000 2.505284 -0.548655
v -0.222411 4.628831 -1.458405
v -0.254310 4.530731 -1.374352
v -0.332726 4.400912 -1.574523
v -0.439197 4.253808 -1.811804
v -0.508362 4.014785 -1.923864
v -0.537436 3.731484 -1.952010
v -0.529035 3.474518 -1.982742
v -0.506971 3.236351 -2.006296
v -0.477998 3.110715 -1.891334
v -0.430193 2.976499 -1.687052
v -0.378027 2.843640 -1.475373
v -0.324797 2.718363 -1.266002
v -0.266349 2.722618 -1.076761
v -0.213604 2.773721 -0.840197
v -0.169193 2.801351 -0.601947
v -0.195622 4.537659 -1.200678
v -0.002518 4.584206 -1.090378
v -0.002518 4.584206 -1.090378
v -0.124537 4.574371 -1.129588
v -0.124162 4.731927 -1.297904
v 0.001179 4.775448 -1.255774
v 0.001179 4.775448 -1.255774
v -0.179561 4.624324 -1.230750
v -0.000987 4.698468 -1.093906
v -0.000987 4.698468 -1.093906
v -0.092176 4.683294 -1.111070
v -0.074030 4.737715 -1.155884
v 2.478887 3.274438 -0.004334
v 2.551944 2.855685 0.070195
v 2.478931 3.139510 -0.071749
v 2.443207 3.199795 0.254966
v 2.443207 3.199795 0.254966
v 2.477941 2.886800 0.210944
v 2.524979 2.986244 -0.080282
v 2.524979 2.986244 -0.080282
v 2.465539 3.296240 0.150512
v 2.453704 3.017892 0.288699
v 2.609301 2.906490 0.050909
v 2.586951 2.917653 0.189611
v 2.543002 3.030259 0.254702
v 2.521275 3.160735 0.240450
v 2.521275 3.160735 0.240450
v 2.539173 3.259773 0.132555
v 2.553838 3.231406 0.010079
v 2.546341 3.125259 -0.053627
v 2.563539 3.006598 -0.037542
v 2.563539 3.006598 -0.037542
v 2.653377 2.946675 0.072981
v 2.631062 2.967425 0.177929
v 2.602543 3.040497 0.222225
v 2.600891 3.133200 0.214005
v 2.600891 3.133200 0.214005
v 2.611552 3.199610 0.132878
v 2.622131 3.184865 0.038901
v 2.623085 3.103197 -0.019823
v 2.637169 3.015894 -0.003641
v 2.637169 3.015894 -0.003641
v 2.667348 3.017858 0.150831
v 2.643789 3.047956 0.189442
v 2.681581 3.072469 0.115566
v 2.681581 3.072469 0.115566
v 2.655507 3.102170 0.171018
v 2.655507 3.102170 0.171018
v 2.670004 3.134344 0.074476
v 2.653902 3.152892 0.129064
v 2.669065 3.092570 0.029991
v 2.681153 3.041763 0.053725
v 2.681153 3.041763 0.053725
v 2.675819 2.999656 0.093672
v 2.577690 2.918918 -0.075405
v 2.577690 2.918918 -0.075405
v 2.574041 2.828571 0.028366
v 2.485744 2.712910 0.061744
v 2.416656 2.754826 0.127128
v 2.381020 2.649033 -0.021691
v 2.305937 2.676993 0.052727
v 2.355715 2.644208 -0.170263
v 2.355715 2.644208 -0.170263
v 2.234848 2.703445 -0.136701
v 2.234848 2.703445 -0.136701
v 2.232915 2.838639 -0.244222
v 2.364488 2.772433 -0.262707
v 2.338967 2.984777 -0.252324
v 2.438226 2.895990 -0.251949
v 2.456481 3.029418 -0.174208
v 2.536463 2.946105 -0.181504
v 2.523703 2.647179 -0.110988
v 2.512321 2.671664 -0.173772
v 2.512321 2.671664 -0.173772
v 2.503001 2.716602 -0.220003
v 2.536292 2.760012 -0.213362
v 2.570162 2.799353 -0.187548
v 2.595348 2.775122 -0.136307
v 2.595348 2.775122 -0.136307
v 2.598697 2.745503 -0.082131
v 2.568177 2.689702 -0.085439
v 2.537171 2.688196 -0.006729
v 2.465130 2.632895 -0.070689
v 2.434261 2.645056 -0.184100
v 2.434261 2.645056 -0.184100
v 2.447778 2.733431 -0.244367
v 2.487124 2.815671 -0.244635
v 2.559749 2.862625 -0.192387
v 2.604138 2.840479 -0.104536
v 2.604138 2.840479 -0.104536
v 2.598134 2.777520 -0.029709
v 2.567755 2.717813 -0.158926
v 2.567755 2.717813 -0.158926
v 2.210883 2.570700 -0.005596
v 2.191113 2.567913 -0.059072
v 2.191113 2.567913 -0.059072
v 2.178985 2.547999 0.031884
v 2.205421 2.698447 0.151589
v 2.134386 2.533010 0.050758
v 2.021639 2.670403 0.198264
v 2.105983 2.515159 0.006249
v 1.908275 2.620684 0.064627
v 2.150318 2.574737 -0.092808
v 2.150318 2.574737 -0.092808
v 2.095548 2.739328 -0.173388
v 2.117637 2.544975 -0.074797
v 2.117637 2.544975 -0.074797
v 1.977768 2.697732 -0.142574
v 2.085560 2.522150 -0.046872
v 2.085560 2.522150 -0.046872
v 1.907548 2.646508 -0.054464
v 1.907548 2.646508 -0.054464
v 2.178059 2.629577 0.114608
v 2.069107 2.594279 0.136545
v 1.983053 2.555651 0.054634
v 1.976643 2.578193 -0.056620
v 1.976643 2.578193 -0.056620
v 2.028395 2.630951 -0.126582
v 2.115829 2.663621 -0.144125
v 2.221622 2.657685 -0.097987
v 2.221622 2.657685 -0.097987
v 2.254303 2.637966 0.022453
v 2.182713 2.584040 0.074988
v 2.231123 2.603571 0.006096
v 2.209941 2.614659 -0.077406
v 2.209941 2.614659 -0.077406
v 2.138317 2.612829 -0.117412
v 2.073488 2.583118 -0.106469
v 2.038950 2.537241 -0.050728
v 2.038950 2.537241 -0.050728
v 2.049799 2.522520 0.041552
v 2.109303 2.553578 0.089519
v 2.154435 2.529396 -0.024463
v 2.317599 2.826462 0.231523
v 2.387282 3.161357 -0.123768
v 2.385667 3.318650 -0.017284
v 2.372926 3.343097 0.172192
v 2.337434 3.227645 0.329183
v 2.337434 3.227645 0.329183
v 2.342405 2.985028 0.334188
v 2.276958 2.931478 0.369439
v 2.246224 3.126703 0.431565
v 2.153785 2.783006 0.283459
v 2.229610 3.148230 -0.217554
v 2.264569 3.376709 -0.045747
v 2.259119 3.431428 0.188364
v 2.206722 3.333554 0.376159
v 2.206722 3.333554 0.376159
v 2.129273 3.195770 0.479468
v 2.067474 2.899114 -0.231046
v 1.901284 2.790664 -0.159723
v 1.822997 2.734294 -0.045745
v 1.822997 2.734294 -0.045745
v 1.817378 2.708677 0.081641
v 1.875867 2.719647 0.232179
v 1.956077 2.757462 0.345324
v 2.205947 3.044440 0.492111
v 2.100827 3.096252 0.535816
v 2.228331 2.909406 0.441805
v 2.143103 2.807970 0.399584
v 2.011863 2.777254 0.438721
v 1.982791 3.076796 0.552236
v 1.944263 3.216162 0.513288
v 1.944263 3.216162 0.513288
v 1.905692 2.981872 0.546701
v 1.791081 3.042035 0.503989
v 1.791081 3.042035 0.503989
v 1.901300 2.855229 0.508640
v 1.789097 2.860835 0.426956
v 1.789097 2.860835 0.426956
v 2.187995 2.901045 0.523489
v 2.179500 2.990567 0.534686
v 2.105196 3.015917 0.573998
v 2.021792 3.019374 0.580653
v 1.990255 2.943108 0.590518
v 1.971528 2.854632 0.559652
v 2.063563 2.802392 0.533592
v 2.144913 2.818261 0.482212
v 2.108509 2.914154 0.599425
v 1.728555 2.801687 0.274798
v 1.728555 2.801687 0.274798
v 1.692442 2.799345 0.082539
v 1.692442 2.799345 0.082539
v 1.699660 2.827134 -0.033512
v 1.699660 2.827134 -0.033512
v 1.699660 2.827134 -0.033512
v 1.699660 2.827134 -0.033512
v 1.765344 2.882948 -0.161336
v 1.765344 2.882948 -0.161336
v 1.894254 3.031170 -0.259933
v 1.894254 3.031170 -0.259933
v 2.033973 3.264902 -0.237262
v 2.033973 3.264902 -0.237262
v 2.111564 3.483371 -0.057283
v 2.111564 3.483371 -0.057283
v 2.111402 3.536320 0.203084
v 2.111402 3.536320 0.203084
v 2.048021 3.423732 0.409006
v 2.048021 3.423732 0.409006
v 2.048021 3.423732 0.409006
v 2.048021 3.423732 0.409006
v 0.514448 4.016074 -0.233193
v 0.514448 4.016074 -0.233193
v 0.529005 3.836238 -0.172314
v 0.529005 3.836238 -0.172314
v 0.564572 3.694496 -0.004669
v 0.564572 3.694496 -0.004669
v 0.564572 3.694496 -0.004669
v 0.594204 3.706791 0.317971
v 0.594204 3.706791 0.317971
v 0.607929 3.889963 0.475853
v 0.607929 3.889963 0.475853
v 0.598613 4.096405 0.505764
v 0.598613 4.096405 0.505764
v 0.611694 4.339592 0.440540
v 0.611694 4.339592 0.440540
v 0.696540 4.443832 0.331297
v 0.696540 4.443832 0.331297
v 0.771935 4.478463 0.188135
v 0.771935 4.478463 0.188135
v 0.771935 4.478463 0.188135
v 0.745760 4.434767 0.019546
v 0.745760 4.434767 0.019546
v 0.629307 4.351637 -0.114124
v 0.629307 4.351637 -0.114124
v 0.540501 4.218137 -0.219111
v 0.540501 4.218137 -0.219111
v 1.582850 2.904583 0.290866
v 1.642081 2.999807 0.432731
v 1.687065 3.167449 0.497425
v 1.787914 3.354632 0.501663
v 1.888537 3.539594 0.402248
v 1.888537 3.539594 0.402248
v 1.952011 3.643286 0.192808
v 1.948840 3.585441 -0.072026
v 1.865038 3.374859 -0.245058
v 1.742006 3.152078 -0.264822
v 1.629164 2.989561 -0.177540
v 1.566310 2.917717 -0.040413
v 1.566310 2.917717 -0.040413
v 1.553716 2.890047 0.102740
v 1.430484 3.039071 0.296307
v 1.410591 3.001352 0.120978
v 1.426030 3.024417 -0.038135
v 1.426030 3.024417 -0.038135
v 1.487833 3.106930 -0.182150
v 1.593332 3.273005 -0.261157
v 1.706456 3.482467 -0.240525
v 1.785126 3.681823 -0.076673
v 1.789407 3.743885 0.166165
v 1.733825 3.661931 0.373947
v 1.733825 3.661931 0.373947
v 1.641365 3.493676 0.480306
v 1.552036 3.313633 0.485500
v 1.485660 3.151829 0.428123
v 1.288736 3.182764 0.301861
v 1.343765 3.304413 0.417090
v 1.413312 3.460852 0.465951
v 1.495684 3.629180 0.448442
v 1.578274 3.779499 0.341151
v 1.578274 3.779499 0.341151
v 1.624994 3.845395 0.147181
v 1.622684 3.783902 -0.076775
v 1.553729 3.590987 -0.234158
v 1.448741 3.391310 -0.254728
v 1.346985 3.226663 -0.180575
v 1.283251 3.137745 -0.033526
v 1.283251 3.137745 -0.033526
v 1.266383 3.124465 0.136734
v 1.153790 3.319363 0.304566
v 1.126751 3.248573 0.149649
v 1.142392 3.253690 -0.028165
v 1.142392 3.253690 -0.028165
v 1.208231 3.343822 -0.176480
v 1.304391 3.507464 -0.249761
v 1.401641 3.702724 -0.230510
v 1.462115 3.888398 -0.079924
v 1.462041 3.954111 0.131382
v 1.421305 3.897192 0.314674
v 1.421305 3.897192 0.314674
v 1.348201 3.757917 0.422170
v 1.272889 3.597489 0.447502
v 1.207394 3.444407 0.406990
v 1.020595 3.450318 0.310424
v 1.072060 3.579079 0.403099
v 1.131004 3.732894 0.435477
v 1.201490 3.888377 0.403160
v 1.270045 4.019390 0.293054
v 1.270045 4.019390 0.293054
v 1.308379 4.058948 0.108369
v 1.301787 3.991527 -0.089690
v 1.243829 3.821577 -0.229092
v 1.155115 3.628252 -0.247459
v 1.066834 3.462341 -0.173904
v 1.001950 3.369631 -0.020316
v 1.001950 3.369631 -0.020316
v 0.989573 3.371160 0.160298
v 0.885045 3.578522 0.318730
v 0.856178 3.496192 0.169716
v 0.861545 3.492768 -0.010187
v 0.861545 3.492768 -0.010187
v 0.918778 3.586071 -0.167928
v 0.997035 3.751378 -0.241189
v 1.077137 3.937975 -0.223651
v 1.138438 4.095942 -0.098520
v 1.155022 4.169205 0.087689
v 1.124076 4.143692 0.273824
v 1.124076 4.143692 0.273824
v 1.060724 4.022135 0.393175
v 0.991258 3.868902 0.428166
v 0.932794 3.712966 0.406735
v 0.769027 3.686276 0.327520
v 0.819286 3.826927 0.413267
v 0.873915 3.992601 0.429951
v 0.943787 4.147058 0.384241
v 1.005032 4.256232 0.252135
v 1.005032 4.256232 0.252135
v 1.018292 4.270743 0.063250
v 0.988606 4.183328 -0.109225
v 0.924920 4.030127 -0.218388
v 0.845376 3.852151 -0.229563
v 0.776007 3.694096 -0.150219
v 0.738064 3.610310 0.006764
v 0.738064 3.610310 0.006764
v 0.737739 3.605464 0.178914
v 0.727257 3.922650 -0.220959
v 0.672122 3.765879 -0.135286
v 0.650979 3.687898 0.023654
v 0.650979 3.687898 0.023654
v 0.651807 3.679971 0.195520
v 0.693124 3.772759 0.348447
v 0.738071 3.926243 0.425808
v 0.777130 4.107472 0.433891
v 0.829965 4.271821 0.371636
v 0.900257 4.358132 0.230433
v 0.900257 4.358132 0.230433
v 0.901956 4.350884 0.039597
v 0.857331 4.252180 -0.114511
v 0.792437 4.100896 -0.213275
v 0.655533 3.844902 0.391275
v 0.678198 4.017457 0.454357
v 0.702111 4.209316 0.435210
v 0.759313 4.357809 0.355506
v 0.825650 4.432207 0.205650
v 0.825650 4.432207 0.205650
v 0.801976 4.405524 0.028093
v 0.736260 4.306532 -0.114525
v 0.669708 4.159005 -0.208506
v 0.624182 3.975127 -0.215087
v 0.606651 3.807597 -0.133986
v 0.606017 3.727801 0.035626
v 0.606017 3.727801 0.035626
v 0.619033 3.730794 0.235434
v 0.083462 3.984781 0.989568
v 0.236538 4.037792 -0.322338
v 0.365722 4.202167 -0.298425
v 0.393640 3.863953 -0.256203
v 0.268553 3.721778 -0.282760
v 0.283112 3.573470 -0.278910
v 0.371878 4.091564 0.765865
v 0.371878 4.091564 0.765865
v 0.500089 4.322500 0.548107
v 0.506319 3.925596 0.640360
v 0.156167 3.508614 0.961048
v 0.413380 3.725498 0.796602
v 0.548416 3.550900 0.540885
v 0.555562 3.565968 0.031740
v 0.473442 4.402080 0.583394
v 0.496145 4.227320 0.688422
v 0.000022 3.898939 1.013542
v 0.361513 4.141970 0.804061
v 0.293007 4.036948 0.896553
v -0.000000 4.042542 -0.334923
v -0.000000 4.042542 -0.334923
v 0.223712 4.204576 -0.334083
v 0.251739 3.876158 -0.298241
v 0.375400 4.031323 -0.289401
v 0.429121 3.710230 -0.211768
v 0.097689 3.867371 0.973329
v 0.097689 3.867371 0.973329
v 0.333179 3.949400 0.850875
v 0.333179 3.949400 0.850875
v 0.485363 4.130197 0.620896
v 0.485363 4.130197 0.620896
v 0.000706 3.493121 0.985336
v -0.000016 3.788790 1.002790
v -0.000016 3.788790 1.002790
v 0.442063 3.570215 -0.185631
v 0.125629 3.696602 0.966945
v 0.454300 3.542346 0.752250
v 0.541296 3.713391 0.579631
v 0.578170 3.561339 0.291932
v 0.646129 4.578546 0.440846
v 0.673863 4.585434 0.314150
v 0.843826 4.634303 0.166410
v 0.740671 4.485379 -0.014653
v 0.529503 4.438787 -0.141360
v 0.567557 4.375241 -0.267348
v 0.347331 4.353060 -0.285290
v 0.214569 4.355952 -0.310076
v 0.165638 4.023612 0.952050
v 0.196984 3.915350 0.926608
v 0.196984 3.915350 0.926608
v 0.261914 3.721645 0.910313
v 0.310988 3.528548 0.888724
v -0.000098 3.150120 -0.373633
v -0.000098 3.150120 -0.373633
v 0.294762 3.159095 -0.309269
v 0.475819 3.191818 -0.194583
v 0.608000 3.212921 0.023255
v 0.656428 3.222355 0.238569
v 0.656428 3.222355 0.238569
v 0.637958 3.120653 0.465964
v 0.637958 3.120653 0.465964
v 0.556133 3.104585 0.658441
v 0.408751 3.051766 0.791134
v 0.214700 3.000805 0.881770
v 0.001577 2.978132 0.917220
v 0.175681 3.330534 0.936399
v 0.340172 3.355833 0.858296
v 0.475509 3.388125 0.715079
v 0.554382 3.417473 0.517617
v 0.582613 3.441707 0.279104
v 0.553942 3.445868 0.038145
v 0.447818 3.440403 -0.172859
v 0.289762 3.433911 -0.280051
v 0.291321 3.299106 -0.292006
v 0.457684 3.318207 -0.181876
v 0.571914 3.331652 0.031118
v 0.598044 3.332484 0.266982
v 0.568097 3.291521 0.499369
v 0.497704 3.246121 0.683263
v 0.366520 3.200005 0.822282
v 0.193483 3.163563 0.908624
v 0.233028 2.843739 0.844549
v 0.001465 2.818406 0.877738
v 0.471738 2.901977 0.762260
v 0.748249 2.937117 0.681677
v 0.726593 3.042857 0.477907
v 0.874247 3.166135 0.165261
v 0.676499 3.091383 0.022329
v 0.502370 3.061249 -0.207233
v 0.265351 2.991797 -0.339922
v 0.112872 2.868774 -0.411713
v 0.112872 2.868774 -0.411713
v 0.135588 2.758712 -0.379459
v 0.135588 2.758712 -0.379459
v 0.332690 2.741849 -0.351226
v 0.115840 2.691838 -0.366217
v 0.115840 2.691838 -0.366217
v 0.302566 2.537630 -0.324663
v -0.000000 2.601959 -0.362600
v -0.000000 2.601959 -0.362600
v -0.000000 2.601959 -0.362600
v -0.000000 2.601959 -0.362600
v -0.000170 2.499126 -0.342476
v -0.000170 2.499126 -0.342476
v 0.649652 2.664153 0.652454
v 0.410792 2.567650 0.730554
v 0.197560 2.517055 0.759045
v 0.774847 2.774228 0.479424
v 0.826420 2.781744 0.224897
v 0.738257 2.788071 0.002496
v 0.579658 2.775870 -0.219905
v 0.001183 2.661390 0.830851
v 0.224097 2.684366 0.807002
v 0.456982 2.740719 0.745409
v 0.735525 2.825133 0.652692
v 0.792913 2.907715 0.482103
v 0.902177 3.027336 0.197612
v 0.723436 2.948983 -0.007207
v 0.541998 2.927717 -0.215577
v 0.312553 2.872967 -0.343640
v 0.136407 2.817709 -0.395533
v 0.136407 2.817709 -0.395533
v 0.153028 2.339054 0.678415
v 0.000279 2.333801 0.667436
v 0.079383 2.196364 0.495893
v 0.064845 2.179817 0.267473
v 0.064845 2.179817 0.267473
v -0.000172 2.180918 0.244378
v -0.000172 2.180918 0.244378
v -0.000172 2.180918 0.244378
v 0.333214 2.365878 0.708581
v 0.134014 2.178969 0.530122
v 0.083627 2.130596 0.291886
v 0.083627 2.130596 0.291886
v 0.062128 2.641722 -0.357275
v 0.062128 2.641722 -0.357275
v 0.112405 2.509471 -0.346083
v 0.064995 2.182970 0.054695
v -0.000189 2.250671 -0.111551
v -0.000189 2.250671 -0.111551
v 0.082217 2.242354 -0.109556
v -0.000423 2.357737 -0.249066
v -0.000423 2.357737 -0.249066
v 0.095434 2.347028 -0.250086
v 0.110128 2.145019 0.034477
v 0.144544 2.210610 -0.099679
v 0.185299 2.305286 -0.252925
v 0.250747 1.866549 0.652259
v 0.098066 1.808585 0.266013
v 0.305753 1.849731 -0.157595
v 0.454038 2.351096 -0.297511
v 0.454038 2.351096 -0.297511
v 0.905401 2.097837 0.197752
v 0.877279 2.121651 0.663531
v 0.439486 1.945920 0.763231
v 0.136344 1.825424 0.473535
v 0.136344 1.825424 0.473535
v 0.140325 1.809871 0.040431
v 0.635726 1.950390 -0.175167
v 0.812011 2.041001 -0.007996
v 0.812011 2.041001 -0.007996
v 0.948524 2.134034 0.425877
v 0.666933 2.040885 0.780078
v 0.616414 2.511479 0.679152
v 0.774604 2.595502 0.495072
v 0.808770 2.617755 0.260470
v 0.761251 2.616498 0.033077
v 0.615337 2.605086 -0.207478
v 0.243586 2.210426 -0.229133
v 0.243586 2.210426 -0.229133
v 0.160032 2.123202 -0.077578
v 0.160032 2.123202 -0.077578
v 0.104090 2.057586 0.098839
v 0.104090 2.057586 0.098839
v 0.094274 2.063950 0.334758
v 0.094274 2.063950 0.334758
v 0.094274 2.063950 0.334758
v 0.094274 2.063950 0.334758
v 0.164739 2.130036 0.567217
v 0.164739 2.130036 0.567217
v 0.364857 2.257484 0.724250
v 0.364857 2.257484 0.724250
v 0.628712 2.390385 0.709242
v 0.628712 2.390385 0.709242
v 0.803600 2.467745 0.529546
v 0.803600 2.467745 0.529546
v 0.833093 2.488459 0.299703
v 0.833093 2.488459 0.299703
v 0.797195 2.478240 0.081067
v 0.797195 2.478240 0.081067
v 0.675041 2.448562 -0.154151
v 0.675041 2.448562 -0.154151
v 0.675041 2.448562 -0.154151
v 0.276311 2.104640 -0.206300
v 0.158688 2.033414 -0.045592
v 0.100362 1.994596 0.144058
v 0.104722 1.995579 0.380347
v 0.104722 1.995579 0.380347
v 0.190415 2.054815 0.603114
v 0.385472 2.161542 0.739812
v 0.650777 2.285864 0.733252
v 0.827580 2.366496 0.572962
v 0.866352 2.380764 0.340283
v 0.831221 2.366725 0.122932
v 0.726258 2.321736 -0.101108
v 0.726258 2.321736 -0.101108
v 0.533923 2.221477 -0.256237
v 0.441318 0.947659 0.526148
v 0.624967 0.955936 0.497695
v 0.780815 0.964694 0.386695
v 0.831733 0.979239 0.187371
v 0.827270 0.983078 -0.022789
v 0.748465 0.986831 -0.209833
v 0.748465 0.986831 -0.209833
v 0.542857 0.981157 -0.330490
v 0.304864 0.962171 -0.278980
v 0.146451 0.948980 -0.108068
v 0.087039 0.941297 0.109025
v 0.120662 0.939609 0.324907
v 0.120662 0.939609 0.324907
v 0.256374 0.940730 0.481751
v 0.118609 0.392099 0.379145
v 0.118609 0.392099 0.379145
v 0.230395 0.447891 0.527571
v 0.459179 0.463884 0.622936
v 0.758508 0.457019 0.586395
v 0.848187 0.505431 0.442181
v 0.928372 0.367922 0.196078
v 0.876400 0.396847 0.012750
v 0.745278 0.371008 -0.168087
v 0.745278 0.371008 -0.168087
v 0.534797 0.342867 -0.230805
v 0.319133 0.337354 -0.180616
v 0.152475 0.347384 -0.025259
v 0.090396 0.368157 0.180739
v 0.680512 1.776686 0.790389
v 0.941366 1.836880 0.650474
v 0.993777 1.863489 0.369043
v 0.914071 1.848329 0.145017
v 0.792831 1.808252 -0.036439
v 0.792831 1.808252 -0.036439
v 0.607919 1.745388 -0.175691
v 0.325578 1.672566 -0.159168
v 0.154484 1.625862 0.006484
v 0.100466 1.619531 0.221681
v 0.131817 1.640226 0.436743
v 0.131817 1.640226 0.436743
v 0.246835 1.671929 0.622178
v 0.435913 1.721019 0.747651
v 0.683449 1.474399 0.734655
v 0.434849 1.459004 0.696134
v 0.242881 1.444473 0.576942
v 0.127421 1.436220 0.390039
v 0.127421 1.436220 0.390039
v 0.102160 1.432945 0.177236
v 0.161602 1.442581 -0.030615
v 0.330721 1.474998 -0.179505
v 0.571562 1.518658 -0.196350
v 0.762627 1.553896 -0.084071
v 0.762627 1.553896 -0.084071
v 0.893388 1.569416 0.085330
v 0.980827 1.555354 0.301435
v 0.943603 1.510080 0.578804
v 0.657111 1.193379 0.609610
v 0.858403 1.213970 0.466545
v 0.910339 1.251574 0.235530
v 0.858837 1.274300 0.025216
v 0.743169 1.277495 -0.148248
v 0.743169 1.277495 -0.148248
v 0.548669 1.265697 -0.249580
v 0.321836 1.239685 -0.225012
v 0.159252 1.214130 -0.075531
v 0.098689 1.202283 0.132195
v 0.123093 1.197718 0.346122
v 0.123093 1.197718 0.346122
v 0.245746 1.193803 0.522311
v 0.436523 1.192222 0.612509
v 0.446593 0.698030 0.530571
v 0.638869 0.710530 0.489326
v 0.777826 0.728536 0.382872
v 0.840055 0.724945 0.197689
v 0.837678 0.712008 -0.007591
v 0.756309 0.688748 -0.204029
v 0.756309 0.688748 -0.204029
v 0.544594 0.655963 -0.320299
v 0.302996 0.639741 -0.268807
v 0.138038 0.637899 -0.095878
v 0.082209 0.646067 0.124253
v 0.121442 0.661412 0.337801
v 0.121442 0.661412 0.337801
v 0.254639 0.678156 0.487954
v 0.548633 0.360635 0.722704
v 0.781414 0.346375 0.664864
v 0.630052 0.215152 0.887133
v 0.731996 0.226074 0.854478
v 0.641749 0.122021 0.892657
v 0.641749 0.122021 0.892657
v 0.755994 0.138686 0.850655
v 0.755994 0.138686 0.850655
v 0.656025 0.019252 0.829720
v 0.740025 0.048892 0.810107
v 0.539679 0.209330 0.862993
v 0.532782 0.132157 0.868123
v 0.532782 0.132157 0.868123
v 0.552018 0.039907 0.839410
v 0.434408 0.242614 0.720233
v 0.414462 0.127666 0.735171
v 0.414462 0.127666 0.735171
v 0.414462 0.127666 0.735171
v 0.414462 0.127666 0.735171
v 0.459831 -0.022615 0.604371
v 0.628847 -0.045098 0.589810
v 0.785280 0.010481 0.626534
v 0.865165 0.180806 0.684201
v 0.865165 0.180806 0.684201
v 0.865165 0.180806 0.684201
v 0.865165 0.180806 0.684201
v 0.623010 0.308399 0.831135
v 0.755008 0.281790 0.780311
v 0.452922 0.131920 0.789455
v 0.452922 0.131920 0.789455
v 0.483377 0.236700 0.795821
v 0.812567 0.151531 0.758024
v 0.812567 0.151531 0.758024
v 0.770113 0.030928 0.724868
v 0.654255 -0.032454 0.714010
v 0.508337 -0.010351 0.731464
v 0.328573 0.327942 0.671035
v 0.180511 0.329910 0.568694
v 0.203652 0.165543 0.726906
v 0.139016 0.190580 0.670202
v 0.187364 0.105570 0.714776
v 0.187364 0.105570 0.714776
v 0.115189 0.121821 0.647202
v 0.115189 0.121821 0.647202
v 0.195216 0.028977 0.683394
v 0.128892 0.064292 0.633860
v 0.285159 0.167730 0.746674
v 0.277325 0.105190 0.747204
v 0.277325 0.105190 0.747204
v 0.266461 0.024244 0.707813
v 0.354369 -0.044859 0.449608
v 0.154648 0.017513 0.436177
v 0.246466 0.252575 0.711428
v 0.108814 0.197000 0.446618
v 0.108814 0.197000 0.446618
v 0.108814 0.197000 0.446618
v 0.133498 0.241903 0.616431
v 0.354084 0.201541 0.734374
v 0.375046 0.105911 0.734944
v 0.375046 0.105911 0.734944
v 0.364006 0.000280 0.661712
v 0.254972 -0.036557 0.598961
v 0.119114 0.039001 0.558328
v 0.090884 0.155901 0.563569
v 0.090884 0.155901 0.563569
v 0.907627 0.298219 0.606397
v 1.058131 0.182749 0.561103
v 1.058131 0.182749 0.561103
v 0.976170 0.320936 0.421469
v 1.078087 0.174173 0.451903
v 1.078087 0.174173 0.451903
v 1.076348 0.082368 0.561716
v 1.080265 0.085354 0.425905
v 1.080265 0.085354 0.425905
v 0.997343 -0.016076 0.498461
v 1.049531 0.011383 0.434033
v 1.049531 0.011383 0.434033
v 1.000203 0.165885 0.621672
v 1.000203 0.165885 0.621672
v 0.992287 0.072428 0.614751
v 0.958764 0.005470 0.574177
v 0.763944 -0.034980 0.485396
v 0.835080 -0.051120 0.362076
v 1.041441 0.240367 0.436045
v 0.970153 0.008122 0.261275
v 0.970153 0.008122 0.261275
v 1.001943 0.206474 0.284006
v 0.998181 0.237491 0.585320
v 0.936371 0.171299 0.649997
v 0.936371 0.171299 0.649997
v 0.898867 0.049837 0.627842
v 0.877310 -0.017793 0.538820
v 0.922733 -0.042710 0.444609
v 1.020732 0.001717 0.363988
v 1.020732 0.001717 0.363988
v 1.055245 0.111186 0.346637
v 0.903566 0.047268 0.141512
v 0.903566 0.047268 0.141512
v 0.734472 -0.050232 0.246964
v 0.584456 -0.049156 0.389803
v 0.846768 0.089376 0.013192
v 0.846768 0.089376 0.013192
v 0.739747 0.189756 -0.141047
v 0.739747 0.189756 -0.141047
v 0.739747 0.189756 -0.141047
v 0.506209 0.151805 -0.176083
v 0.506209 0.151805 -0.176083
v 0.350144 0.158984 -0.118612
v 0.350144 0.158984 -0.118612
v 0.182355 0.159306 0.055865
v 0.182355 0.159306 0.055865
v 0.123122 0.159571 0.262811
v 0.123122 0.159571 0.262811
v 0.634425 -0.034316 0.025399
v 0.410648 -0.028755 0.056887
v 0.259187 -0.010991 0.222214
v 0.167013 0.043243 0.314076
v 0.069031 4.165931 0.959339
v 0.114086 4.247029 0.906174
v 0.185471 4.253386 0.898416
v 0.244459 4.338930 0.838018
v 0.259171 4.435965 0.743369
v 0.318950 4.543395 0.653826
v 0.345516 4.613139 0.624815
v 0.436081 4.651039 0.488905
v 0.512188 4.673915 0.331974
v 0.518975 4.688386 0.166124
v 0.468243 4.657212 0.042691
v 0.379898 4.612502 -0.068725
v 0.283248 4.590252 -0.160690
v 0.192445 4.578322 -0.216314
v -0.000708 4.567863 -0.271059
v -0.000708 4.567863 -0.271059
v 0.078013 4.082373 0.983272
v 0.142464 4.116079 0.953928
v 0.242249 4.144301 0.922130
v 0.331407 4.220130 0.824597
v 0.383835 4.340901 0.718398
v 0.416761 4.477809 0.597936
v 0.461990 4.588766 0.516196
v 0.528504 4.656803 0.384348
v 0.603453 4.698030 0.240164
v 0.602059 4.601322 0.001999
v 0.463217 4.537846 -0.092217
v 0.416279 4.510886 -0.176171
v 0.301996 4.491729 -0.224087
v 0.200070 4.480334 -0.258972
v -0.000424 4.465746 -0.293138
v -0.000424 4.465746 -0.293138
v -0.000001 4.273130 0.943813
v 0.149520 4.366530 0.852953
v 0.176379 4.486649 0.780387
v 0.170769 4.577125 0.744340
v 0.173494 4.623765 0.751263
v 0.299333 4.714857 0.841867
v 0.436354 4.721634 0.680335
v 0.521202 4.734324 0.538313
v 0.579571 4.753945 0.377657
v 0.583114 4.748560 0.144186
v 0.494946 4.743020 -0.007037
v 0.377924 4.750662 -0.136008
v 0.254918 4.762879 -0.220018
v 0.152381 4.710773 0.943636
v 0.397393 4.668126 -0.031820
v 0.397393 4.668126 -0.031820
v 0.300627 4.663231 -0.136504
v 0.300627 4.663231 -0.136504
v 0.307419 4.650029 0.696896
v 0.307419 4.650029 0.696896
v 0.415729 4.663931 0.559584
v 0.415729 4.663931 0.559584
v 0.157325 4.654888 0.802089
v 0.157325 4.654888 0.802089
v 0.204358 4.664441 -0.202632
v 0.204358 4.664441 -0.202632
v 0.486076 4.679501 0.418803
v 0.486076 4.679501 0.418803
v 0.526938 4.686463 0.271666
v 0.526938 4.686463 0.271666
v 0.489021 4.683758 0.116519
v 0.489021 4.683758 0.116519
v 0.335716 4.790250 0.948248
v 0.335716 4.790250 0.948248
v 0.150676 4.788702 1.079775
v 0.150676 4.788702 1.079775
v -0.000001 4.786074 1.130759
v -0.000001 4.786074 1.130759
v -0.000001 4.786074 1.130759
v 0.377296 4.935257 1.029749
v 0.167515 4.926194 1.197976
v -0.000000 4.942159 1.252208
v 0.393864 5.102305 1.076345
v 0.173754 5.079836 1.278631
v 0.381565 5.267551 1.079092
v 0.162782 5.283097 1.280722
v -0.000024 5.295691 1.322468
v 0.605979 4.798462 0.640346
v 0.605979 4.798462 0.640346
v 0.713656 4.936035 0.717218
v 0.730337 5.117172 0.748020
v 0.759908 5.284935 0.763246
v 0.578115 5.266054 0.927029
v 0.565295 5.102717 0.916686
v 0.543823 4.936610 0.871408
v 0.486709 4.795224 0.788643
v 0.486709 4.795224 0.788643
v 0.364617 5.411966 1.048545
v 0.163020 5.422640 1.166123
v 0.714631 5.426633 0.781322
v 0.548866 5.412586 0.923456
v 0.666933 4.834559 0.230462
v 0.666933 4.834559 0.230462
v 1.056236 4.892846 0.371213
v 1.056236 4.892846 0.371213
v 0.971478 5.156941 0.388534
v 0.971478 5.156941 0.388534
v 1.105692 5.393967 0.358798
v 1.105692 5.393967 0.358798
v 0.876616 5.486424 0.401392
v 0.876616 5.486424 0.401392
v 0.882517 4.927142 0.563051
v 0.700607 4.804640 0.492487
v 0.700607 4.804640 0.492487
v 0.880464 5.137237 0.582275
v 0.858744 5.455335 0.626062
v 0.858744 5.455335 0.626062
v 0.938463 5.329934 0.590093
v 0.682939 4.857195 0.047507
v 0.819087 4.992425 0.116511
v 0.893960 5.177922 0.210095
v 0.908828 5.349491 0.173874
v 0.890298 5.470633 0.201089
v 0.156478 3.574448 -0.301564
v 0.149598 3.726636 -0.298769
v 0.116423 4.207550 -0.342633
v 0.128863 4.042128 -0.332251
v 0.140246 3.882530 -0.310103
v 0.112508 4.354777 -0.321412
v 0.160232 3.150874 -0.353769
v 0.159460 3.428823 -0.308506
v 0.159323 3.289130 -0.326420
v 0.135040 3.006597 -0.387247
v 0.070668 2.896284 -0.420660
v 0.070668 2.896284 -0.420660
v 0.117082 4.573161 -0.249144
v 0.116201 4.473131 -0.280223
v 0.153698 4.771999 -0.269682
v 0.122777 4.666274 -0.241132
v 0.122777 4.666274 -0.241132
v 0.549772 4.848294 -0.128628
v 0.734695 4.980382 -0.090330
v 0.985606 5.158552 0.080724
v 0.892892 5.314670 0.021606
v 0.894907 5.448244 -0.013465
v 0.362451 4.859910 -0.251699
v 0.500551 4.973438 -0.289595
v 0.645166 5.124187 -0.293539
v 0.670771 5.318869 -0.326510
v 0.664978 5.489203 -0.333061
v 0.209413 4.875721 -0.321235
v 0.279007 4.990713 -0.389904
v 0.356644 5.135319 -0.441786
v 0.406814 5.308635 -0.472533
v 0.429045 5.502470 -0.480296
v -0.000790 4.898355 -0.374289
v -0.000790 4.898355 -0.374289
v -0.000578 5.353189 -0.533031
v -0.000578 5.353189 -0.533031
v 0.952101 5.709321 0.296649
v 0.952101 5.709321 0.296649
v 0.999826 5.638932 0.176321
v 0.999826 5.638932 0.176321
v 0.872293 5.513848 0.209481
v 0.872293 5.513848 0.209481
v 0.872293 5.513848 0.209481
v 0.850664 5.605226 0.412330
v 0.850664 5.605226 0.412330
v 0.981974 5.725005 -0.000716
v 0.894029 5.559635 -0.016367
v 0.894029 5.559635 -0.016367
v 0.870389 5.921463 -0.160983
v 0.665144 5.717305 -0.297385
v 0.665144 5.717305 -0.297385
v 0.677437 6.163203 -0.222639
v 0.462517 6.022605 -0.290943
v 0.462517 6.022605 -0.290943
v 0.488424 6.398618 -0.095387
v 0.293103 6.257657 -0.143919
v 0.293103 6.257657 -0.143919
v 0.387717 6.521011 0.200608
v 0.271072 6.396643 0.147380
v 0.271072 6.396643 0.147380
v 0.271072 6.396643 0.147380
v 0.507678 6.500653 0.555490
v 0.375526 5.755227 -0.455243
v 0.272421 6.032167 -0.338373
v 0.178304 6.256423 -0.149547
v 0.186087 6.389136 0.142640
v 0.186087 6.389136 0.142640
v 0.264520 6.393227 0.583097
v 0.006220 6.388005 0.575073
v 0.006220 6.388005 0.575073
v 0.746603 5.753141 0.653016
v 0.746603 5.753141 0.653016
v 0.793334 5.598754 0.618697
v 0.793334 5.598754 0.618697
v 0.633395 5.737384 0.792815
v 0.667073 5.576172 0.782948
v 0.495512 5.722311 0.913697
v 0.520606 5.558165 0.914774
v 0.345363 5.709188 1.027166
v 0.352103 5.547522 1.028630
v 0.171455 5.702546 1.093743
v 0.171862 5.552614 1.113565
v 0.994775 5.909045 0.358232
v 0.808244 5.773030 0.517001
v 0.808244 5.773030 0.517001
v 0.629530 6.384595 0.630260
v 0.514458 6.306418 0.678227
v 0.514458 6.306418 0.678227
v 0.610033 6.196962 0.663414
v 0.610033 6.196962 0.663414
v 0.714563 6.262531 0.571939
v 0.957227 6.224569 0.510945
v 0.692834 6.049949 0.617973
v 0.692834 6.049949 0.617973
v 0.820336 5.948228 0.506560
v 0.754296 5.914513 0.578205
v 0.754296 5.914513 0.578205
v 0.884226 5.983054 0.461111
v 0.840531 6.108765 0.542951
v 0.657321 6.224837 0.621015
v 0.565491 6.344163 0.653036
v 0.872604 5.821487 0.432694
v 0.872604 5.821487 0.432694
v 0.320362 6.428556 0.178664
v 0.380194 6.304208 -0.107364
v 0.574796 6.071552 -0.246762
v 0.769933 5.810254 -0.193380
v 0.893830 5.629179 0.008398
v 0.905127 5.579789 0.184658
v 0.905127 5.579789 0.184658
v 0.888869 5.669446 0.333646
v 0.888869 5.669446 0.333646
v 0.365988 6.381286 0.607194
v 0.365988 6.381286 0.607194
v 0.437815 6.430173 0.555376
v 0.422928 6.526444 0.424582
v 0.216721 6.410341 0.426696
v 0.000390 6.389775 0.361220
v 0.000390 6.389775 0.361220
v 0.361510 6.446131 0.424812
v 0.299613 6.413571 0.414036
v 0.299613 6.413571 0.414036
v 1.013633 5.795213 0.249791
v 1.013633 5.795213 0.249791
v 1.089638 5.752892 0.165913
v 1.089638 5.752892 0.165913
v 1.080083 5.829879 -0.007433
v 0.987247 6.049732 -0.146403
v 0.828719 6.316220 -0.181237
v 0.643022 6.538414 -0.074053
v 0.515036 6.646349 0.201506
v 0.588177 6.581634 0.545123
v 0.986005 6.008157 0.242545
v 0.986005 6.008157 0.242545
v 0.695739 6.450780 0.595201
v 0.764748 6.335563 0.512119
v 0.991295 6.285182 0.446914
v 0.991295 6.285182 0.446914
v 0.987381 6.070311 0.381495
v 0.987381 6.070311 0.381495
v 0.526361 6.633922 0.415971
v 0.696843 5.903700 0.680405
v 0.696843 5.903700 0.680405
v 0.583370 5.892455 0.786790
v 0.583370 5.892455 0.786790
v 0.456646 5.881660 0.895913
v 0.456646 5.881660 0.895913
v 0.319190 5.872409 0.999901
v 0.319190 5.872409 0.999901
v 0.166506 5.869845 1.062842
v 0.166506 5.869845 1.062842
v 0.001971 5.871493 1.089402
v 0.001971 5.871493 1.089402
v 0.001971 5.871493 1.089402
v 0.637995 6.050838 0.692469
v 0.520353 6.031572 0.754193
v 0.405897 6.023387 0.866859
v 0.274480 6.017894 0.967535
v 0.145505 6.028597 1.015245
v 1.139764 6.106297 0.145672
v 1.239047 6.044808 0.056639
v 1.239047 6.044808 0.056639
v 1.181547 6.138757 -0.066035
v 1.136415 6.303270 -0.090325
v 1.045133 6.520075 -0.068916
v 0.906331 6.732463 0.018839
v 0.762623 6.849593 0.213604
v 0.776042 6.758082 0.504911
v 1.097881 6.215003 0.167804
v 0.875483 6.628087 0.496350
v 0.934173 6.539967 0.403647
v 1.004656 6.461040 0.294724
v 1.047953 6.346957 0.214855
v 0.728163 6.823618 0.397718
v 0.777682 6.520329 0.547743
v 0.831253 6.411925 0.453286
v 1.136230 5.963434 -0.044979
v 1.060313 6.179214 -0.130006
v 0.928316 6.300047 0.325325
v 0.936271 6.420382 -0.130199
v 0.997764 6.188252 0.264973
v 0.773752 6.636061 -0.030770
v 1.007162 6.083556 0.184593
v 0.638959 6.750812 0.206304
v 0.621862 6.727212 0.410355
v 0.668670 6.666182 0.528185
v 1.063863 5.950881 0.181101
v 1.160177 5.879732 0.098111
v 1.160177 5.879732 0.098111
v 0.862484 6.849602 0.470747
v 0.957030 6.746682 0.474110
v 0.954478 6.960664 0.422284
v 1.020899 6.860589 0.459518
v 1.125701 7.049030 0.364253
v 1.126397 6.868725 0.426891
v 1.250123 6.941272 0.283553
v 1.250123 6.941272 0.283553
v 1.222017 6.800426 0.366675
v 1.291942 6.718507 0.195502
v 1.291942 6.718507 0.195502
v 1.259081 6.675159 0.293218
v 1.304359 6.540452 0.137393
v 1.304359 6.540452 0.137393
v 1.193687 6.494874 0.245758
v 1.190133 6.326103 0.184889
v 1.294860 6.363631 0.110927
v 1.294860 6.363631 0.110927
v 1.189379 6.215077 0.152580
v 1.270042 6.202428 0.092184
v 1.270042 6.202428 0.092184
v 1.232204 6.385921 -0.020706
v 1.119656 6.609963 0.330524
v 1.038041 6.683701 0.406092
v 1.241907 6.243329 -0.026281
v 1.186758 6.604026 0.020120
v 1.222965 6.748681 0.112090
v 1.142598 6.962505 0.175415
v 1.049932 7.051117 0.248129
v 0.944725 6.996716 0.354395
v 0.822193 6.904913 0.385612
v 1.039995 6.825339 0.079503
v 0.871830 6.940053 0.234704
v 0.341245 6.143676 0.861514
v 0.194604 6.157653 1.011418
v 0.056190 6.163932 1.050664
v 0.449246 6.139514 0.727180
v 0.550786 6.186225 0.650338
v 0.337975 6.225572 0.755703
v 0.229386 6.239452 0.812012
v 0.120206 6.251971 0.822457
v 0.017190 6.309936 0.819877
v 0.017190 6.309936 0.819877
v 0.017190 6.309936 0.819877
v 0.423076 6.204441 0.705365
v 0.470756 6.254830 0.656715
v 0.357345 6.295422 0.643255
v 0.259968 6.306160 0.664805
v 0.145777 6.332566 0.678657
v 0.014565 6.358899 0.714207
v 0.014565 6.358899 0.714207
v 0.068390 3.728478 -0.302380
v 0.057596 4.044059 -0.334666
v 0.048849 4.353261 -0.324418
v 0.072291 3.426082 -0.313463
v 0.057369 3.013244 -0.405418
v 0.054646 4.569409 -0.265622
v 0.051915 4.468350 -0.289788
v 0.075338 4.776689 -0.299765
v 0.059930 4.667639 -0.264244
v 0.059930 4.667639 -0.264244
v 0.071100 3.574450 -0.305183
v 0.051179 4.207042 -0.344037
v 0.063753 3.884887 -0.313860
v 0.070062 3.149542 -0.369566
v 0.071313 3.284645 -0.335328
v 0.031531 2.908259 -0.426088
v 0.031531 2.908259 -0.426088
v 0.171615 5.337265 -0.528586
v 0.157210 5.164985 -0.491155
v 0.128558 5.015959 -0.431912
v 0.099597 4.889779 -0.359788
v 0.170260 5.535765 -0.535057
v 0.147637 5.779042 -0.502285
v 0.127657 6.027735 -0.375834
v 0.093639 6.251349 -0.167493
v 0.094057 6.383865 0.129543
v 0.094057 6.383865 0.129543
v 0.164989 6.438863 0.534968
v 0.098681 6.402059 0.403685
v 0.100943 4.768667 -1.440735
v 0.125970 4.311594 -1.281519
v 0.131485 4.153763 -1.419865
v 0.137190 4.003904 -1.561466
v 0.141596 3.935010 -1.594179
v 0.142195 3.732966 -1.586311
v 0.139359 3.489399 -1.606628
v 0.133866 3.264245 -1.690829
v 0.125108 3.320838 -1.671614
v 0.113391 3.192815 -1.480642
v 0.097868 3.047461 -1.315567
v 0.077284 2.889334 -1.184071
v 0.055312 2.880129 -1.094387
v 0.039252 2.894862 -0.869626
v 0.029082 2.897090 -0.625624
v -0.000088 2.897440 -0.628296
v -0.000088 2.897440 -0.628296
v -0.000000 2.897323 -0.876278
v -0.000000 2.897323 -0.876278
v -0.000063 2.901043 -1.179039
v -0.000063 2.901043 -1.179039
v -0.000105 3.207287 -1.468464
v -0.000105 3.207287 -1.468464
v -0.000102 3.332301 -1.660814
v -0.000102 3.332301 -1.660814
v -0.000061 3.259966 -1.654281
v -0.000061 3.259966 -1.654281
v 0.000018 3.495274 -1.583101
v 0.000018 3.495274 -1.583101
v 0.001327 3.981886 -1.535299
v 0.001327 3.981886 -1.535299
v 0.002088 4.123477 -1.400658
v 0.002088 4.123477 -1.400658
v 0.001044 4.278429 -1.279117
v 0.001044 4.278429 -1.279117
v 0.208948 4.365659 -1.304260
v 0.233621 4.218613 -1.457769
v 0.257077 4.058270 -1.618329
v 0.277897 3.951212 -1.655869
v 0.283324 3.731256 -1.666765
v 0.277306 3.482962 -1.677009
v 0.265273 3.258833 -1.746357
v 0.248174 3.280266 -1.712151
v 0.225990 3.150321 -1.521224
v 0.198502 3.013755 -1.343970
v 0.166188 2.861730 -1.196773
v 0.131766 2.858730 -1.089253
v 0.098289 2.879598 -0.864351
v 0.078881 2.884009 -0.622011
v 0.072425 4.783106 -1.549252
v 0.238285 4.454913 -1.339018
v 0.299298 4.302539 -1.508280
v 0.359280 4.136775 -1.697555
v 0.411886 3.971056 -1.756932
v 0.424629 3.728748 -1.782945
v 0.412330 3.477860 -1.799945
v 0.392726 3.254205 -1.859417
v 0.367652 3.209970 -1.786012
v 0.334600 3.080359 -1.590803
v 0.296764 2.951080 -1.394200
v 0.255484 2.808864 -1.224412
v 0.207580 2.807750 -1.083963
v 0.159944 2.844309 -0.857470
v 0.126212 2.856457 -0.615869
v 0.184486 4.473437 -1.209449
v 0.098956 4.738511 -1.686911
v 0.137999 4.651984 -1.919665
v 0.193065 4.471949 -2.228761
v 0.206111 4.162072 -2.475717
v 0.298133 3.894867 -2.601337
v 0.286774 3.533854 -2.665617
v 0.274475 3.138821 -2.603494
v 0.263921 2.727502 -2.345732
v 0.248918 2.505037 -2.044532
v 0.225247 2.371345 -1.751792
v 0.192878 2.284299 -1.434388
v 0.159788 2.302556 -1.051810
v 0.123363 2.411952 -0.779416
v 0.093305 2.532743 -0.546032
v 0.174504 2.622869 -0.565424
v 0.226550 2.541155 -0.805901
v 0.277589 2.458878 -1.062087
v 0.327945 2.450517 -1.377309
v 0.380710 2.546689 -1.646086
v 0.435186 2.671860 -1.902788
v 0.481205 2.848918 -2.168807
v 0.506093 3.164977 -2.384161
v 0.499846 3.498033 -2.414335
v 0.548259 3.828319 -2.421226
v 0.436854 4.157605 -2.261005
v 0.346756 4.447090 -2.053054
v 0.247484 4.600514 -1.789505
v 0.173661 4.698807 -1.580497
v -0.000274 4.443884 -1.175860
v -0.000274 4.443884 -1.175860
v 0.190800 2.723208 -0.587373
v 0.241727 2.670312 -0.826117
v 0.296218 2.607305 -1.070325
v 0.352853 2.604022 -1.318506
v 0.410755 2.713835 -1.553071
v 0.474079 2.847238 -1.790065
v 0.532053 2.988126 -2.016542
v 0.555377 3.205064 -2.181586
v 0.563210 3.480139 -2.189623
v 0.571926 3.757710 -2.151872
v 0.537391 4.078650 -2.088237
v 0.450696 4.351423 -1.917469
v 0.316198 4.506093 -1.669358
v 0.118627 4.459827 -1.175218
v 0.000016 4.646595 -2.040449
v 0.000016 4.646595 -2.040449
v -0.000262 3.898070 -2.708063
v -0.000262 3.898070 -2.708063
v 0.000000 3.170570 -2.690197
v 0.000000 3.170570 -2.690197
v 0.000000 2.723661 -2.439402
v 0.000000 2.723661 -2.439402
v 0.000000 2.473421 -2.127428
v 0.000000 2.473421 -2.127428
v -0.000000 2.328659 -1.824260
v -0.000000 2.328659 -1.824260
v -0.000000 2.254211 -1.065849
v -0.000000 2.254211 -1.065849
v -0.000000 2.375992 -0.784176
v -0.000000 2.375992 -0.784176
v 0.220680 4.630456 -1.459076
v 0.247031 4.539401 -1.377006
v 0.331395 4.392176 -1.575476
v 0.438205 4.208517 -1.812764
v 0.508285 4.014455 -1.924770
v 0.537442 3.731862 -1.953156
v 0.528997 3.474813 -1.983464
v 0.506843 3.236709 -2.006736
v 0.477875 3.111318 -1.891133
v 0.430121 2.976832 -1.686716
v 0.378008 2.843770 -1.475198
v 0.324795 2.718365 -1.266000
v 0.266348 2.722617 -1.076761
v 0.213604 2.773721 -0.840197
v 0.169194 2.801347 -0.601947
v 0.185343 4.571708 -1.207563
v 0.107273 4.593173 -1.117938
v 0.121027 4.735381 -1.302213
v 0.166449 4.648565 -1.233951
v 0.086169 4.692534 -1.110929
v 0.072002 4.739091 -1.159652
v -0.000888 4.728774 -1.135342
v -0.000888 4.728774 -1.135342
vn 0.6371 0.6977 0.3275
vn 0.5370 0.6301 -0.5608
vn 0.4286 0.5839 -0.6894
vn 0.7613 0.4943 -0.4196
vn 0.3875 0.1077 -0.9155
vn 0.3937 0.1579 -0.9056
vn 0.4089 -0.3942 -0.8230
vn 0.4721 -0.4142 -0.7782
vn 0.4090 -0.3943 -0.8230
vn 0.5362 -0.8034 -0.2588
vn 0.5051 -0.8131 -0.2894
vn 0.4721 -0.4143 -0.7781
vn 0.5286 -0.6906 0.4935
vn 0.4712 -0.7346 0.4882
vn 0.4643 -0.2441 0.8514
vn 0.5230 -0.3818 0.7621
vn 0.5144 0.2477 0.8210
vn 0.8040 -0.3403 0.4876
vn 0.7986 0.5761 0.1743
vn 0.7083 0.4457 -0.5475
vn 0.5533 0.0692 -0.8301
vn 0.5480 -0.3624 -0.7539
vn 0.5481 -0.3625 -0.7538
vn 0.6480 -0.7058 -0.2864
vn 0.6835 -0.6269 0.3739
vn 0.6121 -0.1830 0.7693
vn 0.6521 0.2608 0.7118
vn 0.6522 0.2609 0.7118
vn 0.8885 0.2147 -0.4056
vn 0.7443 0.0433 -0.6664
vn 0.9807 -0.0823 -0.1773
vn 0.8104 -0.2382 -0.5353
vn 0.9807 -0.0824 -0.1773
vn 0.8974 -0.4224 0.1274
vn 0.8115 -0.5194 -0.2677
vn 0.8104 -0.2383 -0.5353
vn 0.8709 -0.1813 0.4569
vn 0.9517 0.0998 0.2905
vn 0.9469 0.3216 -0.0017
vn 0.8460 -0.0398 -0.5317
vn 0.8898 -0.4516 -0.0655
vn 0.3791 0.6735 -0.6346
vn 0.4294 0.6282 -0.6489
vn 0.2753 0.8761 -0.3957
vn -0.0875 0.9577 -0.2742
vn -0.0628 0.7219 0.6891
vn -0.2828 0.8673 0.4097
vn -0.0628 0.7219 0.6892
vn -0.1612 0.2296 0.9598
vn -0.1313 0.2881 0.9486
vn 0.1408 -0.2549 0.9567
vn 0.2524 -0.1977 0.9472
vn 0.5546 -0.4848 0.6763
vn 0.6891 -0.4767 0.5458
vn 0.4945 0.8638 0.0966
vn 0.1804 0.9714 -0.1545
vn 0.0417 0.8582 0.5116
vn 0.4610 0.7231 0.5143
vn 0.4610 0.7231 0.5144
vn 0.1485 0.3657 0.9188
vn 0.4170 0.4348 0.7981
vn 0.3746 -0.0216 0.9270
vn 0.5985 0.2016 0.7753
vn 0.7424 -0.2107 0.6359
vn 0.7804 0.0231 0.6248
vn 0.9797 -0.1698 0.1067
vn 0.9380 0.1466 0.3140
vn 0.9797 -0.1697 0.1066
vn 0.9271 0.1679 -0.3350
vn 0.9443 0.3276 -0.0323
vn 0.5644 0.6697 -0.4826
vn 0.7678 0.6392 -0.0433
vn 0.7766 0.4482 0.4428
vn 0.5958 0.5173 0.6143
vn 0.7728 0.6277 -0.0933
vn 0.8614 0.5039 -0.0639
vn 0.6986 0.4352 0.5679
vn 0.4483 0.5832 -0.6775
vn 0.5798 0.5849 -0.5672
vn -0.0057 0.6625 -0.7491
vn 0.1610 0.7524 -0.6388
vn -0.4947 0.8235 -0.2777
vn -0.2411 0.9337 -0.2646
vn 0.6986 0.4352 0.5680
vn 0.2455 0.4465 0.8604
vn 0.1067 0.4162 0.9030
vn 0.5957 0.5173 0.6144
vn -0.1131 0.5764 0.8093
vn -0.2488 0.4807 0.8409
vn -0.3421 0.8398 0.4216
vn -0.5410 0.7136 0.4450
vn -0.5410 0.7137 0.4450
vn 0.3485 0.6932 -0.6309
vn -0.0288 0.7793 -0.6259
vn -0.5877 0.7857 -0.1929
vn -0.6353 0.6348 0.4397
vn -0.6353 0.6348 0.4398
vn -0.3295 0.4368 0.8370
vn -0.0620 0.4157 0.9074
vn 0.5798 0.7647 -0.2813
vn 0.7819 0.6233 0.0086
vn 0.6222 0.6367 0.4554
vn 0.3194 0.5863 0.7445
vn 0.1259 0.7689 0.6268
vn -0.0690 0.9187 0.3890
vn 0.0867 0.9952 -0.0465
vn -0.0690 0.9187 0.3889
vn 0.2977 0.8617 -0.4108
vn 0.4040 0.8934 0.1965
vn 0.1260 0.7690 0.6267
vn 0.3195 0.5864 0.7444
vn 0.3993 0.6458 -0.6508
vn 0.4719 -0.4716 0.7449
vn 0.4906 -0.7371 0.4647
vn 0.5698 -0.7807 -0.2566
vn 0.5832 -0.3497 -0.7332
vn 0.5832 -0.3496 -0.7332
vn 0.5487 0.2533 -0.7967
vn 0.6392 -0.1546 -0.7534
vn 0.7036 0.4197 -0.5734
vn 0.3686 0.8035 -0.4674
vn 0.2555 -0.3157 0.9138
vn 0.5023 -0.6994 0.5084
vn 0.5948 -0.7790 -0.1983
vn 0.5018 -0.5117 -0.6974
vn 0.5018 -0.5115 -0.6975
vn 0.3708 -0.3524 -0.8593
vn -0.0754 0.2133 0.9741
vn -0.3386 0.4745 0.8126
vn -0.5974 0.6824 0.4213
vn -0.5975 0.6824 0.4212
vn -0.5711 0.8186 -0.0622
vn -0.3043 0.8611 -0.4074
vn -0.0904 0.9015 -0.4232
vn 0.3028 -0.3875 -0.8707
vn 0.7178 -0.1638 -0.6767
vn 0.8435 0.3865 -0.3729
vn 0.4917 0.8512 -0.1837
vn -0.0525 0.9561 -0.2882
vn 0.0751 -0.2551 -0.9640
vn -0.1141 -0.3032 -0.9461
vn -0.3103 0.1399 -0.9403
vn -0.4364 0.0294 -0.8993
vn -0.4352 0.6340 -0.6392
vn -0.4706 0.5941 -0.6524
vn 0.7628 0.3174 -0.5634
vn 0.7066 -0.1520 -0.6911
vn 0.3127 -0.2990 -0.9016
vn -0.0928 -0.3047 -0.9479
vn -0.2638 0.0593 -0.9628
vn -0.3518 0.5402 -0.7645
vn 0.0999 0.8108 -0.5767
vn 0.5480 0.7734 -0.3187
vn 0.3122 0.1978 -0.9292
vn -0.4745 0.8098 -0.3452
vn -0.5585 0.8287 0.0363
vn -0.5307 0.7510 0.3929
vn -0.5307 0.7509 0.3930
vn -0.3553 0.5447 0.7597
vn -0.0541 0.1829 0.9816
vn 0.2517 -0.2739 0.9282
vn 0.5010 -0.7037 0.5038
vn 0.5581 -0.8061 -0.1968
vn 0.3838 -0.5413 -0.7482
vn 0.3837 -0.5409 -0.7485
vn -0.1146 0.1054 0.9878
vn -0.0946 0.1408 0.9855
vn -0.3708 0.5199 0.7696
vn -0.3984 0.4766 0.7837
vn -0.5404 0.7451 0.3908
vn -0.5828 0.7181 0.3802
vn -0.5844 0.7127 0.3881
vn -0.5420 0.7416 0.3953
vn -0.5908 0.8066 0.0186
vn -0.6394 0.7681 -0.0357
vn -0.5639 0.7274 -0.3910
vn -0.5953 0.6554 -0.4648
vn -0.4303 0.4618 -0.7756
vn -0.4224 0.3825 -0.8217
vn -0.1908 0.1229 -0.9739
vn -0.1903 0.0723 -0.9791
vn 0.0751 -0.2032 -0.9763
vn 0.0666 -0.2599 -0.9633
vn 0.3538 -0.5787 -0.7348
vn 0.3532 -0.6326 -0.6892
vn 0.3469 -0.6348 -0.6904
vn 0.3520 -0.5795 -0.7351
vn 0.5303 -0.8307 -0.1698
vn 0.5216 -0.8456 -0.1134
vn 0.4708 -0.7108 0.5226
vn 0.4502 -0.7134 0.5370
vn 0.2077 -0.2962 0.9323
vn 0.1834 -0.3120 0.9322
vn -0.4747 0.8097 -0.3450
vn 0.0750 -0.2549 -0.9640
vn 0.3838 -0.5409 -0.7484
vn 0.3838 -0.5412 -0.7482
vn 0.5600 -0.8041 -0.1997
vn 0.5086 -0.7029 0.4972
vn 0.2583 -0.2698 0.9276
vn -0.0511 0.1846 0.9815
vn -0.3564 0.5445 0.7593
vn -0.5325 0.7504 0.3916
vn -0.5314 0.7505 0.3928
vn -0.5594 0.8281 0.0363
vn -0.6537 0.7378 -0.1684
vn -0.6573 0.7465 -0.1035
vn -0.5871 0.6008 -0.5425
vn -0.5495 0.5750 -0.6062
vn -0.6126 0.7063 0.3547
vn -0.6032 0.7050 0.3730
vn -0.4022 0.4567 0.7935
vn -0.4029 0.4579 0.7925
vn -0.6025 0.7083 0.3678
vn -0.6123 0.7078 0.3522
vn -0.1065 0.0997 0.9893
vn -0.1139 0.0940 0.9890
vn 0.2107 -0.3077 0.9279
vn 0.1925 -0.3137 0.9298
vn 0.4815 -0.6908 0.5395
vn 0.4635 -0.7044 0.5375
vn 0.5592 -0.8275 -0.0515
vn 0.5369 -0.8398 -0.0799
vn 0.4187 -0.6680 -0.6152
vn 0.3729 -0.6628 -0.6494
vn 0.1485 -0.3303 -0.9321
vn 0.0930 -0.3109 -0.9459
vn 0.3781 -0.6609 -0.6482
vn 0.4205 -0.6669 -0.6151
vn -0.1128 0.0022 -0.9936
vn -0.1672 0.0242 -0.9856
vn -0.3494 0.3053 -0.8858
vn -0.3998 0.3271 -0.8563
vn -0.6523 0.7202 -0.2361
vn -0.6501 0.7288 -0.2151
vn -0.5116 0.5612 -0.6506
vn -0.4848 0.5569 -0.6744
vn -0.6488 0.6996 0.2994
vn -0.6267 0.7068 0.3282
vn -0.4385 0.4626 0.7705
vn -0.4106 0.4590 0.7879
vn -0.6265 0.7071 0.3280
vn -0.6489 0.6994 0.2996
vn -0.1349 0.1006 0.9857
vn -0.1102 0.1015 0.9887
vn 0.1794 -0.3075 0.9345
vn 0.2093 -0.3088 0.9278
vn 0.4555 -0.6563 0.6015
vn 0.4777 -0.6756 0.5616
vn 0.5966 -0.7984 0.0814
vn 0.5791 -0.8152 0.0071
vn 0.5331 -0.6823 -0.5004
vn 0.4745 -0.6740 -0.5662
vn 0.2792 -0.3561 -0.8918
vn 0.2126 -0.3413 -0.9156
vn 0.4748 -0.6739 -0.5661
vn 0.5326 -0.6822 -0.5009
vn 0.0180 -0.0332 -0.9993
vn -0.0472 -0.0162 -0.9988
vn -0.2356 0.2721 -0.9330
vn -0.2892 0.2898 -0.9123
vn 0.9333 0.2993 -0.1985
vn 0.1029 0.9384 -0.3300
vn 0.3589 0.5258 -0.7712
vn 0.8050 0.1760 -0.5665
vn 0.7857 0.4422 0.4326
vn -0.0549 0.9640 0.2602
vn 0.4357 0.3914 0.8105
vn -0.0601 0.6464 0.7607
vn -0.0882 0.9635 0.2529
vn 0.7928 0.4328 0.4292
vn 0.2900 0.1199 0.9495
vn 0.0114 0.1746 0.9846
vn 0.3822 -0.1048 0.9181
vn 0.1475 -0.2630 0.9535
vn 0.2841 -0.5545 0.7822
vn 0.2919 -0.5844 0.7571
vn 0.4564 -0.7337 0.5034
vn 0.4967 -0.7600 0.4191
vn 0.6209 -0.7748 -0.1191
vn 0.6138 -0.7630 -0.2027
vn 0.5158 -0.5471 -0.6593
vn 0.4714 -0.5016 -0.7254
vn 0.6113 -0.7641 -0.2064
vn 0.6230 -0.7725 -0.1230
vn 0.6483 -0.1322 -0.7498
vn 0.3753 -0.2151 -0.9016
vn 0.6543 -0.0775 -0.7522
vn 0.3873 0.1033 -0.9161
vn -0.4585 0.5591 -0.6908
vn -0.1800 0.2558 -0.9498
vn 0.0838 -0.0583 -0.9948
vn 0.3457 -0.3957 -0.8508
vn 0.5789 -0.7027 -0.4138
vn 0.5798 -0.7026 -0.4126
vn 0.5939 -0.7823 0.1881
vn 0.4091 -0.6243 0.6655
vn 0.1410 -0.2898 0.9467
vn -0.1621 0.1247 0.9789
vn -0.4683 0.4982 0.7297
vn -0.6529 0.7088 0.2669
vn -0.6523 0.7096 0.2663
vn -0.6422 0.7284 -0.2388
vn -0.1559 0.1592 0.9749
vn -0.4647 0.5621 0.6842
vn -0.6613 0.7162 0.2229
vn -0.6602 0.7178 0.2212
vn -0.6630 0.7110 -0.2341
vn -0.3898 0.5655 -0.7268
vn -0.0129 0.2384 -0.9711
vn 0.2022 -0.1142 -0.9727
vn 0.4006 -0.4485 -0.7990
vn 0.5979 -0.7338 -0.3226
vn 0.5995 -0.7335 -0.3204
vn 0.5468 -0.7757 0.3150
vn 0.3363 -0.6024 0.7239
vn 0.1064 -0.2734 0.9560
vn 0.7522 -0.0148 -0.6588
vn 0.8196 0.2000 -0.5369
vn 0.9082 0.2144 -0.3595
vn 0.8738 -0.0534 -0.4833
vn 0.3582 0.0032 -0.9336
vn -0.0007 0.0583 -0.9983
vn -0.0002 0.0942 -0.9956
vn 0.3912 0.0820 -0.9167
vn 0.6818 0.0793 -0.7273
vn 0.6231 0.0221 -0.7818
vn 0.4102 0.0259 -0.9116
vn 0.4561 0.1117 -0.8829
vn 0.0273 0.0271 0.9993
vn 0.0005 0.0297 0.9996
vn -0.0000 0.1014 0.9948
vn 0.0270 0.1012 0.9945
vn 0.2909 0.1185 0.9494
vn 0.3237 0.0931 0.9416
vn 0.2764 0.0094 0.9610
vn 0.3811 -0.1065 0.9184
vn 0.7914 0.4355 0.4290
vn 0.6050 0.1685 0.7782
vn 0.4069 0.1868 0.8942
vn 0.4287 0.3961 0.8120
vn 0.7176 0.0423 0.6952
vn 0.3404 0.0029 0.9403
vn 0.2653 0.0577 0.9624
vn 0.4986 -0.0351 -0.8661
vn 0.7419 -0.0403 -0.6693
vn 0.6934 -0.0815 -0.7160
vn 0.4699 -0.0458 -0.8815
vn 0.7562 -0.1230 -0.6427
vn 0.6550 -0.0768 -0.7517
vn 0.6487 -0.1283 -0.7501
vn 0.8639 -0.0462 -0.5015
vn 0.8058 0.1746 -0.5659
vn 0.8270 -0.0438 -0.5605
vn 0.9199 0.0393 -0.3903
vn 0.9340 0.2959 -0.2001
vn 0.9597 0.0063 -0.2810
vn 0.8091 -0.0010 -0.5876
vn 0.7106 -0.2274 -0.6659
vn 0.0222 0.0934 0.9954
vn -0.0000 0.0938 0.9956
vn -0.0000 -0.0302 0.9995
vn 0.0202 -0.0404 0.9990
vn 0.1341 -0.9790 -0.1538
vn 0.1730 -0.9848 0.0151
vn 0.0326 -0.9990 0.0310
vn 0.3986 -0.8818 0.2520
vn 0.1643 0.0946 0.9819
vn 0.1567 -0.0459 0.9866
vn 0.1970 0.1177 0.9733
vn 0.0261 -0.0366 0.9990
vn 0.0006 -0.0360 0.9994
vn 0.9594 0.0504 0.2777
vn 0.7680 -0.1456 -0.6236
vn 0.3069 -0.0043 -0.9517
vn 0.3402 -0.0158 -0.9402
vn -0.0020 0.0332 -0.9994
vn -0.0030 0.0245 -0.9997
vn 0.2959 0.0422 -0.9543
vn -0.0080 0.0647 -0.9979
vn 0.5590 0.0149 -0.8290
vn 0.9993 0.0313 -0.0185
vn 0.6853 -0.4271 -0.5899
vn 0.8601 0.0222 -0.5097
vn 0.6940 -0.4036 -0.5963
vn 0.9313 0.1988 -0.3052
vn 0.8677 -0.4971 -0.0014
vn 0.8617 0.1641 0.4801
vn 0.6773 -0.2859 0.6778
vn 0.7749 -0.1322 0.6181
vn 0.6332 -0.5230 0.5706
vn 0.6041 -0.2879 0.7430
vn 0.1969 -0.2526 0.9473
vn 0.1676 -0.2697 0.9482
vn 0.0002 -0.2001 0.9798
vn 0.0365 -0.2150 0.9759
vn 0.0734 0.1028 0.9920
vn 0.0617 0.0957 0.9935
vn 0.3785 -0.0590 0.9237
vn 0.7373 -0.0525 0.6736
vn 0.9573 -0.0710 0.2804
vn 0.9972 -0.0741 -0.0110
vn 0.9658 -0.0485 -0.2547
vn 0.8385 0.0017 -0.5450
vn 0.5942 0.0647 -0.8017
vn 0.3080 0.1103 -0.9450
vn -0.0117 0.1272 -0.9918
vn 0.2915 0.1323 -0.9474
vn 0.3121 0.1193 -0.9425
vn -0.0108 0.1450 -0.9894
vn -0.0113 0.1865 -0.9824
vn 0.4930 -0.0525 -0.8684
vn 0.5880 0.0316 -0.8082
vn 0.6792 -0.3694 -0.6342
vn 0.8211 -0.1021 -0.5615
vn 0.8949 -0.3290 -0.3014
vn 0.9364 -0.2045 -0.2853
vn 0.9209 -0.3890 -0.0241
vn 0.9662 -0.2565 -0.0272
vn 0.7689 -0.4558 0.4483
vn 0.9195 -0.2339 0.3160
vn 0.6714 -0.2037 0.7126
vn 0.7221 -0.1408 0.6773
vn 0.4129 -0.1359 0.9006
vn 0.3946 -0.1235 0.9105
vn 0.1345 -0.0863 0.9871
vn 0.1102 -0.0291 0.9935
vn 0.2297 -0.1844 0.9556
vn 0.1691 -0.1633 0.9720
vn -0.0129 0.2444 -0.9696
vn 0.2604 0.1883 -0.9470
vn 0.3743 0.0225 -0.9271
vn 0.7292 -0.2595 -0.6331
vn 0.7138 -0.5790 -0.3940
vn 0.5162 -0.7619 -0.3912
vn 0.7550 -0.6283 0.1877
vn 0.4611 -0.8855 -0.0566
vn 0.6484 -0.4247 0.6319
vn 0.6134 -0.2391 0.7527
vn 0.3889 -0.1266 0.9125
vn 0.1029 -0.2354 0.9664
vn 0.1310 -0.1915 0.9727
vn 0.0089 -0.2087 0.9779
vn 0.0052 -0.2541 0.9672
vn 0.6456 -0.4744 0.5985
vn 0.3788 -0.0935 0.9207
vn 0.7737 -0.2028 0.6003
vn 0.3133 0.0399 0.9488
vn 0.1776 0.1615 0.9708
vn 0.6853 0.4318 0.5865
vn 0.8054 0.1311 0.5780
vn 0.4264 0.6534 0.6255
vn 0.0494 0.2957 0.9540
vn -0.0310 0.3460 0.9377
vn -0.0679 0.7763 0.6267
vn 0.3369 0.1932 -0.9215
vn 0.7633 0.1720 -0.6227
vn 0.2035 0.2500 -0.9466
vn -0.0134 0.2968 -0.9548
vn 0.9550 -0.0042 -0.2966
vn 0.9866 -0.1148 0.1160
vn 0.7710 -0.0985 0.6291
vn 0.6072 -0.1983 0.7694
vn -0.0121 0.4033 -0.9150
vn 0.0960 0.3278 -0.9399
vn 0.2401 0.1724 -0.9553
vn 0.6049 0.1276 -0.7860
vn 0.9367 0.1703 -0.3059
vn 0.9860 0.1259 0.1097
vn 0.8622 0.0053 0.5065
vn 0.6353 -0.0645 0.7696
vn -0.0084 0.6575 -0.7534
vn -0.0609 0.5814 -0.8114
vn -0.0040 0.9394 -0.3427
vn -0.3466 0.8410 -0.4155
vn -0.0004 0.9999 -0.0111
vn -0.4755 0.8789 -0.0378
vn -0.1067 0.1264 -0.9862
vn -0.6808 0.4165 -0.6026
vn -0.9253 0.3716 -0.0757
vn -0.4345 0.8740 0.2175
vn -0.4780 0.8775 -0.0380
vn -0.0001 0.9999 -0.0106
vn -0.0032 0.9820 0.1886
vn -0.2690 0.8243 0.4982
vn -0.0017 0.8758 0.4827
vn -0.0888 0.6283 0.7729
vn -0.0071 0.6653 0.7465
vn -0.9268 0.3678 -0.0755
vn -0.8446 0.4470 0.2947
vn -0.6362 0.5791 0.5098
vn -0.2455 0.4807 0.8418
vn 0.4236 -0.1127 -0.8988
vn 0.8960 -0.1261 -0.4258
vn 0.9962 -0.0785 0.0387
vn 0.9151 -0.0700 0.3971
vn 0.6439 -0.0351 0.7643
vn -0.3486 -0.1180 -0.9298
vn 0.2865 -0.2778 -0.9169
vn -0.8116 0.0223 -0.5838
vn -0.9869 0.0866 -0.1359
vn -0.9737 0.1149 0.1968
vn -0.9869 0.0873 -0.1357
vn -0.8331 0.2607 0.4879
vn -0.4234 0.3476 0.8366
vn 0.8278 -0.3234 -0.4585
vn 0.9708 -0.2397 0.0126
vn 0.9306 -0.1560 0.3311
vn 0.7133 -0.0688 0.6974
vn 0.2187 0.1292 0.9672
vn -0.4167 0.3542 0.8372
vn 0.2229 0.1227 0.9671
vn 0.3265 0.1416 0.9345
vn -0.4047 0.2807 0.8703
vn -0.8579 0.1769 0.4823
vn -0.8246 0.2832 0.4897
vn -0.9736 0.1165 0.1965
vn -0.9905 0.0683 0.1196
vn -0.9723 0.0408 -0.2300
vn -0.9869 0.0866 -0.1363
vn -0.8119 0.0223 -0.5834
vn -0.9869 0.0861 -0.1365
vn -0.9722 0.0412 -0.2303
vn -0.7686 0.0054 -0.6397
vn -0.3418 -0.1001 -0.9344
vn -0.3495 -0.1169 -0.9296
vn 0.2437 -0.2607 -0.9341
vn 0.2861 -0.2778 -0.9170
vn 0.8277 -0.3235 -0.4586
vn 0.7709 -0.3565 -0.5278
vn 0.9592 -0.2827 -0.0048
vn 0.9708 -0.2396 0.0126
vn 0.9303 -0.1556 0.3322
vn 0.9321 -0.1821 0.3130
vn 0.7814 -0.0677 0.6204
vn 0.7179 -0.0754 0.6920
vn 0.7098 -0.0792 0.6999
vn 0.7754 -0.0622 0.6283
vn 0.4052 0.2820 0.8696
vn 0.4353 0.1148 0.8929
vn -0.3948 0.0704 0.9161
vn -0.3265 0.1416 0.9345
vn -0.4333 0.1166 0.8937
vn -0.9045 0.0599 0.4223
vn -0.9996 0.0286 0.0030
vn -0.9300 0.0495 -0.3643
vn -0.9300 0.0496 -0.3643
vn -0.6880 0.0553 -0.7236
vn -0.3047 -0.0109 -0.9524
vn 0.1928 -0.1218 -0.9737
vn 0.7434 -0.2318 -0.6274
vn 0.9721 -0.2308 -0.0408
vn 0.9296 -0.1535 0.3349
vn 0.8017 -0.0487 0.5957
vn 0.7996 -0.0502 0.5984
vn 0.3948 0.0704 0.9161
vn -0.3249 0.1169 -0.9385
vn 0.1920 0.0800 -0.9781
vn 0.8072 -0.0043 -0.5903
vn 0.9954 -0.0756 0.0583
vn 0.9010 -0.0680 0.4285
vn 0.7359 -0.0273 0.6765
vn 0.2812 -0.0328 0.9591
vn -0.4161 -0.0531 0.9078
vn -0.8725 -0.0322 0.4875
vn -0.9990 0.0056 0.0443
vn -0.9337 0.0599 -0.3531
vn -0.9336 0.0600 -0.3532
vn -0.6919 0.1109 -0.7134
vn -0.9123 -0.0515 -0.4062
vn -0.5470 -0.1216 -0.8282
vn -0.5540 0.0745 -0.8292
vn -0.9172 0.0069 -0.3984
vn -0.0592 -0.1775 -0.9823
vn -0.0758 0.1605 -0.9841
vn 0.3866 -0.2302 -0.8931
vn 0.3690 0.2178 -0.9035
vn 0.8285 -0.1950 -0.5250
vn 0.8229 0.2034 -0.5305
vn 0.9869 -0.1308 -0.0944
vn 0.9911 0.1143 -0.0686
vn 0.9631 -0.0573 0.2629
vn 0.9618 0.0120 0.2735
vn 0.7121 0.0496 0.7003
vn 0.7168 -0.0728 0.6934
vn 0.7118 0.0492 0.7007
vn 0.1307 0.1336 0.9824
vn 0.1470 -0.1073 0.9833
vn 0.7168 -0.0727 0.6935
vn -0.4738 0.1412 0.8692
vn -0.4753 -0.0869 0.8755
vn -0.8618 0.0864 0.4998
vn -0.8643 -0.0559 0.4998
vn -0.9982 0.0167 0.0573
vn -0.9974 -0.0292 0.0656
vn -0.9122 -0.0496 -0.4067
vn -0.9173 0.0073 -0.3982
vn 0.2880 0.4057 -0.8674
vn 0.7973 0.3800 -0.4690
vn 0.8243 0.2419 -0.5118
vn 0.2282 0.2917 -0.9289
vn 0.9742 0.2209 0.0458
vn 0.9892 0.1038 0.1033
vn 0.9201 0.0424 0.3895
vn 0.8854 -0.0001 0.4649
vn 0.6778 -0.1216 0.7251
vn 0.6762 -0.0685 0.7335
vn 0.6777 -0.1217 0.7252
vn 0.1632 -0.2144 0.9630
vn 0.2055 -0.1348 0.9693
vn 0.6762 -0.0685 0.7336
vn -0.4399 -0.1968 0.8762
vn -0.4121 -0.1475 0.8991
vn -0.8518 -0.1162 0.5109
vn -0.8524 -0.0903 0.5151
vn -0.9959 -0.0394 0.0809
vn -0.9970 -0.0182 0.0751
vn -0.9330 0.0460 -0.3570
vn -0.9390 0.0605 -0.3386
vn -0.9329 0.0460 -0.3571
vn -0.6289 0.1735 -0.7579
vn -0.6815 0.1558 -0.7150
vn -0.1990 0.3109 -0.9294
vn -0.2980 0.2398 -0.9240
vn -0.1347 -0.4593 -0.8780
vn 0.4264 -0.5561 -0.7134
vn 0.7983 -0.4596 -0.3891
vn 0.9621 -0.2092 0.1750
vn 0.9243 -0.0197 0.3812
vn 0.6177 0.1369 0.7744
vn 0.6165 0.1361 0.7755
vn 0.0563 0.2554 0.9652
vn -0.4754 0.2962 0.8284
vn -0.8377 0.2418 0.4897
vn -0.9912 0.1001 0.0868
vn -0.9488 -0.1053 -0.2977
vn -0.9516 -0.1078 -0.2878
vn -0.6233 -0.3389 -0.7048
vn -0.1309 -0.6873 -0.7145
vn 0.4444 -0.6030 -0.6625
vn -0.0446 -0.7504 -0.6594
vn -0.0018 -0.3363 -0.9417
vn 0.5293 -0.3526 -0.7717
vn 0.5667 -0.6010 -0.5636
vn 0.0842 0.2110 -0.9739
vn 0.6587 0.1235 -0.7422
vn 0.0842 0.2110 -0.9738
vn 0.1504 0.7366 -0.6594
vn 0.5770 0.5940 -0.5606
vn -0.4919 0.1705 -0.8538
vn -0.3567 0.6244 -0.6949
vn -0.4653 -0.3003 -0.8327
vn -0.4919 0.1704 -0.8538
vn -0.6461 -0.4120 -0.6424
vn -0.3805 -0.3976 -0.8349
vn -0.8357 0.2243 -0.5013
vn -0.7955 0.1458 -0.5882
vn 0.8850 0.0784 -0.4589
vn 0.8866 -0.0100 -0.4624
vn 0.8853 0.0772 -0.4586
vn 0.6626 0.6815 -0.3105
vn 0.3688 0.8531 -0.3691
vn 0.8882 -0.0108 -0.4594
vn 0.1543 0.9545 -0.2551
vn 0.0763 0.9902 -0.1171
vn -0.4480 0.8018 -0.3955
vn -0.1011 0.9538 -0.2831
vn -0.7940 0.1503 -0.5891
vn -0.8340 0.2254 -0.5036
vn -0.2910 -0.5249 -0.7999
vn -0.7095 -0.5167 -0.4792
vn -0.7873 -0.4976 -0.3642
vn -0.7357 -0.2778 -0.6177
vn -0.4421 -0.1868 -0.8773
vn -0.3114 -0.5214 -0.7945
vn -0.8706 0.0934 -0.4831
vn -0.5228 0.1948 -0.8299
vn -0.8706 0.0939 -0.4829
vn -0.7780 0.4877 -0.3960
vn -0.4539 0.6456 -0.6141
vn -0.5225 0.1951 -0.8300
vn -0.0742 0.6555 -0.7515
vn -0.0693 0.2434 -0.9674
vn -0.0695 0.2433 -0.9675
vn -0.0723 -0.1411 -0.9874
vn 0.0277 -0.2346 -0.9717
vn 0.2086 0.3133 -0.9265
vn 0.1508 0.7923 -0.5913
vn 0.2083 0.3127 -0.9267
vn -0.2313 0.9496 -0.2118
vn -0.1550 0.9878 -0.0179
vn -0.7986 0.6017 -0.0129
vn -0.7022 0.7021 0.1186
vn -0.9967 -0.0665 -0.0475
vn -0.9996 -0.0266 -0.0123
vn -0.9995 -0.0292 -0.0077
vn -0.9966 -0.0663 -0.0481
vn 0.1829 0.1839 -0.9658
vn 0.1801 0.1863 -0.9659
vn 0.3884 -0.0810 -0.9179
vn 0.5880 -0.5282 -0.6126
vn 0.8120 -0.5771 -0.0872
vn 0.6254 -0.5627 -0.5406
vn 0.8309 -0.3297 -0.4482
vn 0.9482 -0.3107 0.0655
vn 0.8352 -0.5470 0.0565
vn 0.8309 -0.3315 -0.4469
vn 0.8452 0.2804 -0.4549
vn 0.9736 0.1705 0.1519
vn 0.9475 -0.3125 0.0685
vn 0.4584 0.8569 -0.2357
vn 0.7390 0.6696 0.0746
vn 0.4225 0.4015 -0.8126
vn 0.2484 0.7879 -0.5635
vn 0.5048 -0.1348 -0.8527
vn 0.3756 -0.0650 -0.9245
vn 0.5041 -0.1365 -0.8528
vn 0.3754 -0.0632 -0.9247
vn 0.1849 0.5561 -0.8103
vn 0.0896 0.9198 -0.3819
vn 0.1846 0.9808 -0.0630
vn 0.6448 0.6837 0.3417
vn 0.6437 0.6854 0.3403
vn 0.8883 -0.0057 0.4592
vn 0.9736 0.1720 0.1502
vn 0.7387 0.6701 0.0726
vn 0.8833 -0.2084 0.4199
vn 0.6140 0.6157 0.4940
vn 0.1278 0.9891 0.0729
vn 0.6159 0.6124 0.4956
vn 0.0760 0.9833 -0.1656
vn 0.3908 -0.0790 -0.9171
vn 0.7052 0.5425 0.4564
vn 0.1388 0.9787 0.1515
vn 0.7055 0.5418 0.4569
vn -0.0171 0.9994 -0.0304
vn -0.7611 0.4764 0.4403
vn -0.9389 0.3098 0.1497
vn -0.0276 0.5133 0.8578
vn -0.4333 0.5329 0.7268
vn 0.6960 0.4863 0.5282
vn 0.4927 0.3573 0.7935
vn 0.4918 0.3567 0.7943
vn -0.9994 -0.0229 -0.0253
vn 0.1204 0.8901 0.4396
vn 0.6927 0.4889 0.5303
vn -0.2620 0.8865 0.3814
vn -0.4588 0.8590 0.2273
vn -0.7498 0.6438 0.1525
vn -0.9416 0.3004 0.1522
vn -0.0275 0.5158 0.8563
vn 0.4914 0.3613 0.7925
vn -0.4320 0.5319 0.7283
vn -0.7655 0.4690 0.4406
vn 0.3064 -0.1758 -0.9355
vn 0.3017 -0.3211 -0.8977
vn -0.0000 -0.3034 -0.9529
vn -0.0000 -0.1113 -0.9938
vn 0.3037 -0.2026 -0.9310
vn 0.2822 -0.3179 -0.9051
vn 0.4419 -0.1911 -0.8765
vn 0.2743 -0.3694 -0.8879
vn 0.5979 -0.2894 -0.7475
vn 0.4488 -0.4376 -0.7792
vn 0.6042 -0.3942 -0.6925
vn 0.5305 -0.4208 -0.7359
vn 0.5658 -0.3363 -0.7529
vn 0.5885 -0.2284 -0.7755
vn 0.5586 -0.4641 -0.6875
vn 0.7129 0.1530 -0.6844
vn 0.3069 -0.8690 -0.3881
vn 0.8407 0.0228 -0.5410
vn 0.2906 -0.9550 -0.0585
vn 0.8361 -0.4809 -0.2639
vn 0.2468 -0.7627 0.5979
vn 0.1177 -0.9671 0.2257
vn 0.4181 -0.6955 0.5843
vn 0.4543 -0.6848 0.5698
vn 0.3571 -0.6759 0.6447
vn 0.5670 -0.4829 0.6673
vn 0.2391 -0.5254 0.8166
vn 0.4710 -0.3802 0.7960
vn 0.2383 -0.3997 0.8851
vn 0.3884 -0.2639 0.8829
vn 0.0869 -0.2674 0.9597
vn 0.0022 -0.2520 0.9677
vn 0.0055 -0.1140 0.9935
vn 0.1663 -0.1317 0.9772
vn -0.0000 -0.2899 -0.9570
vn 0.4006 -0.3488 -0.8472
vn -0.0000 -0.2569 -0.9664
vn 0.5051 -0.4036 -0.7629
vn -0.0000 -0.4242 -0.9056
vn 0.5066 -0.2522 -0.8245
vn -0.0000 -0.4132 -0.9107
vn 0.4336 0.4002 -0.8074
vn -0.0000 0.4112 -0.9116
vn 0.3607 0.1495 0.9206
vn 0.3167 0.4466 0.8368
vn 0.3969 0.4993 0.7702
vn 0.4716 0.1492 0.8691
vn 0.6156 0.1740 0.7686
vn 0.5005 0.6046 0.6197
vn 0.5842 0.7208 0.3730
vn 0.7512 0.1363 0.6458
vn 0.2721 -0.1442 0.9514
vn 0.4317 -0.6671 0.6072
vn 0.6656 0.6518 -0.3635
vn 0.4819 0.8185 -0.3130
vn 0.3713 0.8392 -0.3974
vn 0.4413 0.7708 -0.4595
vn 0.7733 0.6328 -0.0388
vn 0.5963 0.8018 -0.0402
vn 0.5037 0.8416 -0.1947
vn 0.6945 0.6831 -0.2257
vn 0.6493 0.7468 0.1438
vn 0.8768 -0.1505 0.4566
vn 0.2237 0.8771 -0.4249
vn 0.2121 0.8585 -0.4669
vn 0.8774 -0.1479 0.4563
vn 0.7732 0.6329 -0.0392
vn 0.6940 0.6837 -0.2255
vn 0.6652 0.6524 -0.3633
vn 0.4717 0.1491 0.8691
vn 0.6156 0.1764 0.7681
vn 0.4413 0.7707 -0.4596
vn 0.7508 0.1393 0.6457
vn 0.2190 0.1628 0.9620
vn 0.1962 0.4197 0.8862
vn -0.0000 0.8940 -0.4480
vn 0.2894 -0.1820 0.9398
vn 0.3607 0.1493 0.9207
vn 0.3214 0.7253 -0.6088
vn -0.0000 0.7501 -0.6613
vn -0.0000 0.9002 -0.4355
vn 0.4839 0.6908 -0.5373
vn 0.3214 0.7252 -0.6089
vn 0.4063 0.4943 -0.7685
vn -0.0000 0.5237 -0.8519
vn -0.0000 0.7500 -0.6614
vn 0.4839 0.6907 -0.5374
vn 0.6065 0.4275 -0.6703
vn 0.4500 0.1979 -0.8708
vn -0.0001 0.2024 -0.9793
vn 0.6613 0.1472 -0.7355
vn 0.4299 -0.2826 -0.8575
vn -0.0001 -0.3458 -0.9383
vn 0.6283 -0.1490 -0.7636
vn 0.6382 0.4253 -0.6417
vn 0.6363 0.4595 -0.6197
vn 0.6999 0.1732 -0.6929
vn 0.6724 0.1695 -0.7205
vn 0.6999 0.0204 -0.7140
vn 0.6497 -0.0304 -0.7596
vn 0.5252 0.7186 -0.4558
vn 0.4801 0.8041 -0.3507
vn 0.6717 -0.1930 -0.7152
vn 0.6048 -0.1656 -0.7790
vn 0.3687 -0.4276 -0.8253
vn -0.0010 -0.5318 -0.8469
vn 0.5454 -0.2481 -0.8006
vn 0.4120 0.8943 -0.1744
vn 0.5244 0.8329 0.1771
vn 0.8828 0.4673 0.0491
vn 0.6873 0.5075 -0.5197
vn 0.9899 0.1417 0.0068
vn 0.7817 0.1421 -0.6072
vn 0.8033 -0.1080 -0.5856
vn 0.9663 -0.2461 0.0760
vn 0.8365 -0.5408 -0.0888
vn 0.7624 -0.3705 -0.5305
vn 0.5252 0.7186 -0.4557
vn 0.4800 0.8041 -0.3507
vn 0.4120 0.8944 -0.1743
vn 0.9412 0.1510 0.3023
vn 0.9614 -0.1761 0.2116
vn 0.6005 0.7268 0.3332
vn 0.7257 0.6144 0.3096
vn 0.8827 0.4673 0.0491
vn 0.9287 -0.3551 0.1067
vn 0.8365 -0.5407 -0.0887
vn -0.8766 -0.1511 0.4568
vn -0.7706 0.6362 -0.0380
vn -0.5965 0.8016 -0.0403
vn -0.6496 0.7464 0.1443
vn 0.2190 0.1627 0.9621
vn 0.0877 -0.2381 0.9673
vn 0.1655 -0.3164 0.9341
vn 0.1943 -0.7585 0.6220
vn 0.0600 -0.1962 0.9787
vn 0.0347 -0.1028 0.9941
vn 0.0608 -0.0447 0.9971
vn 0.0897 0.0300 0.9955
vn 0.9571 0.2531 0.1412
vn 0.9491 -0.0637 0.3084
vn 0.5098 0.6826 0.5235
vn 0.6603 0.5967 0.4560
vn 0.9478 -0.0383 0.3166
vn 0.3555 0.6160 0.7029
vn 0.4422 0.5352 0.7197
vn 0.6637 0.0959 0.7418
vn 0.6693 -0.0271 0.7425
vn 0.6117 0.2997 0.7322
vn 0.2516 0.5598 0.7895
vn 0.2506 0.5038 0.8267
vn 0.3552 0.1488 0.9229
vn 0.3812 -0.0505 0.9231
vn 0.3102 0.3333 0.8903
vn 0.0028 0.4097 0.9122
vn -0.0005 0.4852 0.8744
vn 0.1408 0.5104 0.8483
vn 0.1074 0.2977 0.9486
vn -0.0039 0.2762 0.9611
vn -0.0044 0.1095 0.9940
vn 0.1137 0.1253 0.9856
vn -0.0029 0.4189 0.9080
vn 0.1070 0.4500 0.8866
vn -0.0034 -0.0583 0.9983
vn 0.1205 -0.0551 0.9912
vn 0.8647 0.4908 -0.1067
vn 0.7200 0.6824 -0.1263
vn 0.6265 0.5327 -0.5690
vn 0.8388 0.3557 -0.4122
vn 0.9966 -0.0068 -0.0819
vn 0.9605 -0.0643 -0.2709
vn 0.8647 0.4908 -0.1066
vn 0.8022 0.3769 0.4631
vn 0.5960 0.5495 0.5856
vn 0.7200 0.6824 -0.1262
vn 0.5597 0.0556 0.8268
vn 0.3778 0.2084 0.9021
vn 0.1799 -0.2947 0.9385
vn 0.0506 -0.1776 0.9828
vn -0.2561 -0.6672 0.6995
vn -0.4002 -0.5405 0.7400
vn -0.5878 -0.7860 0.1915
vn -0.7148 -0.6762 0.1784
vn 0.9384 0.0178 0.3450
vn 0.5976 -0.1672 0.7842
vn 0.1297 -0.3025 0.9443
vn 0.3382 -0.2851 0.8969
vn 0.1205 -0.5709 0.8122
vn 0.2221 -0.5499 0.8052
vn 0.0704 -0.8088 0.5838
vn 0.0728 -0.8104 0.5814
vn -0.0165 -0.9726 0.2319
vn -0.0324 -0.9700 0.2409
vn -0.1330 -0.9851 0.1091
vn -0.2641 -0.9644 -0.0118
vn 0.0272 -0.9885 0.1489
vn 0.2848 -0.4510 0.8459
vn 0.0134 -0.7502 0.6610
vn 0.8348 0.0801 -0.5446
vn 0.8811 -0.0353 -0.4715
vn 0.8516 -0.1285 -0.5083
vn 0.7301 -0.0932 -0.6770
vn 0.7043 -0.1568 -0.6924
vn 0.8663 -0.2117 -0.4524
vn 0.6149 -0.0657 -0.7858
vn 0.6070 -0.1099 -0.7871
vn 0.4651 -0.0749 -0.8821
vn 0.4972 -0.1266 -0.8583
vn 0.2474 -0.1179 -0.9617
vn 0.3032 -0.2097 -0.9296
vn -0.0111 -0.1531 -0.9882
vn -0.0026 -0.2703 -0.9628
vn 0.7624 -0.3705 -0.5304
vn 0.8663 -0.2118 -0.4524
vn 0.8516 -0.1285 -0.5082
vn 0.8812 -0.0353 -0.4715
vn 0.5089 0.0958 -0.8555
vn 0.4379 -0.0850 -0.8950
vn 0.7346 -0.2804 -0.6179
vn 0.7144 -0.1197 -0.6894
vn 0.1456 -0.3324 -0.9318
vn 0.4299 -0.7918 -0.4338
vn 0.6540 0.1374 -0.7439
vn 0.7913 -0.0656 -0.6079
vn 0.9385 0.0178 0.3449
vn 0.0134 -0.7502 0.6611
vn -0.2010 -0.9407 0.2731
vn 0.7698 0.2847 -0.5713
vn 0.8643 0.1301 -0.4858
vn 0.6355 0.2713 -0.7229
vn 0.6493 0.3556 -0.6722
vn 0.6076 -0.0773 -0.7905
vn 0.4568 -0.1348 -0.8793
vn 0.2508 -0.2186 -0.9430
vn 0.6958 0.2087 -0.6872
vn -0.3952 -0.6608 -0.6381
vn -0.4054 -0.5344 -0.7416
vn -0.6204 -0.7423 -0.2530
vn -0.1729 -0.9848 0.0131
vn -0.7065 -0.6372 -0.3081
vn -0.2010 -0.9407 0.2732
vn -0.1729 -0.9849 0.0131
vn -0.2010 -0.9408 0.2731
vn -0.6342 -0.7366 0.2351
vn -0.3121 -0.5667 0.7625
vn 0.9378 0.0393 -0.3449
vn 0.8694 0.1498 -0.4708
vn 0.5931 -0.2603 -0.7619
vn 0.3535 -0.1398 -0.9249
vn 0.0840 -0.2165 0.9727
vn 0.3481 0.1645 0.9229
vn -0.3059 -0.5210 -0.7969
vn -0.6512 -0.6944 -0.3062
vn 0.6417 0.4895 0.5904
vn 0.8726 0.4186 -0.2516
vn 0.7196 0.1386 -0.6804
vn 0.6453 -0.1605 -0.7469
vn 0.9689 0.0666 -0.2383
vn 0.8319 -0.1747 -0.5267
vn 0.7444 -0.1170 -0.6574
vn 0.4419 -0.0806 -0.8934
vn 0.1799 -0.1480 -0.9725
vn 0.6231 -0.0710 -0.7789
vn -0.0488 -0.2245 -0.9733
vn 0.4749 -0.0529 -0.8784
vn 0.1250 -0.1757 -0.9765
vn 0.8163 0.0207 -0.5772
vn 0.6329 0.0647 -0.7715
vn -0.0784 -0.2949 -0.9523
vn -0.0488 -0.2245 -0.9732
vn 0.8319 -0.1747 -0.5266
vn 0.8367 -0.2193 -0.5019
vn 0.7914 -0.0656 -0.6078
vn 0.7145 -0.1198 -0.6893
vn 0.7357 -0.0480 -0.6756
vn 0.5992 0.3267 -0.7309
vn 0.4284 0.0923 -0.8989
vn 0.4502 0.0006 -0.8930
vn 0.3534 0.0256 0.9351
vn 0.4154 -0.1123 0.9027
vn 0.6595 0.1636 0.7337
vn 0.6345 0.3490 0.6897
vn 0.8572 -0.1414 -0.4952
vn 0.5255 0.3409 -0.7795
vn 0.1540 -0.2906 0.9444
vn 0.2385 -0.3394 0.9099
vn 0.9260 0.0348 -0.3759
vn 0.4661 0.2591 -0.8459
vn -0.2062 -0.5925 0.7787
vn -0.1010 -0.5815 0.8072
vn 0.7250 0.0272 -0.6882
vn 0.3801 0.1922 -0.9047
vn -0.5719 -0.7674 0.2897
vn -0.5200 -0.7728 0.3639
vn -0.6139 -0.7255 -0.3112
vn -0.5885 -0.7453 -0.3133
vn -0.2270 -0.4943 -0.8391
vn -0.1521 -0.4383 -0.8859
vn 0.6293 -0.0486 -0.7756
vn 0.4301 0.1305 -0.8933
vn 0.9203 0.3433 -0.1877
vn 0.9362 0.3317 -0.1163
vn 0.9203 0.3433 -0.1878
vn 0.8751 -0.0730 -0.4784
vn 0.9977 -0.0676 -0.0094
vn 0.8473 -0.5090 -0.1515
vn 0.3203 0.0627 -0.9452
vn -0.1830 -0.4600 -0.8689
vn 0.2260 -0.1197 -0.9667
vn -0.1763 -0.6257 -0.7599
vn 0.4478 -0.0764 -0.8909
vn 0.3507 -0.8288 -0.4361
vn 0.6972 0.0721 -0.7133
vn 0.8678 -0.4934 -0.0591
vn 0.7358 0.2345 -0.6353
vn 0.9861 -0.1245 0.1097
vn 0.5221 0.3393 -0.7825
vn 0.9996 0.0170 0.0218
vn 0.4087 0.2557 -0.8761
vn 0.9808 0.0801 -0.1777
vn 0.4039 0.2352 -0.8841
vn 0.9345 0.2301 -0.2716
vn 0.3993 0.4006 -0.8247
vn 0.4553 0.3368 -0.8242
vn 0.7983 0.0425 0.6007
vn 0.9345 0.2302 -0.2716
vn 0.9808 0.0801 -0.1778
vn 0.7020 -0.1417 0.6979
vn 0.5285 -0.3135 0.7889
vn 0.5943 -0.3631 0.7176
vn 0.3320 -0.6511 0.6825
vn 0.8678 -0.4934 -0.0592
vn -0.5643 -0.7688 -0.3007
vn -0.4508 -0.8654 -0.2189
vn -0.0886 -0.9393 0.3315
vn -0.4684 -0.7864 0.4026
vn 0.0391 -0.5392 0.8412
vn 0.7666 0.5587 -0.3164
vn 0.9050 0.3248 -0.2747
vn 0.5618 0.2887 -0.7753
vn 0.4003 0.5595 -0.7257
vn -0.2042 -0.0004 -0.9789
vn -0.1960 0.0325 -0.9801
vn -0.2978 -0.5770 -0.7605
vn 0.0516 -0.2195 -0.9742
vn 0.8657 0.0034 -0.5005
vn 0.5017 0.2341 -0.8327
vn 0.9794 0.0237 -0.2004
vn 0.9595 -0.2678 -0.0868
vn 0.7346 -0.2804 -0.6178
vn 0.6760 -0.6976 0.2376
vn 0.7882 -0.0924 -0.6085
vn 0.2681 0.0620 -0.9614
vn -0.2762 -0.2052 -0.9389
vn -0.4233 -0.7497 -0.5087
vn 0.6165 0.0211 -0.7870
vn 0.9651 0.1277 -0.2285
vn 0.4299 -0.7918 -0.4339
vn -0.4155 -0.8805 -0.2283
vn -0.3916 -0.8803 -0.2676
vn -0.3580 -0.8605 -0.3624
vn -0.4232 -0.7498 -0.5086
vn 0.2160 -0.8996 0.3797
vn 0.0004 -0.9804 0.1970
vn 0.0001 -0.9624 0.2715
vn -0.0125 -0.9980 0.0617
vn -0.1571 -0.9784 -0.1343
vn -0.0000 -0.7996 0.6006
vn 0.0002 -0.9624 0.2716
vn -0.0000 -0.5570 0.8305
vn -0.0013 -0.2941 0.9558
vn 0.0012 -0.1060 0.9944
vn 0.0026 -0.2072 0.9783
vn 0.0138 -0.7808 0.6246
vn -0.0000 0.8941 -0.4479
vn 0.0059 0.1697 0.9855
vn 0.0832 -0.9613 0.2627
vn 0.8094 0.1305 0.5725
vn 0.9737 -0.0683 -0.2172
vn 0.8989 -0.4226 -0.1160
vn 0.7634 -0.1804 0.6202
vn 0.9769 -0.0946 -0.1919
vn 0.8865 -0.4502 -0.1069
vn 0.9739 -0.0523 -0.2208
vn 0.8909 -0.4105 -0.1946
vn 0.9756 0.0644 -0.2097
vn 0.9109 -0.2617 -0.3191
vn 0.9765 0.0844 -0.1983
vn 0.9117 -0.2135 -0.3510
vn 0.9785 0.0909 -0.1852
vn 0.8976 -0.2405 -0.3694
vn 0.9901 0.1013 -0.0970
vn 0.8901 -0.2210 -0.3985
vn 0.9967 0.0754 0.0287
vn 0.9215 -0.0068 -0.3884
vn 0.9978 0.0198 0.0633
vn 0.9249 0.0871 -0.3702
vn 0.9938 -0.0719 0.0853
vn 0.9347 0.0101 -0.3553
vn 0.9625 -0.2535 0.0971
vn 0.9316 -0.0813 -0.3543
vn 0.9020 -0.4314 -0.0166
vn 0.9302 -0.1021 -0.3526
vn 0.8732 -0.4764 -0.1031
vn 0.9443 -0.1419 -0.2970
vn 0.6719 -0.7398 -0.0341
vn 0.6260 -0.4136 0.6612
vn 0.6605 -0.7500 -0.0361
vn 0.6827 -0.7183 -0.1337
vn 0.7232 -0.5515 -0.4158
vn 0.7443 -0.4519 -0.4918
vn 0.7497 -0.4791 -0.4565
vn 0.6867 -0.5372 -0.4897
vn 0.7567 -0.0965 -0.6466
vn 0.7390 0.1458 -0.6577
vn 0.7564 0.0400 -0.6529
vn 0.7640 0.0017 -0.6452
vn 0.8109 0.1483 -0.5661
vn 0.8769 0.2070 -0.4338
vn 0.9288 -0.2784 -0.2446
vn 0.9038 0.0919 -0.4181
vn 0.3317 0.5682 -0.7531
vn 0.3062 0.4590 -0.8340
vn -0.0013 0.5099 -0.8602
vn -0.0100 0.5942 -0.8043
vn 0.0017 0.9076 0.4198
vn -0.0032 0.8702 -0.4927
vn 0.5228 0.7241 -0.4498
vn 0.4973 0.7505 0.4352
vn -0.0017 0.8985 -0.4390
vn 0.5225 0.7474 -0.4102
vn 0.0066 0.9763 -0.2163
vn 0.5338 0.8110 -0.2396
vn -0.0073 0.9928 0.1199
vn 0.5304 0.8466 0.0440
vn -0.0099 0.9383 0.3458
vn 0.5413 0.8075 0.2346
vn -0.0136 0.8494 0.5276
vn 0.5208 0.7587 0.3914
vn -0.0152 0.6430 0.7657
vn 0.4874 0.6140 0.6209
vn -0.0258 0.3093 0.9506
vn 0.4821 0.3064 0.8208
vn -0.0160 -0.0126 0.9998
vn 0.5342 0.0002 0.8454
vn -0.0101 -0.3232 0.9463
vn 0.5756 -0.2842 0.7667
vn 0.0346 -0.5402 0.8408
vn 0.5453 -0.5008 0.6722
vn 0.0906 -0.6685 0.7382
vn 0.4354 -0.7229 0.5365
vn 0.1272 -0.8628 0.4892
vn 0.4612 -0.8273 0.3208
vn 0.0508 -0.9468 0.3178
vn 0.4591 -0.8602 0.2221
vn 0.8454 -0.5232 -0.1076
vn 0.7113 0.4875 0.5064
vn 0.8722 0.3488 -0.3429
vn 0.8956 0.3263 -0.3025
vn 0.8953 0.3813 -0.2302
vn 0.8868 0.4554 -0.0785
vn 0.8927 0.4504 0.0144
vn 0.8800 0.4634 0.1039
vn 0.8554 0.4194 0.3039
vn 0.8489 0.2065 0.4865
vn 0.8715 0.0009 0.4904
vn 0.8556 -0.1895 0.4818
vn 0.7668 -0.4280 0.4784
vn 0.6857 -0.6575 0.3125
vn 0.7047 -0.6990 0.1217
vn 0.7244 -0.6878 0.0480
vn 0.3889 -0.9212 0.0116
vn 0.4133 -0.5866 0.6965
vn 0.3852 -0.9228 0.0088
vn 0.4140 -0.9077 -0.0690
vn 0.4776 -0.7526 -0.4532
vn 0.5112 -0.5953 -0.6200
vn 0.5576 -0.6418 -0.5264
vn 0.3392 -0.9313 -0.1326
vn 0.6475 -0.4272 -0.6310
vn 0.5463 0.1901 -0.8157
vn 0.5726 0.0278 -0.8193
vn 0.5606 0.1044 -0.8215
vn 0.6262 0.3377 -0.7027
vn 0.6848 0.4625 -0.5631
vn 0.6637 0.4375 -0.6067
vn 0.6233 0.3505 -0.6990
vn 0.1512 -0.9881 0.0279
vn 0.1870 -0.6660 0.7222
vn 0.1590 -0.9869 0.0270
vn 0.1798 -0.9821 -0.0555
vn 0.2476 -0.8409 -0.4812
vn 0.2728 -0.6623 -0.6978
vn 0.3006 -0.7484 -0.5912
vn 0.1117 -0.9413 0.3185
vn 0.9001 -0.4022 0.1674
vn 0.3073 0.2100 -0.9281
vn 0.3316 0.0144 -0.9433
vn 0.3436 0.2010 -0.9174
vn 0.3639 0.5215 -0.7718
vn 0.3820 0.6119 -0.6926
vn -0.0173 -0.9913 0.1302
vn 0.4041 -0.9073 0.1161
vn 0.0024 -0.9996 0.0293
vn 0.0080 -0.6820 0.7314
vn 0.0115 -0.9993 0.0366
vn -0.0336 -0.9958 -0.0852
vn 0.0016 -0.8612 -0.5083
vn 0.0216 -0.6889 -0.7245
vn 0.0001 -0.7897 -0.6135
vn -0.0126 -0.8897 0.4564
vn 0.2773 0.9595 0.0497
vn 0.0154 0.1971 -0.9803
vn -0.0041 0.0232 -0.9997
vn -0.0423 0.2470 -0.9681
vn -0.0780 0.5999 -0.7963
vn -0.0694 0.6666 -0.7421
vn 0.8129 -0.0031 -0.5824
vn 0.5169 0.1099 -0.8490
vn -0.0300 -0.9925 -0.1185
vn 0.5424 -0.8389 -0.0446
vn 0.0376 0.1727 -0.9843
vn 0.4868 -0.3154 -0.8146
vn -0.2814 -0.4146 -0.8654
vn -0.1144 -0.9691 -0.2187
vn 0.6521 -0.7372 -0.1768
vn 0.8653 -0.3722 -0.3359
vn -0.4306 -0.7658 -0.4776
vn 0.4079 -0.8183 -0.4050
vn -0.6371 0.6977 0.3276
vn -0.7613 0.4943 -0.4196
vn -0.4286 0.5839 -0.6894
vn -0.5370 0.6301 -0.5608
vn -0.3937 0.1579 -0.9056
vn -0.3875 0.1077 -0.9155
vn -0.4721 -0.4142 -0.7782
vn -0.4089 -0.3942 -0.8230
vn -0.4089 -0.3943 -0.8230
vn -0.4721 -0.4143 -0.7781
vn -0.5051 -0.8131 -0.2894
vn -0.5362 -0.8034 -0.2588
vn -0.4712 -0.7346 0.4881
vn -0.5286 -0.6907 0.4935
vn -0.5230 -0.3818 0.7621
vn -0.4643 -0.2441 0.8514
vn -0.8040 -0.3403 0.4876
vn -0.5144 0.2476 0.8210
vn -0.5144 0.2477 0.8210
vn -0.8040 -0.3402 0.4876
vn -0.7986 0.5760 0.1743
vn -0.7083 0.4457 -0.5475
vn -0.5533 0.0692 -0.8301
vn -0.5480 -0.3624 -0.7539
vn -0.5480 -0.3625 -0.7538
vn -0.6479 -0.7058 -0.2864
vn -0.6835 -0.6269 0.3739
vn -0.6121 -0.1830 0.7693
vn -0.6522 0.2608 0.7118
vn -0.6522 0.2609 0.7118
vn -0.7443 0.0433 -0.6664
vn -0.8885 0.2147 -0.4056
vn -0.8104 -0.2382 -0.5353
vn -0.9807 -0.0823 -0.1773
vn -0.9807 -0.0824 -0.1773
vn -0.8104 -0.2383 -0.5353
vn -0.8115 -0.5194 -0.2677
vn -0.8974 -0.4224 0.1274
vn -0.8709 -0.1813 0.4569
vn -0.9517 0.0998 0.2905
vn -0.9517 0.0999 0.2905
vn -0.9469 0.3216 -0.0017
vn -0.8898 -0.4516 -0.0655
vn -0.8460 -0.0398 -0.5317
vn -0.4294 0.6282 -0.6488
vn -0.3791 0.6735 -0.6346
vn 0.0875 0.9577 -0.2742
vn -0.2753 0.8761 -0.3957
vn 0.2828 0.8673 0.4097
vn 0.0628 0.7219 0.6891
vn 0.2828 0.8673 0.4098
vn 0.1313 0.2881 0.9486
vn 0.1612 0.2296 0.9598
vn -0.2524 -0.1977 0.9472
vn -0.1408 -0.2549 0.9567
vn -0.6891 -0.4767 0.5458
vn -0.5546 -0.4848 0.6763
vn -0.4945 0.8638 0.0966
vn -0.4610 0.7231 0.5143
vn -0.0417 0.8582 0.5116
vn -0.1804 0.9714 -0.1545
vn -0.4610 0.7231 0.5144
vn -0.4170 0.4348 0.7981
vn -0.1485 0.3658 0.9188
vn -0.5985 0.2016 0.7753
vn -0.3746 -0.0216 0.9270
vn -0.7804 0.0231 0.6248
vn -0.7424 -0.2107 0.6359
vn -0.9380 0.1466 0.3140
vn -0.9797 -0.1698 0.1067
vn -0.9443 0.3276 -0.0322
vn -0.9271 0.1679 -0.3350
vn -0.9797 -0.1697 0.1066
vn -0.7678 0.6392 -0.0433
vn -0.5644 0.6697 -0.4826
vn -0.7766 0.4482 0.4428
vn -0.7766 0.4481 0.4429
vn -0.5958 0.5173 0.6143
vn -0.6987 0.4352 0.5679
vn -0.8614 0.5039 -0.0639
vn -0.7728 0.6277 -0.0933
vn -0.5798 0.5849 -0.5672
vn -0.4483 0.5832 -0.6774
vn -0.1610 0.7524 -0.6388
vn 0.0057 0.6624 -0.7491
vn 0.2411 0.9337 -0.2646
vn 0.4947 0.8235 -0.2777
vn -0.6986 0.4352 0.5680
vn -0.5957 0.5173 0.6144
vn -0.1067 0.4162 0.9030
vn -0.2455 0.4465 0.8604
vn 0.2488 0.4807 0.8409
vn 0.1131 0.5764 0.8093
vn 0.5410 0.7136 0.4450
vn 0.3421 0.8398 0.4216
vn 0.0288 0.7793 -0.6259
vn -0.3485 0.6932 -0.6309
vn 0.5877 0.7857 -0.1929
vn 0.6353 0.6348 0.4397
vn 0.3295 0.4368 0.8370
vn 0.6353 0.6348 0.4398
vn 0.0620 0.4157 0.9074
vn -0.7819 0.6233 0.0086
vn -0.5798 0.7647 -0.2813
vn -0.6223 0.6367 0.4554
vn -0.6222 0.6367 0.4554
vn -0.3195 0.5863 0.7445
vn -0.1259 0.7689 0.6268
vn 0.0690 0.9187 0.3890
vn -0.0867 0.9952 -0.0465
vn 0.0690 0.9187 0.3889
vn -0.2977 0.8617 -0.4108
vn -0.4040 0.8934 0.1965
vn -0.3194 0.5864 0.7444
vn -0.1260 0.7690 0.6268
vn -0.3994 0.6458 -0.6508
vn -0.4718 -0.4716 0.7449
vn -0.4906 -0.7371 0.4647
vn -0.5698 -0.7807 -0.2566
vn -0.5832 -0.3497 -0.7332
vn -0.5487 0.2533 -0.7967
vn -0.5832 -0.3496 -0.7332
vn -0.7036 0.4197 -0.5734
vn -0.6392 -0.1546 -0.7534
vn -0.3686 0.8035 -0.4674
vn -0.2554 -0.3157 0.9138
vn -0.5023 -0.6994 0.5084
vn -0.5948 -0.7790 -0.1983
vn -0.5018 -0.5117 -0.6974
vn -0.5019 -0.5115 -0.6975
vn -0.3708 -0.3524 -0.8593
vn 0.0754 0.2133 0.9741
vn 0.3386 0.4745 0.8126
vn 0.5974 0.6824 0.4213
vn 0.5975 0.6824 0.4212
vn 0.5711 0.8186 -0.0622
vn 0.3043 0.8611 -0.4074
vn 0.0904 0.9015 -0.4232
vn -0.7178 -0.1638 -0.6767
vn -0.3028 -0.3876 -0.8707
vn -0.8435 0.3865 -0.3729
vn -0.4917 0.8512 -0.1836
vn 0.0525 0.9561 -0.2882
vn 0.1141 -0.3032 -0.9461
vn -0.0751 -0.2551 -0.9640
vn 0.4364 0.0294 -0.8993
vn 0.3103 0.1399 -0.9403
vn 0.4706 0.5941 -0.6523
vn 0.4352 0.6340 -0.6392
vn -0.7628 0.3174 -0.5634
vn -0.7066 -0.1520 -0.6911
vn -0.3127 -0.2990 -0.9016
vn 0.0928 -0.3047 -0.9479
vn 0.2638 0.0593 -0.9628
vn 0.3518 0.5402 -0.7645
vn -0.0999 0.8108 -0.5767
vn -0.5480 0.7734 -0.3187
vn -0.3122 0.1978 -0.9292
vn 0.4745 0.8098 -0.3452
vn 0.5585 0.8287 0.0363
vn 0.5308 0.7509 0.3929
vn 0.3553 0.5447 0.7597
vn 0.5307 0.7509 0.3930
vn 0.0541 0.1829 0.9816
vn -0.2517 -0.2739 0.9282
vn -0.5010 -0.7037 0.5038
vn -0.5581 -0.8061 -0.1968
vn -0.3838 -0.5413 -0.7482
vn -0.3837 -0.5409 -0.7485
vn 0.1145 0.1054 0.9878
vn 0.3984 0.4768 0.7836
vn 0.3708 0.5199 0.7696
vn 0.0946 0.1408 0.9855
vn 0.5828 0.7181 0.3802
vn 0.5404 0.7451 0.3908
vn 0.5844 0.7127 0.3881
vn 0.6392 0.7682 -0.0360
vn 0.5908 0.8066 0.0186
vn 0.5420 0.7416 0.3953
vn 0.5954 0.6554 -0.4648
vn 0.5639 0.7274 -0.3910
vn 0.4225 0.3825 -0.8217
vn 0.4303 0.4618 -0.7756
vn 0.1902 0.0723 -0.9791
vn 0.1908 0.1229 -0.9739
vn -0.0666 -0.2599 -0.9633
vn -0.0751 -0.2032 -0.9763
vn -0.3532 -0.6326 -0.6892
vn -0.3538 -0.5787 -0.7348
vn -0.3469 -0.6348 -0.6904
vn -0.5214 -0.8457 -0.1136
vn -0.5303 -0.8307 -0.1698
vn -0.3520 -0.5795 -0.7351
vn -0.4502 -0.7135 0.5369
vn -0.4708 -0.7108 0.5226
vn -0.1834 -0.3120 0.9322
vn -0.2077 -0.2962 0.9323
vn 0.4747 0.8097 -0.3450
vn -0.0750 -0.2549 -0.9640
vn -0.3838 -0.5409 -0.7484
vn -0.5600 -0.8041 -0.1997
vn -0.3838 -0.5412 -0.7482
vn -0.5086 -0.7029 0.4972
vn -0.2583 -0.2698 0.9276
vn 0.0511 0.1846 0.9815
vn 0.3564 0.5445 0.7593
vn 0.5327 0.7502 0.3917
vn 0.5595 0.8281 0.0363
vn 0.5314 0.7505 0.3928
vn 0.6537 0.7378 -0.1684
vn 0.5496 0.5750 -0.6061
vn 0.5871 0.6008 -0.5425
vn 0.6573 0.7465 -0.1035
vn 0.6126 0.7063 0.3547
vn 0.6032 0.7050 0.3730
vn 0.4022 0.4567 0.7935
vn 0.6123 0.7078 0.3522
vn 0.6025 0.7083 0.3678
vn 0.4029 0.4579 0.7925
vn 0.1065 0.0997 0.9893
vn 0.1139 0.0940 0.9890
vn -0.2107 -0.3077 0.9279
vn -0.1925 -0.3137 0.9298
vn -0.4815 -0.6908 0.5394
vn -0.4636 -0.7044 0.5375
vn -0.5592 -0.8274 -0.0515
vn -0.5370 -0.8398 -0.0800
vn -0.4187 -0.6680 -0.6152
vn -0.3728 -0.6628 -0.6494
vn -0.1485 -0.3303 -0.9321
vn -0.4205 -0.6669 -0.6151
vn -0.3781 -0.6609 -0.6482
vn -0.0930 -0.3109 -0.9459
vn 0.1128 0.0021 -0.9936
vn 0.1672 0.0241 -0.9856
vn 0.3494 0.3053 -0.8858
vn 0.3999 0.3271 -0.8562
vn 0.6524 0.7202 -0.2361
vn 0.4848 0.5569 -0.6744
vn 0.5116 0.5612 -0.6506
vn 0.6501 0.7288 -0.2151
vn 0.6489 0.6995 0.2994
vn 0.6267 0.7068 0.3282
vn 0.4385 0.4626 0.7705
vn 0.6489 0.6993 0.2996
vn 0.6265 0.7071 0.3280
vn 0.4105 0.4590 0.7879
vn 0.1349 0.1006 0.9857
vn 0.1102 0.1016 0.9887
vn -0.1795 -0.3075 0.9345
vn -0.2093 -0.3088 0.9278
vn -0.4555 -0.6563 0.6015
vn -0.4777 -0.6756 0.5616
vn -0.5966 -0.7984 0.0814
vn -0.5791 -0.8152 0.0071
vn -0.5331 -0.6822 -0.5004
vn -0.4744 -0.6741 -0.5662
vn -0.2792 -0.3561 -0.8918
vn -0.5326 -0.6822 -0.5009
vn -0.4748 -0.6739 -0.5661
vn -0.2126 -0.3413 -0.9156
vn -0.0177 -0.0329 -0.9993
vn 0.0472 -0.0162 -0.9988
vn 0.2356 0.2720 -0.9330
vn 0.2892 0.2898 -0.9123
vn -0.9338 0.2980 -0.1978
vn -0.8066 0.1748 -0.5647
vn -0.3604 0.5256 -0.7707
vn -0.1023 0.9386 -0.3293
vn -0.7854 0.4424 0.4328
vn 0.0556 0.9640 0.2602
vn -0.4348 0.3920 0.8108
vn -0.7919 0.4339 0.4297
vn 0.0868 0.9635 0.2533
vn 0.0593 0.6483 0.7590
vn -0.2896 0.1202 0.9496
vn -0.0114 0.1751 0.9845
vn -0.3822 -0.1048 0.9181
vn -0.1475 -0.2629 0.9535
vn -0.2841 -0.5545 0.7822
vn -0.2919 -0.5843 0.7572
vn -0.4565 -0.7338 0.5031
vn -0.4967 -0.7601 0.4190
vn -0.6199 -0.7756 -0.1193
vn -0.6136 -0.7632 -0.2025
vn -0.5143 -0.5477 -0.6599
vn -0.6232 -0.7721 -0.1244
vn -0.6105 -0.7645 -0.2067
vn -0.4709 -0.5022 -0.7253
vn -0.6474 -0.1331 -0.7504
vn -0.3750 -0.2157 -0.9016
vn -0.6546 -0.0783 -0.7519
vn -0.3881 0.1029 -0.9158
vn 0.4584 0.5591 -0.6908
vn 0.1800 0.2560 -0.9498
vn -0.0837 -0.0584 -0.9948
vn -0.3457 -0.3957 -0.8508
vn -0.5789 -0.7027 -0.4137
vn -0.5798 -0.7026 -0.4126
vn -0.5939 -0.7823 0.1881
vn -0.4091 -0.6243 0.6655
vn -0.1410 -0.2898 0.9467
vn 0.1621 0.1247 0.9789
vn 0.4683 0.4982 0.7297
vn 0.6529 0.7088 0.2669
vn 0.6523 0.7096 0.2663
vn 0.6422 0.7284 -0.2388
vn 0.1558 0.1592 0.9749
vn 0.4647 0.5621 0.6842
vn 0.6613 0.7162 0.2229
vn 0.6602 0.7178 0.2212
vn 0.6630 0.7110 -0.2342
vn 0.3898 0.5655 -0.7268
vn 0.0127 0.2384 -0.9711
vn -0.2024 -0.1142 -0.9726
vn -0.4007 -0.4485 -0.7989
vn -0.5980 -0.7338 -0.3225
vn -0.5995 -0.7335 -0.3204
vn -0.5468 -0.7757 0.3150
vn -0.3363 -0.6024 0.7239
vn -0.1064 -0.2734 0.9560
vn -0.7533 -0.0136 -0.6575
vn -0.8741 -0.0529 -0.4829
vn -0.9081 0.2154 -0.3591
vn -0.8200 0.2004 -0.5361
vn -0.3581 0.0041 -0.9337
vn -0.3919 0.0827 -0.9163
vn -0.6824 0.0789 -0.7267
vn -0.6236 0.0219 -0.7815
vn -0.4559 0.1122 -0.8829
vn -0.4100 0.0262 -0.9117
vn -0.0276 0.0269 0.9993
vn -0.0264 0.1013 0.9945
vn -0.0005 0.0297 0.9996
vn -0.2917 0.1189 0.9491
vn -0.3816 -0.1064 0.9182
vn -0.2772 0.0092 0.9608
vn -0.3250 0.0936 0.9411
vn -0.7916 0.4351 0.4290
vn -0.4287 0.3964 0.8118
vn -0.4075 0.1875 0.8937
vn -0.6055 0.1688 0.7777
vn -0.2658 0.0582 0.9623
vn -0.3404 0.0025 0.9403
vn -0.7182 0.0554 0.6937
vn -0.4972 -0.0332 -0.8670
vn -0.4689 -0.0453 -0.8821
vn -0.6933 -0.0822 -0.7159
vn -0.7420 -0.0393 -0.6692
vn -0.7554 -0.1243 -0.6433
vn -0.8642 -0.0459 -0.5010
vn -0.6484 -0.1281 -0.7504
vn -0.6539 -0.0783 -0.7525
vn -0.8049 0.1744 -0.5673
vn -0.8265 -0.0440 -0.5612
vn -0.9196 0.0401 -0.3907
vn -0.9340 0.2958 -0.2007
vn -0.9593 0.0074 -0.2821
vn -0.8087 0.0011 -0.5882
vn -0.7119 -0.2269 -0.6647
vn -0.0213 0.0935 0.9954
vn -0.0192 -0.0403 0.9990
vn -0.0001 -0.0302 0.9995
vn 0.1203 -0.7188 -0.6848
vn -0.0902 -0.5759 -0.8125
vn -0.1818 -0.7659 -0.6167
vn -0.1092 -0.8868 -0.4491
vn -0.1641 0.0947 0.9819
vn -0.1566 -0.0464 0.9866
vn -0.1973 0.1188 0.9731
vn -0.0261 -0.0366 0.9990
vn -0.0006 -0.0360 0.9994
vn -0.9585 0.0525 0.2803
vn -0.7668 -0.1489 -0.6244
vn -0.3080 -0.0020 -0.9514
vn -0.3399 -0.0144 -0.9404
vn -0.2998 0.0477 -0.9528
vn -0.5560 0.0199 -0.8309
vn -0.9993 0.0320 -0.0194
vn -0.6856 -0.4268 -0.5897
vn -0.6944 -0.4032 -0.5960
vn -0.8599 0.0224 -0.5099
vn -0.8676 -0.4973 -0.0011
vn -0.9311 0.1986 -0.3061
vn -0.6787 -0.2854 0.6767
vn -0.8617 0.1642 0.4802
vn -0.6331 -0.5231 0.5706
vn -0.7749 -0.1321 0.6181
vn -0.6040 -0.2876 0.7433
vn -0.1970 -0.2543 0.9469
vn -0.1674 -0.2722 0.9476
vn -0.0362 -0.2152 0.9759
vn -0.0723 0.1035 0.9920
vn -0.0600 0.0958 0.9936
vn -0.3898 -0.0514 0.9194
vn -0.7444 -0.0508 0.6658
vn -0.9557 -0.0727 0.2850
vn -0.9973 -0.0731 -0.0112
vn -0.9655 -0.0478 -0.2560
vn -0.8376 0.0041 -0.5462
vn -0.5897 0.0681 -0.8047
vn -0.3142 0.1118 -0.9428
vn -0.3000 0.1362 -0.9441
vn -0.3188 0.1193 -0.9403
vn -0.4873 -0.0471 -0.8719
vn -0.5841 0.0348 -0.8110
vn -0.6763 -0.3690 -0.6375
vn -0.8197 -0.1001 -0.5640
vn -0.8941 -0.3294 -0.3035
vn -0.9358 -0.2038 -0.2877
vn -0.9209 -0.3891 -0.0244
vn -0.9662 -0.2564 -0.0274
vn -0.7689 -0.4558 0.4483
vn -0.9193 -0.2340 0.3163
vn -0.6694 -0.2040 0.7144
vn -0.7142 -0.1582 0.6818
vn -0.4089 -0.1359 0.9024
vn -0.3980 -0.1234 0.9090
vn -0.1351 -0.0852 0.9872
vn -0.1101 -0.0291 0.9935
vn -0.2338 -0.1811 0.9553
vn -0.1733 -0.1574 0.9722
vn -0.2651 0.1896 -0.9454
vn -0.3665 0.0232 -0.9301
vn -0.7255 -0.2606 -0.6369
vn -0.5158 -0.7618 -0.3918
vn -0.7136 -0.5788 -0.3948
vn -0.4611 -0.8855 -0.0567
vn -0.7550 -0.6283 0.1877
vn -0.6492 -0.4239 0.6316
vn -0.6120 -0.2390 0.7539
vn -0.3865 -0.1304 0.9130
vn -0.1117 -0.2332 0.9660
vn -0.0126 -0.2523 0.9676
vn -0.0096 -0.2099 0.9777
vn -0.1397 -0.1954 0.9707
vn -0.6477 -0.4781 0.5933
vn -0.7742 -0.2031 0.5995
vn -0.3779 -0.0967 0.9208
vn -0.3132 0.0384 0.9489
vn -0.8056 0.1301 0.5780
vn -0.6853 0.4318 0.5864
vn -0.1776 0.1615 0.9707
vn -0.4267 0.6537 0.6250
vn 0.0680 0.7766 0.6264
vn 0.0303 0.3464 0.9376
vn -0.0493 0.2964 0.9538
vn -0.7617 0.1709 -0.6250
vn -0.3264 0.1916 -0.9256
vn -0.2065 0.2483 -0.9464
vn -0.9547 -0.0035 -0.2977
vn -0.9866 -0.1147 0.1162
vn -0.7710 -0.0985 0.6291
vn -0.6068 -0.1984 0.7697
vn -0.0986 0.3222 -0.9415
vn -0.2284 0.1683 -0.9589
vn -0.6027 0.1271 -0.7878
vn -0.9364 0.1707 -0.3066
vn -0.9859 0.1259 0.1101
vn -0.8622 0.0052 0.5065
vn -0.6340 -0.0652 0.7706
vn 0.0590 0.5746 -0.8163
vn 0.3439 0.8405 -0.4186
vn 0.4749 0.8792 -0.0381
vn 0.1147 0.1210 -0.9860
vn 0.6811 0.4133 -0.6044
vn 0.9246 0.3731 -0.0762
vn 0.4355 0.8735 0.2175
vn 0.0026 0.9820 0.1890
vn -0.0006 0.9999 -0.0107
vn 0.4767 0.8783 -0.0377
vn 0.2684 0.8243 0.4985
vn 0.0007 0.8755 0.4832
vn 0.0877 0.6285 0.7729
vn 0.0050 0.6657 0.7462
vn 0.9263 0.3694 -0.0743
vn 0.8453 0.4457 0.2946
vn 0.6363 0.5792 0.5096
vn 0.2456 0.4802 0.8421
vn -0.4219 -0.1137 -0.8995
vn -0.8958 -0.1261 -0.4261
vn -0.9962 -0.0785 0.0387
vn -0.9151 -0.0699 0.3971
vn -0.6439 -0.0351 0.7643
vn -0.2862 -0.2779 -0.9170
vn 0.3462 -0.1163 -0.9309
vn 0.8112 0.0233 -0.5843
vn 0.9866 0.0882 -0.1370
vn 0.9734 0.1156 0.1976
vn 0.9868 0.0895 -0.1351
vn 0.8331 0.2607 0.4878
vn 0.4232 0.3477 0.8367
vn -0.8277 -0.3235 -0.4585
vn -0.9708 -0.2397 0.0126
vn -0.9306 -0.1560 0.3310
vn -0.7133 -0.0688 0.6974
vn -0.2187 0.1292 0.9672
vn 0.4168 0.3541 0.8372
vn -0.2229 0.1226 0.9671
vn 0.8246 0.2832 0.4897
vn 0.8553 0.1809 0.4855
vn 0.9735 0.1166 0.1966
vn 0.9904 0.0687 0.1199
vn 0.9868 0.0883 -0.1360
vn 0.9724 0.0423 -0.2295
vn 0.8116 0.0227 -0.5838
vn 0.7683 0.0053 -0.6401
vn 0.9721 0.0419 -0.2309
vn 0.9867 0.0873 -0.1374
vn 0.3494 -0.1171 -0.9296
vn 0.3417 -0.1006 -0.9344
vn -0.2857 -0.2781 -0.9171
vn -0.2433 -0.2608 -0.9342
vn -0.8276 -0.3235 -0.4587
vn -0.7709 -0.3566 -0.5278
vn -0.9592 -0.2827 -0.0048
vn -0.9303 -0.1556 0.3322
vn -0.9321 -0.1822 0.3130
vn -0.7179 -0.0754 0.6921
vn -0.7814 -0.0677 0.6204
vn -0.7754 -0.0623 0.6284
vn -0.7098 -0.0792 0.6999
vn 0.9041 0.0591 0.4232
vn 0.9996 0.0282 0.0028
vn 0.9300 0.0496 -0.3641
vn 0.6880 0.0552 -0.7237
vn 0.9299 0.0497 -0.3644
vn 0.3048 -0.0113 -0.9523
vn -0.1925 -0.1219 -0.9737
vn -0.7434 -0.2318 -0.6274
vn -0.9721 -0.2308 -0.0408
vn -0.9296 -0.1535 0.3349
vn -0.8017 -0.0487 0.5957
vn -0.7996 -0.0502 0.5984
vn 0.3249 0.1169 -0.9385
vn -0.1920 0.0801 -0.9781
vn -0.8072 -0.0043 -0.5902
vn -0.9954 -0.0756 0.0583
vn -0.9010 -0.0680 0.4285
vn -0.7359 -0.0273 0.6765
vn -0.2812 -0.0328 0.9591
vn 0.4161 -0.0531 0.9078
vn 0.8725 -0.0322 0.4875
vn 0.9990 0.0056 0.0443
vn 0.9337 0.0599 -0.3531
vn 0.9336 0.0600 -0.3532
vn 0.6920 0.1109 -0.7134
vn 0.9123 -0.0515 -0.4062
vn 0.9172 0.0069 -0.3984
vn 0.5540 0.0745 -0.8292
vn 0.5471 -0.1214 -0.8282
vn 0.0758 0.1605 -0.9841
vn 0.0592 -0.1774 -0.9824
vn -0.3690 0.2178 -0.9035
vn -0.3866 -0.2304 -0.8930
vn -0.8229 0.2034 -0.5305
vn -0.8285 -0.1952 -0.5248
vn -0.9911 0.1143 -0.0685
vn -0.9869 -0.1309 -0.0943
vn -0.9618 0.0120 0.2735
vn -0.9631 -0.0573 0.2629
vn -0.7168 -0.0727 0.6934
vn -0.7121 0.0496 0.7003
vn -0.7118 0.0491 0.7007
vn -0.7168 -0.0727 0.6935
vn -0.1470 -0.1073 0.9833
vn -0.1307 0.1336 0.9824
vn 0.4753 -0.0869 0.8755
vn 0.4738 0.1412 0.8692
vn 0.8643 -0.0559 0.4998
vn 0.8618 0.0864 0.4998
vn 0.9974 -0.0292 0.0656
vn 0.9982 0.0167 0.0573
vn 0.9173 0.0072 -0.3982
vn 0.9122 -0.0496 -0.4067
vn -0.2880 0.4057 -0.8674
vn -0.2282 0.2917 -0.9289
vn -0.8243 0.2419 -0.5118
vn -0.7973 0.3800 -0.4690
vn -0.9892 0.1038 0.1033
vn -0.9742 0.2209 0.0458
vn -0.8854 -0.0001 0.4649
vn -0.9201 0.0424 0.3895
vn -0.6762 -0.0685 0.7335
vn -0.6778 -0.1216 0.7251
vn -0.6777 -0.1217 0.7252
vn -0.6762 -0.0685 0.7336
vn -0.2055 -0.1348 0.9693
vn -0.1632 -0.2144 0.9630
vn 0.4121 -0.1475 0.8991
vn 0.4399 -0.1968 0.8762
vn 0.8524 -0.0903 0.5151
vn 0.8517 -0.1163 0.5110
vn 0.9970 -0.0182 0.0751
vn 0.9959 -0.0394 0.0809
vn 0.9390 0.0605 -0.3386
vn 0.9330 0.0460 -0.3570
vn 0.9329 0.0460 -0.3571
vn 0.6815 0.1558 -0.7150
vn 0.6289 0.1735 -0.7579
vn 0.2980 0.2398 -0.9240
vn 0.1989 0.3109 -0.9294
vn 0.1353 -0.4592 -0.8780
vn -0.4261 -0.5562 -0.7135
vn -0.7982 -0.4596 -0.3894
vn -0.9621 -0.2092 0.1749
vn -0.9243 -0.0196 0.3811
vn -0.6177 0.1369 0.7744
vn -0.6165 0.1360 0.7755
vn -0.0564 0.2554 0.9652
vn 0.4754 0.2962 0.8284
vn 0.8377 0.2418 0.4897
vn 0.9912 0.1001 0.0868
vn 0.9488 -0.1053 -0.2977
vn 0.9516 -0.1078 -0.2878
vn 0.6229 -0.3389 -0.7051
vn -0.4444 -0.6030 -0.6625
vn 0.1314 -0.6869 -0.7148
vn 0.0445 -0.7504 -0.6595
vn -0.5666 -0.6011 -0.5636
vn -0.5293 -0.3527 -0.7717
vn 0.0018 -0.3363 -0.9418
vn -0.6587 0.1235 -0.7422
vn -0.0841 0.2110 -0.9739
vn -0.0842 0.2110 -0.9738
vn -0.5770 0.5940 -0.5606
vn -0.1504 0.7366 -0.6594
vn 0.3567 0.6244 -0.6949
vn 0.4918 0.1705 -0.8538
vn 0.4918 0.1704 -0.8538
vn 0.4652 -0.3003 -0.8327
vn 0.6461 -0.4121 -0.6425
vn 0.7955 0.1458 -0.5882
vn 0.8357 0.2243 -0.5014
vn 0.3805 -0.3976 -0.8349
vn -0.8866 -0.0100 -0.4624
vn -0.8850 0.0784 -0.4589
vn -0.8853 0.0772 -0.4585
vn -0.8858 -0.0104 -0.4640
vn -0.3688 0.8531 -0.3691
vn -0.6626 0.6816 -0.3105
vn -0.0763 0.9902 -0.1171
vn -0.1543 0.9545 -0.2551
vn 0.1011 0.9538 -0.2831
vn 0.4480 0.8018 -0.3955
vn 0.8340 0.2254 -0.5036
vn 0.7940 0.1503 -0.5890
vn 0.2909 -0.5246 -0.8001
vn 0.7094 -0.5164 -0.4797
vn 0.7873 -0.4976 -0.3641
vn 0.3113 -0.5214 -0.7945
vn 0.4421 -0.1868 -0.8773
vn 0.7359 -0.2780 -0.6174
vn 0.5228 0.1948 -0.8299
vn 0.8706 0.0934 -0.4831
vn 0.8706 0.0939 -0.4829
vn 0.5225 0.1951 -0.8300
vn 0.4539 0.6456 -0.6141
vn 0.7781 0.4877 -0.3960
vn 0.0693 0.2434 -0.9674
vn 0.0742 0.6555 -0.7515
vn 0.0723 -0.1411 -0.9874
vn 0.0695 0.2433 -0.9675
vn -0.0276 -0.2346 -0.9717
vn -0.2086 0.3133 -0.9265
vn -0.1508 0.7922 -0.5913
vn -0.2083 0.3127 -0.9267
vn 0.1550 0.9878 -0.0179
vn 0.2313 0.9496 -0.2117
vn 0.7022 0.7021 0.1186
vn 0.7987 0.6016 -0.0127
vn 0.9996 -0.0266 -0.0123
vn 0.9967 -0.0665 -0.0476
vn 0.9966 -0.0663 -0.0481
vn 0.9995 -0.0292 -0.0076
vn -0.1796 0.1851 -0.9662
vn -0.1801 0.1863 -0.9659
vn -0.5880 -0.5282 -0.6126
vn -0.3884 -0.0810 -0.9179
vn -0.8120 -0.5771 -0.0872
vn -0.6255 -0.5626 -0.5405
vn -0.8353 -0.5469 0.0564
vn -0.9482 -0.3107 0.0655
vn -0.8309 -0.3297 -0.4482
vn -0.8309 -0.3315 -0.4469
vn -0.9475 -0.3125 0.0686
vn -0.9736 0.1705 0.1519
vn -0.8452 0.2804 -0.4550
vn -0.7390 0.6696 0.0746
vn -0.4584 0.8569 -0.2358
vn -0.2484 0.7879 -0.5635
vn -0.4225 0.4015 -0.8126
vn -0.5048 -0.1348 -0.8527
vn -0.5041 -0.1365 -0.8528
vn -0.3757 -0.0650 -0.9245
vn -0.3754 -0.0632 -0.9247
vn -0.1849 0.5561 -0.8103
vn -0.0897 0.9198 -0.3819
vn -0.1846 0.9808 -0.0629
vn -0.6448 0.6837 0.3417
vn -0.6437 0.6854 0.3404
vn -0.7387 0.6702 0.0727
vn -0.9736 0.1721 0.1502
vn -0.8882 -0.0057 0.4593
vn -0.8833 -0.2084 0.4199
vn -0.6140 0.6157 0.4940
vn -0.1279 0.9891 0.0728
vn -0.6159 0.6124 0.4956
vn -0.0757 0.9833 -0.1652
vn -0.3908 -0.0790 -0.9171
vn -0.7052 0.5425 0.4564
vn -0.7055 0.5418 0.4568
vn -0.1388 0.9787 0.1515
vn 0.0171 0.9994 -0.0304
vn 0.9389 0.3098 0.1497
vn 0.7611 0.4764 0.4403
vn 0.4333 0.5329 0.7268
vn 0.0276 0.5133 0.8578
vn -0.4927 0.3573 0.7935
vn -0.6960 0.4863 0.5282
vn -0.4918 0.3567 0.7943
vn 0.9994 -0.0229 -0.0253
vn -0.6927 0.4889 0.5303
vn -0.1204 0.8901 0.4396
vn 0.2620 0.8865 0.3814
vn 0.4587 0.8591 0.2269
vn 0.7498 0.6438 0.1525
vn 0.9416 0.3004 0.1522
vn -0.4914 0.3613 0.7925
vn 0.0275 0.5158 0.8563
vn 0.4320 0.5319 0.7283
vn 0.7655 0.4690 0.4406
vn -0.3065 -0.1758 -0.9355
vn -0.3018 -0.3211 -0.8977
vn -0.2822 -0.3179 -0.9051
vn -0.3037 -0.2026 -0.9310
vn -0.2743 -0.3693 -0.8879
vn -0.4420 -0.1911 -0.8764
vn -0.4488 -0.4376 -0.7792
vn -0.5992 -0.2885 -0.7468
vn -0.5305 -0.4208 -0.7359
vn -0.6042 -0.3939 -0.6926
vn -0.5885 -0.2284 -0.7755
vn -0.5664 -0.3360 -0.7525
vn -0.7129 0.1530 -0.6844
vn -0.5587 -0.4639 -0.6875
vn -0.8407 0.0229 -0.5410
vn -0.3065 -0.8694 -0.3876
vn -0.8375 -0.4782 -0.2644
vn -0.2910 -0.9549 -0.0590
vn -0.1171 -0.9674 0.2247
vn -0.2467 -0.7626 0.5980
vn -0.4542 -0.6843 0.5705
vn -0.4176 -0.6957 0.5844
vn -0.5671 -0.4818 0.6680
vn -0.3557 -0.6766 0.6447
vn -0.4715 -0.3788 0.7964
vn -0.2380 -0.5267 0.8160
vn -0.3898 -0.2616 0.8830
vn -0.2389 -0.4015 0.8841
vn -0.0872 -0.2665 0.9599
vn -0.1657 -0.1299 0.9776
vn 0.0054 -0.1140 0.9935
vn -0.4006 -0.3488 -0.8472
vn -0.5051 -0.4036 -0.7629
vn -0.5066 -0.2522 -0.8245
vn -0.4336 0.4002 -0.8074
vn -0.3629 0.1487 0.9199
vn -0.4722 0.1491 0.8688
vn -0.3963 0.4962 0.7725
vn -0.3165 0.4440 0.8383
vn -0.6177 0.1765 0.7663
vn -0.7517 0.1388 0.6447
vn -0.5841 0.7210 0.3727
vn -0.5018 0.6043 0.6189
vn -0.6656 0.6518 -0.3635
vn -0.4413 0.7708 -0.4595
vn -0.3713 0.8392 -0.3974
vn -0.4818 0.8185 -0.3130
vn -0.2788 -0.1488 0.9488
vn -0.4388 -0.6709 0.5977
vn 0.0058 0.1697 0.9855
vn -0.2176 0.1628 0.9624
vn -0.1958 0.4182 0.8870
vn -0.6941 0.6835 -0.2260
vn -0.5036 0.8416 -0.1950
vn -0.2121 0.8585 -0.4669
vn -0.2237 0.8772 -0.4249
vn -0.7707 0.6360 -0.0384
vn -0.8771 -0.1488 0.4567
vn -0.6651 0.6524 -0.3633
vn -0.6936 0.6841 -0.2258
vn -0.6178 0.1771 0.7662
vn -0.4722 0.1490 0.8688
vn -0.4413 0.7707 -0.4596
vn -0.7514 0.1411 0.6445
vn -0.2951 -0.1798 0.9384
vn -0.3629 0.1486 0.9199
vn -0.3214 0.7253 -0.6088
vn -0.4839 0.6908 -0.5373
vn -0.3215 0.7252 -0.6089
vn -0.4063 0.4943 -0.7685
vn -0.4839 0.6907 -0.5374
vn -0.6065 0.4275 -0.6703
vn -0.4500 0.1978 -0.8708
vn -0.6613 0.1472 -0.7355
vn -0.4300 -0.2826 -0.8575
vn -0.6282 -0.1490 -0.7636
vn -0.6383 0.4251 -0.6417
vn -0.6726 0.1694 -0.7204
vn -0.7002 0.1744 -0.6923
vn -0.6380 0.4596 -0.6178
vn -0.6498 -0.0302 -0.7595
vn -0.6995 0.0203 -0.7143
vn -0.5252 0.7186 -0.4558
vn -0.4815 0.8034 -0.3504
vn -0.6047 -0.1662 -0.7789
vn -0.6715 -0.1934 -0.7153
vn -0.3688 -0.4292 -0.8244
vn -0.5448 -0.2495 -0.8006
vn -0.4138 0.8933 -0.1754
vn -0.6857 0.5091 -0.5202
vn -0.8827 0.4676 0.0468
vn -0.5246 0.8328 0.1767
vn -0.7817 0.1437 -0.6069
vn -0.9897 0.1429 0.0050
vn -0.8033 -0.1088 -0.5855
vn -0.7623 -0.3707 -0.5305
vn -0.8363 -0.5410 -0.0888
vn -0.9662 -0.2461 0.0764
vn -0.5252 0.7187 -0.4557
vn -0.4137 0.8934 -0.1753
vn -0.5247 0.8328 0.1767
vn -0.9662 -0.2461 0.0763
vn -0.9616 -0.1756 0.2111
vn -0.9414 0.1510 0.3015
vn -0.7259 0.6141 0.3097
vn -0.6004 0.7269 0.3334
vn -0.8364 -0.5409 -0.0887
vn -0.9286 -0.3554 0.1067
vn -0.2176 0.1627 0.9624
vn -0.1693 -0.3168 0.9333
vn -0.0874 -0.2394 0.9670
vn -0.1898 -0.7615 0.6197
vn -0.0628 -0.1940 0.9790
vn -0.0346 -0.1028 0.9941
vn -0.0593 -0.0448 0.9972
vn -0.0897 0.0303 0.9955
vn -0.9491 -0.0637 0.3086
vn -0.9571 0.2532 0.1411
vn -0.6603 0.5967 0.4560
vn -0.5100 0.6826 0.5234
vn -0.9478 -0.0385 0.3166
vn -0.4422 0.5352 0.7197
vn -0.3552 0.6158 0.7033
vn -0.6693 -0.0271 0.7425
vn -0.6637 0.0959 0.7418
vn -0.6117 0.2996 0.7322
vn -0.2486 0.5027 0.8279
vn -0.2504 0.5593 0.7902
vn -0.3790 -0.0499 0.9241
vn -0.3525 0.1484 0.9240
vn -0.3077 0.3325 0.8915
vn -0.1412 0.5090 0.8491
vn -0.0006 0.4852 0.8744
vn -0.1082 0.2969 0.9487
vn -0.1148 0.1251 0.9855
vn -0.1078 0.4486 0.8872
vn -0.1215 -0.0534 0.9912
vn -0.8647 0.4908 -0.1069
vn -0.8388 0.3556 -0.4123
vn -0.6262 0.5329 -0.5692
vn -0.7199 0.6824 -0.1264
vn -0.9604 -0.0646 -0.2709
vn -0.9966 -0.0069 -0.0820
vn -0.8647 0.4908 -0.1068
vn -0.5960 0.5495 0.5855
vn -0.8022 0.3769 0.4631
vn -0.3778 0.2084 0.9021
vn -0.5597 0.0556 0.8268
vn -0.0506 -0.1776 0.9828
vn -0.1799 -0.2947 0.9385
vn 0.4002 -0.5405 0.7400
vn 0.2561 -0.6672 0.6995
vn 0.7148 -0.6762 0.1784
vn 0.5854 -0.7876 0.1925
vn -0.9385 0.0178 0.3450
vn -0.5976 -0.1672 0.7842
vn -0.3371 -0.2840 0.8976
vn -0.1302 -0.3007 0.9448
vn -0.2221 -0.5499 0.8052
vn -0.1205 -0.5708 0.8122
vn -0.0728 -0.8104 0.5814
vn -0.0704 -0.8088 0.5838
vn 0.0312 -0.9701 0.2409
vn 0.0168 -0.9726 0.2320
vn 0.0895 -0.9935 0.0705
vn -0.0528 -0.9974 0.0496
vn -0.0708 -0.9864 -0.1486
vn -0.2848 -0.4510 0.8459
vn -0.0134 -0.7502 0.6610
vn -0.9604 -0.0645 -0.2709
vn -0.8804 -0.0360 -0.4729
vn -0.8351 0.0799 -0.5442
vn -0.8343 -0.1455 -0.5317
vn -0.8642 -0.2146 -0.4552
vn -0.6978 -0.1690 -0.6960
vn -0.6944 -0.1557 -0.7025
vn -0.6061 -0.1277 -0.7851
vn -0.6103 -0.1548 -0.7769
vn -0.4992 -0.1369 -0.8556
vn -0.4810 -0.1384 -0.8657
vn -0.3048 -0.2122 -0.9285
vn -0.2620 -0.1456 -0.9540
vn -0.7624 -0.3707 -0.5305
vn -0.8642 -0.2146 -0.4551
vn -0.8344 -0.1455 -0.5316
vn -0.8804 -0.0361 -0.4729
vn -0.5114 0.0949 -0.8541
vn -0.6300 -0.1236 -0.7667
vn -0.3694 -0.1125 -0.9224
vn -0.4605 -0.0991 -0.8821
vn -0.0200 -0.2665 -0.9636
vn -0.1747 -0.3819 -0.9075
vn -0.6546 0.1377 -0.7433
vn -0.7833 -0.0675 -0.6180
vn -0.9385 0.0178 0.3449
vn -0.5976 -0.1671 0.7842
vn -0.2847 -0.4509 0.8459
vn -0.0134 -0.7502 0.6611
vn 0.1994 -0.9411 0.2732
vn -0.7694 0.2849 -0.5716
vn -0.6489 0.3558 -0.6726
vn -0.6351 0.2717 -0.7231
vn -0.8642 0.1304 -0.4860
vn -0.6076 -0.0772 -0.7905
vn -0.4568 -0.1349 -0.8793
vn -0.2508 -0.2186 -0.9430
vn -0.6957 0.2090 -0.6872
vn 0.1203 -0.7188 -0.6847
vn 0.3772 -0.6895 -0.6183
vn 0.4054 -0.5344 -0.7416
vn 0.6122 -0.7517 -0.2454
vn 0.2407 -0.9669 -0.0845
vn 0.7065 -0.6372 -0.3081
vn 0.0312 -0.9701 0.2408
vn 0.2406 -0.9669 -0.0845
vn 0.0167 -0.9726 0.2320
vn 0.3121 -0.5667 0.7625
vn 0.6342 -0.7366 0.2351
vn -0.8694 0.1499 -0.4708
vn -0.9378 0.0394 -0.3450
vn -0.3535 -0.1398 -0.9249
vn -0.5931 -0.2603 -0.7619
vn -0.3481 0.1645 0.9229
vn -0.0840 -0.2165 0.9727
vn 0.6512 -0.6944 -0.3062
vn 0.3059 -0.5210 -0.7969
vn -0.8726 0.4186 -0.2516
vn -0.6417 0.4895 0.5904
vn -0.7196 0.1386 -0.6804
vn -0.6453 -0.1605 -0.7469
vn -0.9689 0.0667 -0.2385
vn -0.6211 -0.2758 -0.7336
vn -0.7498 -0.2243 -0.6225
vn -0.2497 -0.2502 -0.9354
vn -0.4688 -0.2700 -0.8410
vn -0.5929 -0.3015 -0.7467
vn -0.4688 -0.2701 -0.8410
vn -0.1619 -0.1532 -0.9748
vn -0.5051 -0.2489 -0.8264
vn -0.5928 -0.3016 -0.7467
vn -0.6180 -0.3795 -0.6886
vn -0.5374 -0.4134 -0.7350
vn -0.0489 -0.2245 -0.9732
vn -0.7498 -0.2244 -0.6225
vn -0.5439 -0.3171 -0.7770
vn -0.7357 -0.0480 -0.6756
vn -0.4502 0.0006 -0.8930
vn -0.4284 0.0923 -0.8989
vn -0.5992 0.3267 -0.7309
vn -0.3534 0.0257 0.9351
vn -0.6345 0.3490 0.6897
vn -0.6595 0.1636 0.7337
vn -0.4154 -0.1123 0.9027
vn -0.8572 -0.1414 -0.4952
vn -0.5255 0.3409 -0.7795
vn -0.1540 -0.2906 0.9444
vn -0.2385 -0.3394 0.9099
vn -0.9260 0.0348 -0.3759
vn -0.4661 0.2591 -0.8459
vn 0.2062 -0.5925 0.7787
vn 0.1010 -0.5815 0.8072
vn -0.7250 0.0272 -0.6882
vn -0.3801 0.1922 -0.9047
vn 0.5719 -0.7674 0.2897
vn 0.5200 -0.7728 0.3639
vn 0.6139 -0.7255 -0.3112
vn 0.5885 -0.7453 -0.3133
vn 0.2270 -0.4943 -0.8391
vn 0.1521 -0.4383 -0.8859
vn -0.6293 -0.0486 -0.7756
vn -0.4301 0.1305 -0.8933
vn -0.9203 0.3434 -0.1877
vn -0.9362 0.3317 -0.1163
vn -0.9203 0.3433 -0.1878
vn -0.8751 -0.0730 -0.4784
vn -0.9977 -0.0676 -0.0094
vn -0.8473 -0.5090 -0.1515
vn 0.1830 -0.4600 -0.8689
vn -0.3203 0.0627 -0.9452
vn 0.1763 -0.6257 -0.7599
vn -0.2260 -0.1197 -0.9667
vn -0.3507 -0.8288 -0.4361
vn -0.4478 -0.0764 -0.8909
vn -0.8678 -0.4934 -0.0591
vn -0.6972 0.0721 -0.7133
vn -0.9861 -0.1245 0.1097
vn -0.7358 0.2345 -0.6353
vn -0.9996 0.0170 0.0218
vn -0.5221 0.3393 -0.7825
vn -0.4087 0.2557 -0.8761
vn -0.9808 0.0801 -0.1777
vn -0.4039 0.2352 -0.8841
vn -0.9345 0.2301 -0.2716
vn -0.3993 0.4006 -0.8247
vn -0.4553 0.3368 -0.8242
vn -0.9345 0.2302 -0.2716
vn -0.7983 0.0425 0.6007
vn -0.9808 0.0801 -0.1778
vn -0.7020 -0.1417 0.6979
vn -0.9996 0.0170 0.0217
vn -0.5285 -0.3135 0.7889
vn -0.5943 -0.3630 0.7176
vn -0.3320 -0.6511 0.6825
vn -0.8678 -0.4934 -0.0592
vn 0.5643 -0.7689 -0.3007
vn 0.4508 -0.8654 -0.2189
vn 0.0886 -0.9393 0.3315
vn 0.4684 -0.7864 0.4026
vn -0.0391 -0.5392 0.8412
vn -0.3868 -0.4877 -0.7826
vn -0.5953 -0.5385 -0.5964
vn 0.1509 -0.4293 -0.8904
vn 0.0516 -0.2195 -0.9743
vn -0.5226 -0.4973 -0.6926
vn -0.2191 -0.1660 -0.9615
vn -0.4471 -0.5777 -0.6829
vn -0.0723 -0.2629 -0.9621
vn -0.4243 -0.7309 -0.5346
vn -0.2095 -0.8643 -0.4572
vn -0.2902 -0.8404 -0.4576
vn -0.3579 -0.8605 -0.3624
vn -0.1758 -0.8436 -0.5074
vn -0.0124 -0.9980 0.0617
vn 0.0001 -0.9624 0.2716
vn -0.0012 -0.1060 0.9944
vn -0.0028 -0.2072 0.9783
vn 0.0025 -0.7808 0.6247
vn -0.8097 0.1295 0.5724
vn -0.7637 -0.1801 0.6199
vn -0.8990 -0.4224 -0.1160
vn -0.9737 -0.0684 -0.2172
vn -0.8865 -0.4502 -0.1069
vn -0.9768 -0.0944 -0.1922
vn -0.8909 -0.4104 -0.1946
vn -0.9739 -0.0522 -0.2210
vn -0.9108 -0.2618 -0.3192
vn -0.9760 0.0632 -0.2084
vn -0.9114 -0.2136 -0.3516
vn -0.9764 0.0847 -0.1986
vn -0.8977 -0.2400 -0.3695
vn -0.9783 0.0920 -0.1857
vn -0.8901 -0.2226 -0.3976
vn -0.9900 0.1019 -0.0974
vn -0.9209 -0.0079 -0.3897
vn -0.9966 0.0775 0.0293
vn -0.9242 0.0874 -0.3718
vn -0.9983 0.0504 0.0302
vn -0.9342 0.0103 -0.3567
vn -0.9988 -0.0488 0.0052
vn -0.9289 -0.0902 -0.3592
vn -0.9611 -0.2739 0.0352
vn -0.9229 -0.0795 -0.3767
vn -0.9062 -0.4216 -0.0317
vn -0.9373 -0.1158 -0.3289
vn -0.8817 -0.4584 -0.1117
vn -0.6284 -0.4110 0.6605
vn -0.6724 -0.7394 -0.0341
vn -0.6605 -0.7500 -0.0361
vn -0.6827 -0.7183 -0.1337
vn -0.7232 -0.5515 -0.4157
vn -0.7439 -0.4515 -0.4927
vn -0.7511 -0.4753 -0.4582
vn -0.6953 -0.5298 -0.4856
vn -0.7644 -0.0918 -0.6382
vn -0.7433 0.1423 -0.6537
vn -0.7563 0.0404 -0.6530
vn -0.7612 0.0051 -0.6485
vn -0.8064 0.1508 -0.5719
vn -0.8726 0.1828 -0.4530
vn -0.9223 0.0339 -0.3849
vn -0.9283 -0.2621 -0.2637
vn -0.3605 0.5607 -0.7455
vn -0.0127 0.5943 -0.8041
vn -0.3673 0.4254 -0.8271
vn -0.0017 0.9076 0.4197
vn -0.4974 0.7505 0.4352
vn -0.5228 0.7241 -0.4498
vn 0.0032 0.8702 -0.4927
vn -0.5225 0.7474 -0.4102
vn 0.0017 0.8985 -0.4390
vn -0.5338 0.8110 -0.2396
vn -0.0066 0.9763 -0.2163
vn -0.5304 0.8466 0.0441
vn 0.0073 0.9928 0.1199
vn -0.5413 0.8074 0.2345
vn 0.0099 0.9383 0.3458
vn -0.5208 0.7587 0.3913
vn 0.0136 0.8494 0.5276
vn -0.4874 0.6140 0.6208
vn 0.0151 0.6430 0.7657
vn -0.4820 0.3065 0.8208
vn 0.0262 0.3093 0.9506
vn -0.5074 0.0306 0.8611
vn 0.0179 -0.0125 0.9998
vn -0.5196 -0.2875 0.8046
vn 0.0242 -0.3219 0.9465
vn -0.4798 -0.5258 0.7024
vn 0.0198 -0.5442 0.8388
vn -0.4358 -0.7243 0.5342
vn -0.0588 -0.6690 0.7409
vn -0.4609 -0.8286 0.3178
vn -0.1309 -0.8616 0.4904
vn -0.4639 -0.8593 0.2157
vn -0.0649 -0.9454 0.3194
vn -0.8466 -0.5205 -0.1107
vn -0.7113 0.4874 0.5064
vn -0.8722 0.3488 -0.3429
vn -0.8956 0.3263 -0.3025
vn -0.8952 0.3814 -0.2305
vn -0.8868 0.4555 -0.0784
vn -0.8923 0.4513 0.0141
vn -0.8797 0.4640 0.1037
vn -0.8556 0.4191 0.3038
vn -0.8506 0.2039 0.4847
vn -0.8689 0.0569 0.4917
vn -0.8548 -0.1887 0.4834
vn -0.7598 -0.4707 0.4485
vn -0.6885 -0.6554 0.3104
vn -0.7058 -0.6983 0.1192
vn -0.7203 -0.6921 0.0464
vn -0.4171 -0.5851 0.6955
vn -0.3901 -0.9207 0.0120
vn -0.3852 -0.9228 0.0088
vn -0.4140 -0.9077 -0.0690
vn -0.4777 -0.7526 -0.4533
vn -0.5112 -0.5945 -0.6207
vn -0.5559 -0.6390 -0.5316
vn -0.3050 -0.9509 0.0528
vn -0.6823 -0.6232 -0.3822
vn -0.5513 0.1689 -0.8170
vn -0.5725 0.0269 -0.8195
vn -0.5543 0.1054 -0.8256
vn -0.6163 0.3379 -0.7114
vn -0.6960 0.4379 -0.5690
vn -0.7305 0.3665 -0.5762
vn -0.7412 0.2449 -0.6251
vn -0.1807 -0.6678 0.7221
vn -0.1494 -0.9884 0.0286
vn -0.1590 -0.9869 0.0270
vn -0.1798 -0.9821 -0.0554
vn -0.2474 -0.8411 -0.4810
vn -0.2725 -0.6621 -0.6981
vn -0.2962 -0.7479 -0.5940
vn -0.0942 -0.9459 0.3105
vn -0.9540 -0.1015 0.2821
vn -0.2992 0.2021 -0.9325
vn -0.3348 0.0131 -0.9422
vn -0.3480 0.1852 -0.9190
vn -0.3743 0.5064 -0.7769
vn -0.3977 0.6087 -0.6865
vn -0.4210 -0.9001 0.1121
vn -0.0213 -0.9913 0.1300
vn 0.0081 -0.6820 0.7313
vn -0.0115 -0.9993 0.0366
vn 0.0338 -0.9958 -0.0853
vn -0.0010 -0.8610 -0.5086
vn -0.0210 -0.6890 -0.7245
vn 0.0043 -0.7892 -0.6141
vn 0.0232 -0.8888 0.4576
vn -0.2832 0.9576 0.0522
vn -0.0207 0.1967 -0.9802
vn -0.0047 0.0235 -0.9997
vn 0.0215 0.2444 -0.9694
vn 0.0451 0.5974 -0.8006
vn 0.0255 0.6676 -0.7441
vn -0.5135 0.0858 -0.8538
vn -0.8510 -0.0634 -0.5213
vn -0.5539 -0.8318 -0.0367
vn -0.0056 -0.9930 -0.1181
vn 0.0035 0.1826 -0.9832
vn 0.3110 -0.4162 -0.8544
vn -0.4735 -0.3832 -0.7931
vn -0.6477 -0.7430 -0.1687
vn 0.1087 -0.9706 -0.2147
vn -0.8629 -0.3853 -0.3272
vn -0.3937 -0.8360 -0.3824
vn 0.4498 -0.7639 -0.4628
vt 0.032778 0.105914
vt 0.031975 0.095364
vt 0.041155 0.088398
vt 0.043715 0.106268
vt 0.025889 0.086208
vt 0.030970 0.077525
vt 0.015774 0.080195
vt 0.015157 0.070705
vt 0.360346 0.294218
vt 0.349108 0.297745
vt 0.350290 0.305588
vt 0.362215 0.303525
vt 0.340972 0.294701
vt 0.338597 0.302197
vt 0.333872 0.288683
vt 0.328441 0.293728
vt 0.329990 0.279103
vt 0.321215 0.279306
vt 0.028559 0.117015
vt 0.034921 0.122995
vt 0.027418 0.104072
vt 0.026765 0.096918
vt 0.022756 0.091525
vt 0.015317 0.088943
vt 0.356683 0.286557
vt 0.349438 0.289722
vt 0.343580 0.288198
vt 0.338906 0.283411
vt 0.337778 0.276537
vt 0.023022 0.110795
vt 0.022141 0.098982
vt 0.020701 0.095284
vt 0.017260 0.100995
vt 0.015988 0.095554
vt 0.348317 0.278512
vt 0.345783 0.283293
vt 0.349217 0.284920
vt 0.352670 0.281609
vt 0.342734 0.280880
vt 0.343504 0.276718
vt 0.023039 0.103005
vt 0.019533 0.105899
vt 0.050214 0.112261
vt 0.043924 0.122995
vt 0.059348 0.094050
vt 0.061157 0.105371
vt 0.076552 0.092153
vt 0.073947 0.105537
vt 0.092561 0.102705
vt 0.082975 0.115471
vt 0.283902 0.268127
vt 0.274788 0.280215
vt 0.286601 0.290086
vt 0.292073 0.277086
vt 0.302121 0.292373
vt 0.302361 0.280412
vt 0.313555 0.287405
vt 0.311100 0.277125
vt 0.317502 0.270987
vt 0.068452 0.118659
vt 0.070724 0.113949
vt 0.077483 0.120342
vt 0.070853 0.123043
vt 0.295762 0.261966
vt 0.289629 0.264495
vt 0.294745 0.270274
vt 0.297032 0.266387
vt 0.300671 0.272945
vt 0.300861 0.267085
vt 0.307612 0.271348
vt 0.305037 0.267124
vt 0.312071 0.265403
vt 0.306724 0.262949
vt 0.058768 0.125284
vt 0.052221 0.124542
vt 0.055880 0.117433
vt 0.059330 0.120511
vt 0.062565 0.113205
vt 0.063775 0.119045
vt 0.064793 0.124920
vt 0.301504 0.261584
vt 0.094264 0.094973
vt 0.086425 0.087415
vt 0.092116 0.085054
vt 0.096528 0.089748
vt 0.086542 0.076182
vt 0.091959 0.078538
vt 0.092571 0.068164
vt 0.095329 0.073683
vt 0.101519 0.066791
vt 0.100373 0.072404
vt 0.262014 0.276325
vt 0.258952 0.281827
vt 0.262303 0.286854
vt 0.267305 0.278279
vt 0.253624 0.284158
vt 0.254742 0.290340
vt 0.247722 0.282939
vt 0.246597 0.289585
vt 0.109595 0.068240
vt 0.106423 0.074430
vt 0.076934 0.075436
vt 0.086081 0.058326
vt 0.102536 0.057384
vt 0.112340 0.058985
vt 0.246024 0.299138
vt 0.256589 0.298542
vt 0.267824 0.293497
vt 0.095799 0.079852
vt 0.095381 0.083505
vt 0.098735 0.085397
vt 0.257584 0.274978
vt 0.256513 0.278587
vt 0.252759 0.278933
vt 0.249176 0.279317
vt 0.100341 0.076886
vt 0.104130 0.077853
vt 0.097000 0.076748
vt 0.099593 0.080765
vt 0.103848 0.081722
vt 0.102770 0.085608
vt 0.055870 0.075909
vt 0.321039 0.301624
vt 0.335594 0.312169
vt 0.351835 0.316691
vt 0.369857 0.315407
vt 0.017745 0.056620
vt 0.039331 0.065912
vt 0.032092 0.047691
vt 0.046786 0.058911
vt 0.066486 0.059930
vt 0.306644 0.312097
vt 0.330784 0.325578
vt 0.351902 0.331887
vt 0.372106 0.332766
vt 0.013098 0.039492
vt 0.030628 0.035006
vt 0.278527 0.307069
vt 0.258430 0.311200
vt 0.245028 0.311960
vt 0.115412 0.046260
vt 0.104033 0.043786
vt 0.088607 0.042474
vt 0.074544 0.042457
vt 0.041436 0.035161
vt 0.041810 0.044144
vt 0.050116 0.049891
vt 0.059758 0.049612
vt 0.064273 0.041249
vt 0.035352 0.017563
vt 0.046443 0.027606
vt 0.057111 0.012867
vt 0.055514 0.026447
vt 0.072716 0.022806
vt 0.062899 0.031621
vt 0.051624 0.043801
vt 0.047186 0.042054
vt 0.047823 0.037271
vt 0.049460 0.032841
vt 0.054025 0.033683
vt 0.058417 0.035261
vt 0.057923 0.040261
vt 0.056515 0.044648
vt 0.052508 0.039034
vt 0.089539 0.024901
vt 0.108191 0.027842
vt 0.119052 0.029947
vt 0.241723 0.328023
vt 0.255781 0.328199
vt 0.276275 0.329808
vt 0.301608 0.335312
vt 0.327692 0.344723
vt 0.351446 0.350518
vt 0.373916 0.351376
vt 0.010354 0.020525
vt 0.397760 0.611921
vt 0.403132 0.593837
vt 0.422383 0.598046
vt 0.416676 0.615148
vt 0.436588 0.602239
vt 0.431936 0.619094
vt 0.402867 0.564267
vt 0.386027 0.565183
vt 0.384536 0.552623
vt 0.401520 0.550323
vt 0.381868 0.536220
vt 0.400797 0.534409
vt 0.381718 0.520900
vt 0.402219 0.518848
vt 0.387632 0.506002
vt 0.406407 0.503326
vt 0.391186 0.487623
vt 0.410355 0.486131
vt 0.395162 0.467705
vt 0.414082 0.467718
vt 0.309290 0.605860
vt 0.309755 0.586051
vt 0.330676 0.590014
vt 0.329154 0.609093
vt 0.354320 0.591375
vt 0.351489 0.610091
vt 0.380016 0.591561
vt 0.376042 0.610127
vt 0.365402 0.538363
vt 0.362866 0.523056
vt 0.372011 0.508976
vt 0.371051 0.488775
vt 0.376427 0.466689
vt 0.312067 0.566626
vt 0.333339 0.571162
vt 0.356959 0.572531
vt 0.383815 0.572089
vt 0.408770 0.575563
vt 0.427802 0.581748
vt 0.440545 0.586590
vt 0.370390 0.565489
vt 0.368874 0.555409
vt 0.437710 0.545380
vt 0.419553 0.547763
vt 0.420020 0.532285
vt 0.438936 0.530059
vt 0.438031 0.560921
vt 0.420388 0.562681
vt 0.406090 0.650163
vt 0.411240 0.632668
vt 0.427070 0.636658
vt 0.422051 0.654274
vt 0.387684 0.647915
vt 0.392649 0.629864
vt 0.367566 0.647253
vt 0.371887 0.628548
vt 0.344962 0.648590
vt 0.348144 0.629280
vt 0.324950 0.648592
vt 0.327187 0.628670
vt 0.307932 0.645572
vt 0.308854 0.625662
vt 0.449268 0.483659
vt 0.429727 0.484976
vt 0.432960 0.467909
vt 0.451969 0.467456
vt 0.445658 0.499534
vt 0.425986 0.501340
vt 0.441779 0.514846
vt 0.422248 0.516868
vt 0.474507 0.541609
vt 0.455920 0.543312
vt 0.457922 0.527819
vt 0.477648 0.525647
vt 0.473855 0.557693
vt 0.455671 0.559126
vt 0.395447 0.686763
vt 0.400816 0.667989
vt 0.417322 0.671925
vt 0.412387 0.690023
vt 0.377361 0.686309
vt 0.382471 0.666626
vt 0.358625 0.686758
vt 0.362950 0.666711
vt 0.339480 0.687192
vt 0.342299 0.667801
vt 0.321370 0.686802
vt 0.323402 0.667598
vt 0.304800 0.684514
vt 0.306587 0.665229
vt 0.488660 0.477693
vt 0.469104 0.481459
vt 0.470662 0.465577
vt 0.488768 0.462030
vt 0.486421 0.493816
vt 0.465880 0.497285
vt 0.482200 0.509902
vt 0.461506 0.512632
vt 0.529465 0.533124
vt 0.517010 0.537033
vt 0.521912 0.514630
vt 0.534313 0.509532
vt 0.517732 0.563568
vt 0.510836 0.557095
vt 0.386516 0.740815
vt 0.388703 0.729665
vt 0.406545 0.727560
vt 0.407315 0.736967
vt 0.369480 0.745929
vt 0.370028 0.732526
vt 0.350310 0.749703
vt 0.351840 0.733967
vt 0.333062 0.745398
vt 0.334298 0.732371
vt 0.316161 0.737471
vt 0.317422 0.729485
vt 0.301891 0.735853
vt 0.302191 0.726343
vt 0.540030 0.452906
vt 0.530417 0.459896
vt 0.525015 0.445884
vt 0.532585 0.440810
vt 0.545349 0.467614
vt 0.531221 0.476288
vt 0.539832 0.491077
vt 0.527104 0.495224
vt 0.495542 0.523873
vt 0.500245 0.506461
vt 0.504391 0.488892
vt 0.505271 0.472269
vt 0.503547 0.456835
vt 0.303543 0.700955
vt 0.319786 0.704051
vt 0.337394 0.704496
vt 0.355581 0.704592
vt 0.373805 0.704911
vt 0.391658 0.705083
vt 0.408282 0.706897
vt 0.490698 0.556655
vt 0.491838 0.540773
vt 0.371407 0.719530
vt 0.389612 0.719072
vt 0.406517 0.718953
vt 0.502478 0.556573
vt 0.505337 0.540136
vt 0.510038 0.520359
vt 0.515021 0.501318
vt 0.519517 0.482633
vt 0.520790 0.465457
vt 0.516183 0.451046
vt 0.302407 0.715540
vt 0.318666 0.718109
vt 0.335637 0.719136
vt 0.353394 0.719828
vt 0.391101 0.087156
vt 0.387383 0.091778
vt 0.369665 0.086733
vt 0.376428 0.077674
vt 0.421789 0.104067
vt 0.428685 0.112839
vt 0.428728 0.124703
vt 0.419924 0.115037
vt 0.395023 0.106845
vt 0.400866 0.098178
vt 0.413314 0.099956
vt 0.409449 0.110331
vt 0.240606 0.108931
vt 0.233769 0.107633
vt 0.236118 0.091458
vt 0.242523 0.092569
vt 0.288989 0.085886
vt 0.274770 0.082521
vt 0.276500 0.066701
vt 0.292990 0.068552
vt 0.301660 0.119924
vt 0.277292 0.115772
vt 0.274863 0.099017
vt 0.289871 0.102888
vt 0.277020 0.131847
vt 0.259323 0.128622
vt 0.260404 0.112557
vt 0.402800 0.130037
vt 0.384558 0.129391
vt 0.352618 0.089738
vt 0.347232 0.066445
vt 0.364407 0.067244
vt 0.348740 0.108499
vt 0.368240 0.107598
vt 0.359728 0.128194
vt 0.332673 0.124790
vt 0.354662 0.145028
vt 0.377681 0.147760
vt 0.368439 0.059508
vt 0.244458 0.076119
vt 0.238641 0.075257
vt 0.241721 0.059274
vt 0.246960 0.059998
vt 0.771599 0.682502
vt 0.782523 0.691810
vt 0.792932 0.686939
vt 0.789634 0.680867
vt 0.261702 0.079774
vt 0.263300 0.063974
vt 0.260960 0.096175
vt 0.238292 0.124872
vt 0.231232 0.123417
vt 0.301817 0.136447
vt 0.417181 0.132109
vt 0.428778 0.136869
vt 0.414130 0.151947
vt 0.428859 0.153805
vt 0.397291 0.150002
vt 0.328839 0.141121
vt 0.345546 0.046463
vt 0.335804 0.056336
vt 0.335477 0.045127
vt 0.326305 0.051926
vt 0.325089 0.046280
vt 0.318188 0.054270
vt 0.317034 0.050907
vt 0.305107 0.058664
vt 0.298651 0.049456
vt 0.293507 0.056616
vt 0.278085 0.053990
vt 0.265886 0.050001
vt 0.245383 0.044741
vt 0.250248 0.045533
vt 0.250126 0.093980
vt 0.251468 0.077555
vt 0.257006 0.143862
vt 0.275542 0.146837
vt 0.300149 0.150589
vt 0.326093 0.154566
vt 0.351241 0.159342
vt 0.372712 0.163436
vt 0.392879 0.167442
vt 0.411442 0.170739
vt 0.428971 0.173634
vt 0.405980 0.204893
vt 0.408841 0.188304
vt 0.429090 0.192103
vt 0.429209 0.208530
vt 0.382276 0.199656
vt 0.388489 0.184083
vt 0.362536 0.195476
vt 0.368462 0.178956
vt 0.340979 0.194646
vt 0.348141 0.173522
vt 0.318973 0.182765
vt 0.323492 0.167607
vt 0.297177 0.179707
vt 0.298414 0.164697
vt 0.271267 0.175477
vt 0.273554 0.161141
vt 0.249544 0.173021
vt 0.253668 0.158441
vt 0.243931 0.141718
vt 0.246724 0.126384
vt 0.235763 0.170237
vt 0.240256 0.156278
vt 0.429347 0.225970
vt 0.403410 0.221924
vt 0.374048 0.215306
vt 0.351621 0.216042
vt 0.338478 0.205366
vt 0.314766 0.199717
vt 0.297834 0.194760
vt 0.269280 0.189771
vt 0.241400 0.188777
vt 0.227276 0.168186
vt 0.221755 0.180907
vt 0.216957 0.178959
vt 0.220876 0.166287
vt 0.219184 0.197212
vt 0.242131 0.201833
vt 0.220387 0.201337
vt 0.240384 0.214421
vt 0.233107 0.233452
vt 0.216707 0.210821
vt 0.219523 0.205923
vt 0.211167 0.213508
vt 0.213779 0.230663
vt 0.202705 0.228678
vt 0.205974 0.215402
vt 0.377920 0.233039
vt 0.351107 0.223724
vt 0.404067 0.239447
vt 0.429491 0.242758
vt 0.336836 0.217008
vt 0.314775 0.207050
vt 0.294425 0.207724
vt 0.268284 0.204042
vt 0.429657 0.260960
vt 0.406095 0.259479
vt 0.381667 0.252974
vt 0.355783 0.240937
vt 0.336437 0.228996
vt 0.313127 0.226218
vt 0.292250 0.222697
vt 0.266943 0.218949
vt 0.429887 0.284710
vt 0.409927 0.283365
vt 0.430195 0.314979
vt 0.417195 0.315093
vt 0.430509 0.344635
vt 0.421115 0.342614
vt 0.387958 0.277283
vt 0.406570 0.313219
vt 0.412329 0.341789
vt 0.191470 0.281336
vt 0.177499 0.297330
vt 0.172626 0.290238
vt 0.184045 0.276279
vt 0.201110 0.265576
vt 0.192187 0.260788
vt 0.208055 0.249014
vt 0.198226 0.244834
vt 0.181384 0.304483
vt 0.199601 0.286024
vt 0.208083 0.271945
vt 0.217384 0.255833
vt 0.358667 0.258734
vt 0.335915 0.248321
vt 0.313899 0.243221
vt 0.292356 0.239897
vt 0.266212 0.235923
vt 0.380233 0.288818
vt 0.357198 0.272454
vt 0.396149 0.314103
vt 0.402561 0.341154
vt 0.201016 0.298641
vt 0.183716 0.313240
vt 0.211828 0.282147
vt 0.223102 0.267336
vt 0.335874 0.262919
vt 0.315664 0.257304
vt 0.295174 0.254763
vt 0.270113 0.252777
vt 0.244162 0.255702
vt 0.610239 0.345482
vt 0.631192 0.332805
vt 0.637492 0.347770
vt 0.611911 0.357747
vt 0.593428 0.367451
vt 0.595479 0.357120
vt 0.578190 0.366216
vt 0.574349 0.373412
vt 0.551174 0.374836
vt 0.555032 0.367200
vt 0.149186 0.549900
vt 0.170903 0.555570
vt 0.166888 0.562413
vt 0.145823 0.557316
vt 0.124834 0.549505
vt 0.125693 0.540437
vt 0.101171 0.542430
vt 0.100953 0.532264
vt 0.078878 0.527181
vt 0.081233 0.537646
vt 0.061351 0.535003
vt 0.058255 0.523722
vt 0.037729 0.522736
vt 0.041449 0.534295
vt 0.018385 0.535866
vt 0.012960 0.522781
vt 0.657811 0.328654
vt 0.662605 0.342822
vt 0.239072 0.354095
vt 0.239165 0.384013
vt 0.205190 0.375342
vt 0.213490 0.344117
vt 0.611817 0.387666
vt 0.585934 0.392882
vt 0.563083 0.393866
vt 0.542679 0.392797
vt 0.158144 0.578895
vt 0.139902 0.574804
vt 0.121846 0.568868
vt 0.103615 0.563351
vt 0.085807 0.559399
vt 0.067574 0.558561
vt 0.048362 0.560515
vt 0.027732 0.564618
vt 0.670266 0.373519
vt 0.645792 0.378995
vt 0.123341 0.587627
vt 0.104682 0.583747
vt 0.084061 0.580844
vt 0.063640 0.580821
vt 0.044519 0.583037
vt 0.025211 0.587714
vt 0.664316 0.396374
vt 0.641923 0.401535
vt 0.613352 0.408669
vt 0.589580 0.413470
vt 0.567776 0.413777
vt 0.546940 0.411501
vt 0.160154 0.597136
vt 0.141648 0.592430
vt 0.169474 0.691856
vt 0.150616 0.696852
vt 0.145394 0.666153
vt 0.164607 0.664668
vt 0.128574 0.700054
vt 0.125352 0.666676
vt 0.104636 0.702223
vt 0.104239 0.666928
vt 0.083714 0.701390
vt 0.082946 0.667705
vt 0.061057 0.700480
vt 0.059807 0.668220
vt 0.038526 0.699981
vt 0.037176 0.669533
vt 0.017781 0.699715
vt 0.018074 0.670111
vt 0.655322 0.509419
vt 0.634171 0.509884
vt 0.635056 0.481446
vt 0.655089 0.479975
vt 0.614188 0.510540
vt 0.615437 0.482840
vt 0.594753 0.511374
vt 0.596061 0.483418
vt 0.575279 0.511887
vt 0.576250 0.483539
vt 0.555650 0.511767
vt 0.556293 0.483284
vt 0.104230 0.635303
vt 0.081955 0.634935
vt 0.082472 0.605622
vt 0.104630 0.607522
vt 0.060203 0.635871
vt 0.061224 0.606476
vt 0.039806 0.638200
vt 0.041716 0.608915
vt 0.020925 0.641104
vt 0.022956 0.613232
vt 0.655194 0.450626
vt 0.635728 0.453750
vt 0.637775 0.426470
vt 0.658466 0.422034
vt 0.615194 0.456372
vt 0.614392 0.431118
vt 0.595093 0.457685
vt 0.592567 0.433623
vt 0.575096 0.457520
vt 0.571775 0.433504
vt 0.555043 0.456757
vt 0.551464 0.432268
vt 0.162775 0.640046
vt 0.143911 0.638475
vt 0.143000 0.613656
vt 0.161685 0.617127
vt 0.124510 0.636704
vt 0.124186 0.610323
vt 0.134408 0.733453
vt 0.101531 0.742917
vt 0.084076 0.734660
vt 0.053601 0.743979
vt 0.035883 0.734372
vt 0.015386 0.731265
vt 0.650541 0.541699
vt 0.630475 0.540286
vt 0.610987 0.538741
vt 0.591137 0.538216
vt 0.572117 0.538651
vt 0.553663 0.539368
vt 0.178383 0.718218
vt 0.160353 0.723828
vt 0.128537 0.754114
vt 0.104984 0.758820
vt 0.124866 0.768172
vt 0.126226 0.775297
vt 0.119199 0.775279
vt 0.114433 0.769429
vt 0.126886 0.781753
vt 0.117588 0.781334
vt 0.155934 0.131301
vt 0.158850 0.140468
vt 0.165302 0.138719
vt 0.166625 0.130827
vt 0.146669 0.134704
vt 0.151278 0.141046
vt 0.132174 0.773312
vt 0.134852 0.778167
vt 0.136627 0.767269
vt 0.144383 0.760024
vt 0.149977 0.768014
vt 0.143062 0.772920
vt 0.108734 0.778814
vt 0.099319 0.774768
vt 0.176219 0.135105
vt 0.170585 0.144675
vt 0.177277 0.153990
vt 0.187329 0.139402
vt 0.161306 0.149984
vt 0.162351 0.161971
vt 0.149601 0.151413
vt 0.145047 0.165079
vt 0.139293 0.142502
vt 0.134061 0.150235
vt 0.152932 0.746503
vt 0.168192 0.737810
vt 0.173327 0.748037
vt 0.173156 0.753815
vt 0.168545 0.758708
vt 0.163015 0.753272
vt 0.178029 0.756653
vt 0.171945 0.761817
vt 0.110065 0.173513
vt 0.114529 0.174363
vt 0.119144 0.169485
vt 0.114129 0.165496
vt 0.122955 0.165730
vt 0.119951 0.159232
vt 0.164955 0.764949
vt 0.162539 0.760936
vt 0.155305 0.760122
vt 0.156398 0.767702
vt 0.132634 0.165157
vt 0.128764 0.154781
vt 0.126572 0.173848
vt 0.139816 0.183207
vt 0.116782 0.179814
vt 0.122653 0.189475
vt 0.107522 0.181550
vt 0.108136 0.195186
vt 0.185596 0.738017
vt 0.181585 0.750042
vt 0.090986 0.765045
vt 0.073233 0.759600
vt 0.083631 0.773427
vt 0.079066 0.778716
vt 0.070668 0.777033
vt 0.071426 0.770460
vt 0.208507 0.150061
vt 0.205005 0.155955
vt 0.211404 0.163555
vt 0.214916 0.156621
vt 0.200080 0.163793
vt 0.206237 0.166946
vt 0.199301 0.153420
vt 0.196497 0.158431
vt 0.202566 0.147138
vt 0.090994 0.776919
vt 0.085092 0.778980
vt 0.196379 0.143646
vt 0.190889 0.152994
vt 0.189677 0.162316
vt 0.195264 0.169887
vt 0.205295 0.173811
vt 0.056700 0.784227
vt 0.060622 0.777080
vt 0.065578 0.781903
vt 0.062540 0.786528
vt 0.057688 0.765502
vt 0.047716 0.778915
vt 0.188620 0.179340
vt 0.203032 0.185133
vt 0.179053 0.169208
vt 0.037180 0.770121
vt 0.181011 0.192880
vt 0.199546 0.200063
vt 0.163463 0.182700
vt 0.586757 0.557092
vt 0.566299 0.559661
vt 0.624978 0.558841
vt 0.609706 0.556739
vt 0.026383 0.761798
vt 0.012960 0.748181
vt 0.647581 0.559661
vt 0.547985 0.559619
vt 0.175552 0.214690
vt 0.197525 0.214795
vt 0.155787 0.216962
vt 0.138026 0.206562
vt 0.126450 0.201242
vt 0.118976 0.211541
vt 0.169685 0.242368
vt 0.192754 0.235853
vt 0.153415 0.241396
vt 0.131783 0.229710
vt 0.422151 0.095369
vt 0.422734 0.087410
vt 0.428618 0.087919
vt 0.428646 0.099838
vt 0.415374 0.091840
vt 0.417086 0.078206
vt 0.405898 0.088976
vt 0.409773 0.078277
vt 0.394668 0.080701
vt 0.402796 0.069229
vt 0.384884 0.067356
vt 0.397026 0.055867
vt 0.372923 0.050785
vt 0.384177 0.041163
vt 0.362245 0.038685
vt 0.381681 0.030700
vt 0.346273 0.034149
vt 0.362062 0.028471
vt 0.331480 0.035942
vt 0.342975 0.028688
vt 0.314305 0.040370
vt 0.326462 0.027196
vt 0.298778 0.039129
vt 0.312504 0.026515
vt 0.290026 0.042191
vt 0.296957 0.026372
vt 0.278976 0.039176
vt 0.281949 0.025584
vt 0.267919 0.036117
vt 0.270064 0.024093
vt 0.253735 0.032491
vt 0.249197 0.032320
vt 0.252799 0.021859
vt 0.256895 0.021882
vt 0.428598 0.076087
vt 0.412464 0.065034
vt 0.428587 0.064341
vt 0.407236 0.050301
vt 0.428583 0.052164
vt 0.405875 0.037612
vt 0.428587 0.039934
vt 0.406438 0.028811
vt 0.428605 0.026015
vt 0.704655 0.441790
vt 0.701391 0.461084
vt 0.713138 0.463010
vt 0.712032 0.444710
vt 0.723886 0.448559
vt 0.728777 0.464659
vt 0.747257 0.464732
vt 0.740238 0.451874
vt 0.228553 0.183677
vt 0.217027 0.194645
vt 0.797144 0.425366
vt 0.812949 0.425004
vt 0.824067 0.405451
vt 0.806319 0.410091
vt 0.773516 0.447161
vt 0.790630 0.452659
vt 0.802910 0.439582
vt 0.786428 0.438090
vt 0.767959 0.463846
vt 0.758982 0.451516
vt 0.830023 0.387673
vt 0.812685 0.392538
vt 0.320547 0.021342
vt 0.336555 0.022757
vt 0.352962 0.022003
vt 0.370708 0.022929
vt 0.271838 0.015113
vt 0.284393 0.016568
vt 0.390112 0.023205
vt 0.409902 0.022341
vt 0.301463 0.018514
vt 0.700477 0.440143
vt 0.694157 0.459595
vt 0.428618 0.019056
vt 0.261878 0.022778
vt 0.264067 0.013848
vt 0.845465 0.383854
vt 0.846771 0.368072
vt 0.831325 0.371323
vt 0.837754 0.406466
vt 0.841522 0.820352
vt 0.851955 0.833440
vt 0.844738 0.844425
vt 0.831865 0.831883
vt 0.855367 0.803280
vt 0.866739 0.814829
vt 0.860364 0.843793
vt 0.853927 0.853377
vt 0.877908 0.826369
vt 0.869649 0.854730
vt 0.862841 0.862060
vt 0.888687 0.836813
vt 0.881060 0.797254
vt 0.895741 0.779047
vt 0.909978 0.792031
vt 0.893313 0.809224
vt 0.925110 0.802200
vt 0.905425 0.819884
vt 0.868382 0.786158
vt 0.878880 0.770742
vt 0.930290 0.817230
vt 0.914474 0.831872
vt 0.882847 0.862680
vt 0.873610 0.872550
vt 0.898815 0.847034
vt 0.886549 0.755882
vt 0.876400 0.731293
vt 0.919581 0.736959
vt 0.910005 0.759031
vt 0.939179 0.766441
vt 0.926245 0.777143
vt 0.945051 0.788501
vt 0.967741 0.774917
vt 0.966025 0.801789
vt 0.945700 0.804003
vt 0.827309 0.427511
vt 0.817557 0.445266
vt 0.808367 0.460930
vt 0.782776 0.471479
vt 0.820957 0.520829
vt 0.803639 0.521684
vt 0.793792 0.542654
vt 0.827128 0.550404
vt 0.767459 0.482890
vt 0.785419 0.499845
vt 0.827463 0.485054
vt 0.794021 0.558635
vt 0.812501 0.574619
vt 0.758500 0.288670
vt 0.772288 0.291808
vt 0.787860 0.285618
vt 0.766069 0.276643
vt 0.259804 0.012778
vt 0.256156 0.047194
vt 0.259391 0.033994
vt 0.214929 0.193057
vt 0.231573 0.154634
vt 0.235318 0.140163
vt 0.253327 0.061415
vt 0.248687 0.110379
vt 0.782342 0.522807
vt 0.774660 0.537904
vt 0.744375 0.482532
vt 0.759393 0.500695
vt 0.769286 0.552334
vt 0.720755 0.479029
vt 0.728604 0.496532
vt 0.733087 0.533595
vt 0.729002 0.549976
vt 0.736771 0.515096
vt 0.702937 0.475710
vt 0.704507 0.491925
vt 0.705064 0.526655
vt 0.702438 0.545452
vt 0.705914 0.508936
vt 0.687836 0.459491
vt 0.681599 0.472189
vt 0.691175 0.473557
vt 0.684583 0.505764
vt 0.668397 0.503797
vt 0.662798 0.521748
vt 0.679914 0.522921
vt 0.674808 0.487226
vt 0.687826 0.489274
vt 0.658203 0.541441
vt 0.674247 0.541727
vt 0.518393 0.869159
vt 0.506088 0.864123
vt 0.513487 0.852336
vt 0.526441 0.853474
vt 0.791298 0.565498
vt 0.801159 0.583309
vt 0.456904 0.579594
vt 0.470314 0.590269
vt 0.461522 0.603041
vt 0.450948 0.589565
vt 0.490779 0.613611
vt 0.477484 0.625095
vt 0.507603 0.643006
vt 0.494458 0.651109
vt 0.520837 0.674190
vt 0.505946 0.680537
vt 0.524938 0.706586
vt 0.513032 0.712210
vt 0.766469 0.564924
vt 0.726697 0.573925
vt 0.669569 0.567034
vt 0.692963 0.569147
vt 0.664958 0.595005
vt 0.680128 0.598690
vt 0.660120 0.626435
vt 0.669334 0.628615
vt 0.659788 0.660248
vt 0.669849 0.662056
vt 0.759642 0.712956
vt 0.779980 0.705784
vt 0.759494 0.701023
vt 0.700891 0.602200
vt 0.682126 0.629987
vt 0.519763 0.833230
vt 0.537383 0.833262
vt 0.537592 0.857186
vt 0.963785 0.836119
vt 0.949382 0.847368
vt 0.939300 0.832367
vt 0.955263 0.820454
vt 0.935197 0.858813
vt 0.924362 0.844429
vt 0.920507 0.870272
vt 0.908970 0.857535
vt 0.906652 0.882052
vt 0.894819 0.870991
vt 0.895132 0.893508
vt 0.883943 0.882613
vt 0.832854 0.584074
vt 0.819579 0.599591
vt 0.809790 0.615988
vt 0.797825 0.607046
vt 0.512811 0.802642
vt 0.522791 0.781143
vt 0.529834 0.780159
vt 0.531905 0.798728
vt 0.523608 0.765809
vt 0.530228 0.765809
vt 0.525276 0.816640
vt 0.536377 0.815199
vt 0.457964 0.569721
vt 0.475686 0.582660
vt 0.507883 0.604771
vt 0.521397 0.638552
vt 0.532353 0.669051
vt 0.532214 0.701949
vt 0.504453 0.831435
vt 0.499621 0.799998
vt 0.513840 0.782620
vt 0.514559 0.766071
vt 0.514692 0.817875
vt 0.527872 0.874114
vt 0.524699 0.748069
vt 0.536682 0.749270
vt 0.512803 0.748934
vt 0.526045 0.732639
vt 0.535030 0.729521
vt 0.514401 0.734151
vt 0.679875 0.663256
vt 0.755779 0.691946
vt 0.730759 0.700287
vt 0.732047 0.709653
vt 0.732579 0.719308
vt 0.495794 0.716634
vt 0.487111 0.689162
vt 0.489986 0.829106
vt 0.498804 0.816040
vt 0.503585 0.780978
vt 0.503764 0.764505
vt 0.476585 0.663677
vt 0.464492 0.637434
vt 0.500602 0.748975
vt 0.499159 0.735774
vt 0.452967 0.614765
vt 0.444702 0.601165
vt 0.493106 0.857440
vt 0.501263 0.848607
vt 0.493781 0.798985
vt 0.970469 0.850477
vt 0.959112 0.861585
vt 0.932231 0.883257
vt 0.918419 0.894367
vt 0.947138 0.872950
vt 0.907994 0.906029
vt 0.834357 0.667842
vt 0.821886 0.672168
vt 0.828583 0.688211
vt 0.842099 0.682562
vt 0.813367 0.642396
vt 0.802842 0.655235
vt 0.809955 0.664220
vt 0.823586 0.654431
vt 0.828696 0.703297
vt 0.846771 0.696353
vt 0.802574 0.630699
vt 0.794773 0.644745
vt 0.794168 0.624507
vt 0.787816 0.638994
vt 0.490574 0.779850
vt 0.471327 0.773562
vt 0.474587 0.760618
vt 0.491130 0.763690
vt 0.456129 0.648999
vt 0.447284 0.659650
vt 0.444432 0.644725
vt 0.448711 0.628314
vt 0.482340 0.797970
vt 0.464968 0.787838
vt 0.464341 0.672138
vt 0.452073 0.680414
vt 0.481902 0.811884
vt 0.463948 0.802842
vt 0.472980 0.696009
vt 0.458887 0.703028
vt 0.480105 0.826191
vt 0.464523 0.818433
vt 0.480763 0.720271
vt 0.466601 0.723785
vt 0.486080 0.737057
vt 0.472468 0.737624
vt 0.488617 0.748088
vt 0.474585 0.747294
vt 0.483091 0.840775
vt 0.465586 0.831376
vt 0.477041 0.851753
vt 0.459665 0.841647
vt 0.436320 0.634511
vt 0.442111 0.616569
vt 0.460788 0.755179
vt 0.462534 0.744965
vt 0.450282 0.749704
vt 0.450138 0.741254
vt 0.441478 0.752590
vt 0.433742 0.739075
vt 0.435655 0.761906
vt 0.425355 0.753453
vt 0.434780 0.775518
vt 0.427029 0.776825
vt 0.444895 0.792342
vt 0.432216 0.795650
vt 0.450736 0.810943
vt 0.440500 0.812979
vt 0.455411 0.822588
vt 0.449781 0.827403
vt 0.448946 0.776318
vt 0.455238 0.764595
vt 0.437711 0.653915
vt 0.429829 0.649535
vt 0.425882 0.665442
vt 0.436778 0.666745
vt 0.423246 0.683822
vt 0.436806 0.687998
vt 0.429971 0.703242
vt 0.421887 0.702799
vt 0.434845 0.723173
vt 0.423893 0.725818
vt 0.461257 0.737886
vt 0.448455 0.737058
vt 0.440154 0.731635
vt 0.454750 0.727903
vt 0.445182 0.710626
vt 0.803704 0.668734
vt 0.809611 0.676291
vt 0.817533 0.685072
vt 0.812601 0.711657
vt 0.796337 0.667029
vt 0.787282 0.658036
vt 0.782726 0.655229
vt 0.788009 0.669925
vt 0.794545 0.671582
vt 0.796208 0.675303
vt 0.804237 0.687254
vt 0.802621 0.714192
vt 0.800858 0.680817
vt 0.779072 0.668155
vt 0.793919 0.698594
vt 0.791968 0.717255
vt 0.731832 0.729469
vt 0.757348 0.724310
vt 0.778398 0.720107
vt 0.650242 0.624679
vt 0.649471 0.657197
vt 0.651852 0.591894
vt 0.654549 0.565111
vt 0.228266 0.138464
vt 0.224710 0.152898
vt 0.212868 0.192425
vt 0.815429 0.375174
vt 0.255852 0.012907
vt 0.041962 0.851646
vt 0.069098 0.850242
vt 0.068990 0.857677
vt 0.041978 0.856647
vt 0.096038 0.848259
vt 0.096025 0.857642
vt 0.122796 0.845974
vt 0.122997 0.857499
vt 0.148685 0.843486
vt 0.148998 0.856229
vt 0.174447 0.841005
vt 0.175422 0.854891
vt 0.200111 0.838499
vt 0.201665 0.853109
vt 0.223771 0.836407
vt 0.225795 0.852151
vt 0.247125 0.833283
vt 0.248813 0.850634
vt 0.270819 0.831604
vt 0.272684 0.849315
vt 0.294004 0.830336
vt 0.295672 0.847818
vt 0.319290 0.827294
vt 0.320210 0.842931
vt 0.345771 0.825874
vt 0.346783 0.838251
vt 0.375615 0.825901
vt 0.377145 0.839163
vt 0.068904 0.863713
vt 0.041846 0.861255
vt 0.095994 0.865930
vt 0.122521 0.867221
vt 0.148698 0.868066
vt 0.174769 0.868307
vt 0.201589 0.868786
vt 0.226943 0.868868
vt 0.250023 0.867971
vt 0.276066 0.866216
vt 0.299852 0.864600
vt 0.323048 0.861221
vt 0.351030 0.854871
vt 0.378365 0.849381
vt 0.402397 0.836562
vt 0.401432 0.846513
vt 0.401874 0.860387
vt 0.416140 0.850684
vt 0.422746 0.861136
vt 0.404581 0.874206
vt 0.039295 0.833300
vt 0.063237 0.822173
vt 0.065467 0.830051
vt 0.039817 0.839196
vt 0.087313 0.809975
vt 0.090854 0.820962
vt 0.111504 0.797939
vt 0.116155 0.812854
vt 0.136428 0.786310
vt 0.141305 0.805259
vt 0.162443 0.775076
vt 0.166479 0.798031
vt 0.188824 0.765714
vt 0.192045 0.791244
vt 0.216550 0.758057
vt 0.217921 0.785344
vt 0.245210 0.752690
vt 0.244590 0.780788
vt 0.273571 0.750202
vt 0.271482 0.778682
vt 0.300513 0.750852
vt 0.298809 0.781056
vt 0.324476 0.755650
vt 0.324311 0.784307
vt 0.343634 0.763214
vt 0.349810 0.788338
vt 0.370886 0.777241
vt 0.373987 0.794190
vt 0.393316 0.789106
vt 0.395753 0.800256
vt 0.401891 0.824565
vt 0.041278 0.845646
vt 0.068088 0.840884
vt 0.094904 0.836075
vt 0.120996 0.831380
vt 0.146470 0.826849
vt 0.171619 0.822630
vt 0.196578 0.818994
vt 0.220919 0.815559
vt 0.245431 0.812279
vt 0.270136 0.809947
vt 0.295189 0.809133
vt 0.321086 0.808276
vt 0.347373 0.808276
vt 0.374845 0.810220
vt 0.398990 0.812358
vt 0.068366 0.868233
vt 0.041499 0.864838
vt 0.095111 0.872251
vt 0.121391 0.875551
vt 0.147192 0.878392
vt 0.173562 0.881206
vt 0.200622 0.883405
vt 0.226840 0.884285
vt 0.248592 0.885332
vt 0.278289 0.884811
vt 0.303998 0.881025
vt 0.328471 0.877154
vt 0.353743 0.869254
vt 0.379844 0.859862
vt 0.400714 0.852053
vt 0.412840 0.848120
vt 0.067688 0.872740
vt 0.041067 0.867636
vt 0.094263 0.877842
vt 0.120197 0.883027
vt 0.146004 0.887809
vt 0.172277 0.892600
vt 0.199738 0.896384
vt 0.226580 0.898354
vt 0.251244 0.900061
vt 0.280883 0.901006
vt 0.307759 0.897527
vt 0.333307 0.892637
vt 0.358207 0.885498
vt 0.382802 0.871604
vt 0.411509 0.799118
vt 0.409042 0.804639
vt 0.067441 0.875299
vt 0.040763 0.869940
vt 0.094098 0.881541
vt 0.119763 0.888301
vt 0.146167 0.895001
vt 0.172057 0.901080
vt 0.198589 0.906766
vt 0.226233 0.911589
vt 0.254185 0.913899
vt 0.283247 0.913841
vt 0.310413 0.911405
vt 0.336389 0.906603
vt 0.361338 0.899894
vt 0.385140 0.889754
vt 0.416425 0.842624
vt 0.422541 0.843286
vt 0.422900 0.807368
vt 0.414881 0.813250
vt 0.435559 0.848504
vt 0.435393 0.836774
vt 0.443731 0.835736
vt 0.434751 0.820845
vt 0.420790 0.822933
vt 0.418313 0.838396
vt 0.440997 0.828339
vt 0.436375 0.830676
vt 0.148432 0.030417
vt 0.159037 0.033113
vt 0.151618 0.049570
vt 0.144732 0.040330
vt 0.138815 0.057189
vt 0.136344 0.047437
vt 0.121731 0.059352
vt 0.124958 0.050407
vt 0.491634 0.293108
vt 0.489173 0.302276
vt 0.500941 0.305100
vt 0.502622 0.297349
vt 0.512827 0.302465
vt 0.510937 0.294833
vt 0.523505 0.294664
vt 0.518408 0.289282
vt 0.531640 0.280735
vt 0.522897 0.279970
vt 0.147460 0.018581
vt 0.155232 0.014602
vt 0.142771 0.030700
vt 0.140159 0.037391
vt 0.134810 0.041459
vt 0.126946 0.041875
vt 0.495781 0.285697
vt 0.502808 0.289321
vt 0.508751 0.288176
vt 0.513723 0.283697
vt 0.515289 0.276911
vt 0.140414 0.023020
vt 0.133879 0.037277
vt 0.136288 0.034124
vt 0.129426 0.035710
vt 0.132158 0.030836
vt 0.504645 0.278205
vt 0.500102 0.281017
vt 0.503336 0.284543
vt 0.506868 0.283139
vt 0.510065 0.280927
vt 0.509563 0.276723
vt 0.135703 0.026756
vt 0.138268 0.030509
vt 0.163880 0.017101
vt 0.166944 0.029159
vt 0.175545 0.038815
vt 0.170665 0.049190
vt 0.187879 0.042206
vt 0.186667 0.055786
vt 0.199310 0.035167
vt 0.204976 0.050092
vt 0.569593 0.271972
vt 0.560865 0.280388
vt 0.565493 0.293712
vt 0.577914 0.284618
vt 0.550385 0.283048
vt 0.549858 0.295000
vt 0.541875 0.279207
vt 0.538766 0.289308
vt 0.535879 0.272671
vt 0.186242 0.028074
vt 0.189765 0.024529
vt 0.195385 0.028963
vt 0.187118 0.033230
vt 0.558153 0.265062
vt 0.556602 0.269393
vt 0.558635 0.273419
vt 0.564111 0.267980
vt 0.552736 0.269844
vt 0.552550 0.275704
vt 0.548566 0.269615
vt 0.545726 0.273666
vt 0.547151 0.265341
vt 0.541658 0.267447
vt 0.178777 0.019021
vt 0.177992 0.023763
vt 0.173823 0.025763
vt 0.172281 0.017918
vt 0.181856 0.026405
vt 0.179073 0.031680
vt 0.184464 0.021043
vt 0.552447 0.264314
vt 0.204466 0.057994
vt 0.205191 0.063641
vt 0.199649 0.066927
vt 0.194838 0.063079
vt 0.197690 0.073143
vt 0.191832 0.073903
vt 0.199580 0.078742
vt 0.195398 0.083279
vt 0.204071 0.081372
vt 0.203614 0.087082
vt 0.590910 0.281556
vt 0.585505 0.283167
vt 0.589948 0.292044
vt 0.593614 0.287242
vt 0.597270 0.296008
vt 0.598782 0.289911
vt 0.605447 0.295776
vt 0.604750 0.289072
vt 0.210446 0.081104
vt 0.211775 0.087931
vt 0.186433 0.090930
vt 0.182394 0.071953
vt 0.201980 0.096401
vt 0.211843 0.097584
vt 0.594901 0.304074
vt 0.605405 0.305347
vt 0.584012 0.298320
vt 0.202357 0.069321
vt 0.201743 0.072946
vt 0.206104 0.068434
vt 0.595418 0.280496
vt 0.596256 0.284165
vt 0.599980 0.284752
vt 0.603531 0.285365
vt 0.205284 0.077057
vt 0.209193 0.077179
vt 0.202036 0.076262
vt 0.205642 0.073122
vt 0.210038 0.069352
vt 0.209996 0.073384
vt 0.162290 0.065652
vt 0.530386 0.303018
vt 0.515185 0.312609
vt 0.498687 0.316081
vt 0.480785 0.313644
vt 0.143625 0.070667
vt 0.120308 0.073603
vt 0.148844 0.079461
vt 0.131613 0.086162
vt 0.168053 0.083950
vt 0.544079 0.314393
vt 0.519125 0.326299
vt 0.497646 0.331241
vt 0.477427 0.330823
vt 0.111090 0.088768
vt 0.126686 0.097943
vt 0.572461 0.311177
vt 0.592252 0.316589
vt 0.605578 0.318206
vt 0.211263 0.110662
vt 0.199644 0.109881
vt 0.184460 0.106859
vt 0.170945 0.102973
vt 0.139966 0.092267
vt 0.137113 0.100793
vt 0.149539 0.089051
vt 0.158726 0.091995
vt 0.160742 0.101282
vt 0.139826 0.109442
vt 0.126383 0.116011
vt 0.148219 0.113073
vt 0.145984 0.126562
vt 0.156750 0.110151
vt 0.163734 0.121345
vt 0.149298 0.095321
vt 0.144549 0.095767
vt 0.143834 0.100538
vt 0.144177 0.105249
vt 0.148797 0.105707
vt 0.153455 0.105410
vt 0.154368 0.100470
vt 0.154232 0.095864
vt 0.148824 0.100145
vt 0.180478 0.124001
vt 0.199214 0.126352
vt 0.210232 0.127344
vt 0.593806 0.333723
vt 0.607846 0.334448
vt 0.573251 0.334015
vt 0.547617 0.337883
vt 0.520984 0.345603
vt 0.496907 0.349863
vt 0.474428 0.349279
vt 0.103190 0.106227
vt 0.211887 0.602128
vt 0.192722 0.603096
vt 0.189076 0.585439
vt 0.208690 0.583536
vt 0.177102 0.605211
vt 0.174475 0.587924
vt 0.444102 0.357548
vt 0.445810 0.371453
vt 0.462729 0.368713
vt 0.460912 0.356196
vt 0.446946 0.387342
vt 0.465821 0.385041
vt 0.445928 0.402936
vt 0.466369 0.400352
vt 0.442144 0.418561
vt 0.460843 0.415399
vt 0.438643 0.435853
vt 0.457768 0.433863
vt 0.435395 0.454355
vt 0.454310 0.453878
vt 0.300453 0.606566
vt 0.280346 0.607428
vt 0.281090 0.588303
vt 0.302333 0.586841
vt 0.258050 0.605780
vt 0.257451 0.586860
vt 0.233665 0.602913
vt 0.231913 0.584008
vt 0.485158 0.397708
vt 0.482226 0.382472
vt 0.476382 0.412020
vt 0.477866 0.432190
vt 0.473065 0.454407
vt 0.280674 0.569268
vt 0.302333 0.567279
vt 0.257057 0.567836
vt 0.230442 0.564223
vt 0.205252 0.564723
vt 0.185622 0.568615
vt 0.172396 0.571917
vt 0.478313 0.365522
vt 0.476536 0.355484
vt 0.409761 0.377334
vt 0.408933 0.392681
vt 0.427784 0.389965
vt 0.427849 0.374480
vt 0.409037 0.361806
vt 0.426628 0.359589
vt 0.199095 0.639117
vt 0.182760 0.641312
vt 0.179859 0.623227
vt 0.196050 0.621135
vt 0.217638 0.639060
vt 0.214841 0.620549
vt 0.237694 0.640780
vt 0.235613 0.621696
vt 0.259981 0.644780
vt 0.259103 0.625229
vt 0.279852 0.647148
vt 0.279985 0.627100
vt 0.297108 0.646160
vt 0.298546 0.626281
vt 0.399808 0.439333
vt 0.397529 0.455601
vt 0.416519 0.454655
vt 0.419308 0.437510
vt 0.403004 0.423370
vt 0.422623 0.421055
vt 0.406485 0.407962
vt 0.425957 0.405435
vt 0.373073 0.382058
vt 0.370348 0.398095
vt 0.390011 0.395413
vt 0.391610 0.379873
vt 0.373308 0.365963
vt 0.391449 0.364057
vt 0.205337 0.676718
vt 0.188131 0.677953
vt 0.185370 0.659398
vt 0.202225 0.657441
vt 0.223350 0.678406
vt 0.220603 0.658256
vt 0.241902 0.681065
vt 0.239977 0.660648
vt 0.260862 0.683759
vt 0.260354 0.664171
vt 0.278891 0.685513
vt 0.279143 0.666203
vt 0.295615 0.685199
vt 0.296120 0.665838
vt 0.360584 0.446320
vt 0.360882 0.461980
vt 0.378890 0.457964
vt 0.380036 0.442047
vt 0.362403 0.430143
vt 0.382848 0.426143
vt 0.366206 0.413953
vt 0.386822 0.410688
vt 0.318355 0.391966
vt 0.314120 0.415675
vt 0.326385 0.410257
vt 0.330704 0.387735
vt 0.329294 0.361228
vt 0.336355 0.367520
vt 0.207818 0.731447
vt 0.187619 0.725167
vt 0.189496 0.715917
vt 0.206963 0.720117
vt 0.224129 0.738539
vt 0.225170 0.725165
vt 0.242719 0.744552
vt 0.243060 0.728745
vt 0.260355 0.742316
vt 0.260667 0.729234
vt 0.278075 0.736442
vt 0.277766 0.728363
vt 0.292436 0.736521
vt 0.293262 0.727043
vt 0.309874 0.472431
vt 0.317631 0.484330
vt 0.325066 0.479061
vt 0.319303 0.465194
vt 0.304175 0.457866
vt 0.318074 0.448829
vt 0.309082 0.434267
vt 0.321698 0.429792
vt 0.352506 0.400333
vt 0.348256 0.417862
vt 0.344568 0.435533
vt 0.344119 0.452173
vt 0.346243 0.467557
vt 0.294920 0.701673
vt 0.278425 0.702827
vt 0.260888 0.701188
vt 0.242817 0.699134
vt 0.224683 0.697297
vt 0.206935 0.695357
vt 0.190213 0.695194
vt 0.356498 0.367437
vt 0.355770 0.383343
vt 0.225336 0.712097
vt 0.207314 0.709490
vt 0.190541 0.707374
vt 0.344724 0.367824
vt 0.342292 0.384330
vt 0.338106 0.404222
vt 0.333619 0.423387
vt 0.329610 0.442182
vt 0.328783 0.459385
vt 0.333762 0.473672
vt 0.294324 0.716290
vt 0.277876 0.716920
vt 0.260903 0.715933
vt 0.243188 0.714522
vt 0.466058 0.087003
vt 0.480624 0.077510
vt 0.487387 0.086484
vt 0.469782 0.091590
vt 0.435525 0.104028
vt 0.437457 0.114978
vt 0.462254 0.106642
vt 0.456378 0.098036
vt 0.447887 0.110210
vt 0.443967 0.099875
vt 0.615279 0.107674
vt 0.613296 0.091537
vt 0.619614 0.090406
vt 0.622016 0.106356
vt 0.567351 0.085202
vt 0.563293 0.068082
vt 0.579587 0.066163
vt 0.581386 0.081792
vt 0.555043 0.118961
vt 0.566585 0.102025
vt 0.581394 0.098098
vt 0.579107 0.114670
vt 0.595764 0.111377
vt 0.596944 0.127226
vt 0.579499 0.130548
vt 0.454666 0.129821
vt 0.472842 0.129026
vt 0.492536 0.067109
vt 0.509569 0.066260
vt 0.504338 0.089385
vt 0.508301 0.107981
vt 0.488921 0.107217
vt 0.497536 0.127628
vt 0.524361 0.124023
vt 0.502720 0.144309
vt 0.479856 0.147253
vt 0.488516 0.059433
vt 0.611300 0.075299
vt 0.608746 0.059384
vt 0.613920 0.058642
vt 0.617042 0.074419
vt 0.752218 0.063671
vt 0.761478 0.064411
vt 0.765928 0.053904
vt 0.754014 0.051709
vt 0.594284 0.079004
vt 0.592619 0.063397
vt 0.595111 0.095202
vt 0.617657 0.123380
vt 0.624606 0.121902
vt 0.555025 0.135310
vt 0.440327 0.132010
vt 0.443559 0.151795
vt 0.460342 0.149682
vt 0.528308 0.140183
vt 0.511186 0.046451
vt 0.521148 0.045100
vt 0.520858 0.056199
vt 0.531430 0.046204
vt 0.530248 0.051797
vt 0.539419 0.050747
vt 0.538291 0.054077
vt 0.557595 0.049226
vt 0.551255 0.058363
vt 0.562719 0.056281
vt 0.577952 0.053606
vt 0.589991 0.049600
vt 0.605424 0.045105
vt 0.610228 0.044298
vt 0.605798 0.092972
vt 0.604383 0.076755
vt 0.599348 0.142240
vt 0.581088 0.145339
vt 0.556809 0.149282
vt 0.531165 0.153483
vt 0.506266 0.158492
vt 0.484967 0.162800
vt 0.464929 0.167022
vt 0.446451 0.170529
vt 0.452360 0.204548
vt 0.449270 0.188032
vt 0.475914 0.198979
vt 0.469509 0.183552
vt 0.495495 0.194536
vt 0.489381 0.178190
vt 0.516895 0.193409
vt 0.509508 0.172537
vt 0.538549 0.181335
vt 0.533886 0.166376
vt 0.560072 0.178036
vt 0.558673 0.163214
vt 0.585600 0.173553
vt 0.583188 0.159436
vt 0.606973 0.170899
vt 0.602768 0.156580
vt 0.612218 0.140020
vt 0.609354 0.124927
vt 0.620504 0.168020
vt 0.615956 0.154328
vt 0.455189 0.221503
vt 0.484346 0.214435
vt 0.506657 0.214810
vt 0.519538 0.204006
vt 0.542946 0.198058
vt 0.559619 0.192919
vt 0.587729 0.187619
vt 0.615157 0.186311
vt 0.628829 0.165924
vt 0.635101 0.164001
vt 0.639067 0.176409
vt 0.634375 0.178369
vt 0.637070 0.194344
vt 0.635934 0.198402
vt 0.614592 0.199151
vt 0.616472 0.211491
vt 0.636830 0.202883
vt 0.639646 0.207643
vt 0.623887 0.230057
vt 0.645110 0.210204
vt 0.650221 0.211993
vt 0.653595 0.224953
vt 0.642781 0.227044
vt 0.507297 0.222430
vt 0.480785 0.232155
vt 0.454829 0.239001
vt 0.521350 0.215527
vt 0.543046 0.205314
vt 0.563171 0.205672
vt 0.588897 0.201666
vt 0.453169 0.259036
vt 0.477414 0.252084
vt 0.502957 0.239618
vt 0.521948 0.227410
vt 0.544987 0.224252
vt 0.565554 0.220419
vt 0.590435 0.216324
vt 0.449807 0.282965
vt 0.443192 0.314820
vt 0.439858 0.342413
vt 0.471618 0.276449
vt 0.453772 0.312721
vt 0.448623 0.341401
vt 0.665236 0.276194
vt 0.672394 0.271183
vt 0.683661 0.284609
vt 0.679012 0.291559
vt 0.655647 0.260987
vt 0.664280 0.256204
vt 0.648639 0.244923
vt 0.658187 0.240707
vt 0.675326 0.298555
vt 0.657393 0.280858
vt 0.648945 0.267292
vt 0.639628 0.251725
vt 0.500433 0.257371
vt 0.522827 0.246568
vt 0.544536 0.241084
vt 0.565751 0.237390
vt 0.591430 0.233010
vt 0.502180 0.270994
vt 0.479566 0.287797
vt 0.464203 0.313385
vt 0.458372 0.340557
vt 0.656182 0.293123
vt 0.673169 0.307091
vt 0.645461 0.277273
vt 0.634232 0.263052
vt 0.523171 0.261053
vt 0.543077 0.255051
vt 0.563261 0.252107
vt 0.587897 0.249651
vt 0.613414 0.252045
vt 0.240743 0.341829
vt 0.219790 0.329153
vt 0.255504 0.353467
vt 0.257554 0.363798
vt 0.272792 0.362563
vt 0.276633 0.369760
vt 0.295950 0.363547
vt 0.299808 0.371184
vt 0.033956 0.290802
vt 0.037894 0.297929
vt 0.017298 0.304675
vt 0.012755 0.298170
vt 0.056628 0.279511
vt 0.058200 0.288483
vt 0.080644 0.269409
vt 0.081230 0.279561
vt 0.102248 0.262598
vt 0.100728 0.273217
vt 0.122534 0.257520
vt 0.120338 0.269011
vt 0.142917 0.254914
vt 0.140122 0.266731
vt 0.167612 0.253003
vt 0.163239 0.266475
vt 0.188377 0.339169
vt 0.193171 0.325001
vt 0.265048 0.389229
vt 0.287900 0.390213
vt 0.308304 0.389144
vt 0.045179 0.314894
vt 0.027317 0.320414
vt 0.062710 0.307550
vt 0.080447 0.300610
vt 0.097888 0.295263
vt 0.115997 0.292987
vt 0.135303 0.293416
vt 0.156193 0.295875
vt 0.180716 0.369866
vt 0.062701 0.326369
vt 0.080995 0.321026
vt 0.101322 0.316502
vt 0.121678 0.314865
vt 0.140914 0.315564
vt 0.160532 0.318700
vt 0.186666 0.392721
vt 0.209059 0.397882
vt 0.237630 0.405016
vt 0.261402 0.409817
vt 0.283206 0.410124
vt 0.304042 0.407848
vt 0.026755 0.338757
vt 0.044832 0.332603
vt 0.024950 0.433918
vt 0.027653 0.406430
vt 0.046923 0.406392
vt 0.044143 0.437407
vt 0.066944 0.405329
vt 0.066370 0.438857
vt 0.088011 0.403912
vt 0.090404 0.439128
vt 0.109298 0.403004
vt 0.111195 0.436644
vt 0.132406 0.401688
vt 0.133709 0.433946
vt 0.155069 0.401208
vt 0.156130 0.431669
vt 0.174158 0.400276
vt 0.176789 0.429764
vt 0.195661 0.505766
vt 0.195893 0.476322
vt 0.215926 0.477793
vt 0.216812 0.506231
vt 0.235545 0.479187
vt 0.236794 0.506887
vt 0.254921 0.479765
vt 0.256229 0.507721
vt 0.274732 0.479886
vt 0.275703 0.508234
vt 0.294689 0.479631
vt 0.295332 0.508114
vt 0.085520 0.372385
vt 0.082926 0.344722
vt 0.104865 0.341078
vt 0.107697 0.370258
vt 0.126114 0.340249
vt 0.129455 0.369472
vt 0.145753 0.341139
vt 0.149972 0.370182
vt 0.164796 0.343960
vt 0.169024 0.371584
vt 0.195788 0.446973
vt 0.192516 0.418381
vt 0.213207 0.422817
vt 0.215255 0.450097
vt 0.236590 0.427465
vt 0.235788 0.452719
vt 0.258415 0.429971
vt 0.255890 0.454033
vt 0.279207 0.429851
vt 0.275886 0.453867
vt 0.299519 0.428615
vt 0.295939 0.453104
vt 0.027533 0.381740
vt 0.026808 0.358807
vt 0.045161 0.353869
vt 0.046215 0.378683
vt 0.063653 0.349060
vt 0.065414 0.375384
vt 0.063194 0.472613
vt 0.096716 0.479449
vt 0.113463 0.469838
vt 0.144579 0.476720
vt 0.161483 0.465743
vt 0.181670 0.461026
vt 0.200441 0.538046
vt 0.220507 0.536633
vt 0.239995 0.535088
vt 0.259845 0.534563
vt 0.278865 0.534998
vt 0.297319 0.535715
vt 0.018152 0.460901
vt 0.036569 0.465069
vt 0.094530 0.495576
vt 0.070679 0.492746
vt 0.075450 0.506469
vt 0.085949 0.506898
vt 0.081660 0.513106
vt 0.074657 0.513679
vt 0.083745 0.519015
vt 0.074509 0.520168
vt 0.041481 0.237827
vt 0.051649 0.241164
vt 0.052501 0.233207
vt 0.046758 0.229784
vt 0.039622 0.227188
vt 0.033475 0.232054
vt 0.066284 0.517222
vt 0.068570 0.512171
vt 0.063653 0.506498
vt 0.057685 0.512640
vt 0.050404 0.508296
vt 0.055349 0.499889
vt 0.101438 0.511026
vt 0.092371 0.515803
vt 0.062040 0.239628
vt 0.073897 0.238483
vt 0.068147 0.221726
vt 0.059193 0.228894
vt 0.055923 0.210019
vt 0.051687 0.221282
vt 0.040095 0.202365
vt 0.040800 0.216753
vt 0.025516 0.213700
vt 0.028472 0.222557
vt 0.045759 0.487086
vt 0.029859 0.479626
vt 0.025549 0.490227
vt 0.036242 0.494631
vt 0.031159 0.500486
vt 0.026176 0.495973
vt 0.028015 0.503855
vt 0.021542 0.499188
vt 0.008678 0.184819
vt 0.010432 0.193635
vt 0.016336 0.191144
vt 0.013206 0.185204
vt 0.014352 0.201235
vt 0.018995 0.195787
vt 0.037322 0.502234
vt 0.035231 0.506425
vt 0.044469 0.500850
vt 0.043978 0.508492
vt 0.028162 0.198946
vt 0.021640 0.207896
vt 0.039940 0.183498
vt 0.024666 0.188943
vt 0.025100 0.172838
vt 0.016844 0.180561
vt 0.012658 0.163427
vt 0.008394 0.176394
vt 0.017475 0.492878
vt 0.012526 0.481208
vt 0.108977 0.500674
vt 0.126244 0.493843
vt 0.116970 0.508450
vt 0.128902 0.504527
vt 0.130178 0.511019
vt 0.121939 0.513361
vt 0.097163 0.233922
vt 0.105103 0.229332
vt 0.103588 0.221707
vt 0.095379 0.227303
vt 0.099526 0.217050
vt 0.092747 0.218429
vt 0.087852 0.222626
vt 0.089203 0.228208
vt 0.090655 0.235137
vt 0.115953 0.514100
vt 0.109906 0.512512
vt 0.083756 0.236833
vt 0.080987 0.226352
vt 0.082331 0.217048
vt 0.089751 0.211262
vt 0.100468 0.210184
vt 0.144671 0.517087
vt 0.139031 0.519843
vt 0.135637 0.515472
vt 0.140197 0.510272
vt 0.142206 0.498498
vt 0.153207 0.511082
vt 0.085899 0.200368
vt 0.101339 0.198672
vt 0.073956 0.207548
vt 0.163015 0.501483
vt 0.102003 0.183355
vt 0.082218 0.185280
vt 0.062577 0.190356
vt 0.284683 0.556008
vt 0.264225 0.553439
vt 0.241276 0.553086
vt 0.226004 0.555189
vt 0.185425 0.477697
vt 0.173121 0.492332
vt 0.203401 0.556008
vt 0.302997 0.555966
vt 0.104026 0.168623
vt 0.082837 0.162805
vt 0.064414 0.155293
vt 0.044508 0.160524
vt 0.031927 0.162529
vt 0.027503 0.150597
vt 0.105103 0.147058
vt 0.084643 0.134569
vt 0.068712 0.131123
vt 0.044731 0.136550
vt 0.435116 0.095338
vt 0.434497 0.087387
vt 0.440107 0.078172
vt 0.441870 0.091781
vt 0.447409 0.078220
vt 0.451315 0.088881
vt 0.454345 0.069175
vt 0.462479 0.080586
vt 0.460076 0.055851
vt 0.472181 0.067271
vt 0.472867 0.041218
vt 0.484049 0.050777
vt 0.475360 0.030825
vt 0.494634 0.038769
vt 0.494821 0.028649
vt 0.510445 0.034265
vt 0.513698 0.028863
vt 0.525076 0.036003
vt 0.530006 0.027343
vt 0.542073 0.040315
vt 0.543795 0.026611
vt 0.557420 0.039017
vt 0.559160 0.026398
vt 0.566087 0.042001
vt 0.573990 0.025546
vt 0.576997 0.038966
vt 0.585731 0.024013
vt 0.587910 0.035887
vt 0.601912 0.032232
vt 0.598735 0.021762
vt 0.602784 0.021719
vt 0.606396 0.032040
vt 0.444693 0.065010
vt 0.449900 0.050306
vt 0.451271 0.037656
vt 0.450732 0.028880
vt 0.708769 0.301034
vt 0.715390 0.297885
vt 0.715252 0.280900
vt 0.704513 0.283444
vt 0.726113 0.293593
vt 0.741065 0.289506
vt 0.746774 0.277129
vt 0.729633 0.278370
vt 0.795636 0.310595
vt 0.805131 0.324226
vt 0.821930 0.327425
vt 0.810359 0.309937
vt 0.627726 0.181159
vt 0.639158 0.191804
vt 0.702348 0.305390
vt 0.705030 0.302805
vt 0.697926 0.285299
vt 0.692091 0.285823
vt 0.784868 0.299434
vt 0.800105 0.297010
vt 0.812156 0.340152
vt 0.828588 0.343587
vt 0.520026 0.022993
vt 0.535825 0.021537
vt 0.486268 0.023141
vt 0.503831 0.022268
vt 0.571530 0.016646
vt 0.583933 0.015146
vt 0.447300 0.022417
vt 0.467001 0.023352
vt 0.554669 0.018653
vt 0.593815 0.022672
vt 0.591607 0.013856
vt 0.830828 0.358712
vt 0.845399 0.360764
vt 0.843192 0.346167
vt 0.834596 0.325620
vt 0.820617 0.841864
vt 0.833968 0.851949
vt 0.803949 0.856187
vt 0.815789 0.867256
vt 0.844535 0.860083
vt 0.827617 0.878122
vt 0.855710 0.869077
vt 0.838341 0.888629
vt 0.798630 0.882069
vt 0.810915 0.894012
vt 0.794196 0.911161
vt 0.780847 0.897259
vt 0.821890 0.905849
vt 0.804759 0.926036
vt 0.787207 0.869679
vt 0.772099 0.880605
vt 0.834109 0.914586
vt 0.819908 0.930818
vt 0.864011 0.882070
vt 0.848827 0.898490
vt 0.757469 0.888683
vt 0.761245 0.912077
vt 0.739465 0.922258
vt 0.732643 0.879187
vt 0.779768 0.927845
vt 0.769430 0.941080
vt 0.791614 0.946365
vt 0.807111 0.946599
vt 0.805446 0.967002
vt 0.778661 0.969442
vt 0.823557 0.306702
vt 0.813370 0.290802
vt 0.803837 0.276810
vt 0.779371 0.268608
vt 0.811803 0.220165
vt 0.815650 0.192099
vt 0.784970 0.201566
vt 0.795569 0.220484
vt 0.820143 0.253096
vt 0.780007 0.242022
vt 0.764390 0.258965
vt 0.800354 0.170335
vt 0.784070 0.186632
vt 0.697365 0.437537
vt 0.595815 0.012778
vt 0.596329 0.033745
vt 0.599593 0.046776
vt 0.641200 0.190225
vt 0.624487 0.152637
vt 0.620690 0.138424
vt 0.602462 0.060817
vt 0.607315 0.109152
vt 0.767461 0.207298
vt 0.775630 0.220842
vt 0.755735 0.242930
vt 0.742959 0.260784
vt 0.761470 0.194236
vt 0.727403 0.248814
vt 0.721269 0.265565
vt 0.724202 0.199160
vt 0.729101 0.214099
vt 0.733759 0.231038
vt 0.705356 0.254678
vt 0.704977 0.269808
vt 0.699847 0.205154
vt 0.703551 0.222422
vt 0.705528 0.238808
vt 0.694230 0.272583
vt 0.685458 0.274497
vt 0.685956 0.243180
vt 0.680468 0.227582
vt 0.664670 0.229828
vt 0.671080 0.246098
vt 0.690072 0.258249
vt 0.678147 0.261027
vt 0.673938 0.210516
vt 0.659072 0.211869
vt 0.543756 0.580724
vt 0.537358 0.597139
vt 0.550352 0.596947
vt 0.556502 0.584473
vt 0.788871 0.162895
vt 0.781007 0.180440
vt 0.634527 0.862484
vt 0.639436 0.851950
vt 0.627534 0.839619
vt 0.620088 0.853229
vt 0.609393 0.819302
vt 0.597336 0.832090
vt 0.589841 0.795150
vt 0.577588 0.804557
vt 0.575402 0.767041
vt 0.561234 0.774879
vt 0.565113 0.736253
vt 0.553843 0.743064
vt 0.757979 0.182730
vt 0.720435 0.177082
vt 0.689450 0.183804
vt 0.667883 0.187349
vt 0.675535 0.157255
vt 0.661708 0.161704
vt 0.663488 0.130215
vt 0.655085 0.132864
vt 0.661698 0.099145
vt 0.652484 0.101506
vt 0.741562 0.031312
vt 0.740978 0.043500
vt 0.752124 0.040383
vt 0.694567 0.152589
vt 0.675267 0.128075
vt 0.525893 0.594587
vt 0.528543 0.618349
vt 0.546064 0.616582
vt 0.839654 0.963851
vt 0.823791 0.955732
vt 0.835268 0.939438
vt 0.850517 0.949144
vt 0.846925 0.924153
vt 0.861605 0.934628
vt 0.859598 0.908369
vt 0.872647 0.919570
vt 0.872643 0.893825
vt 0.884019 0.905361
vt 0.819372 0.159727
vt 0.805413 0.145663
vt 0.794673 0.130350
vt 0.783626 0.140173
vt 0.556100 0.646284
vt 0.537514 0.652125
vt 0.541467 0.670377
vt 0.548370 0.668681
vt 0.542537 0.684689
vt 0.549122 0.684014
vt 0.542277 0.633639
vt 0.531387 0.636204
vt 0.634481 0.872420
vt 0.615519 0.861352
vt 0.581217 0.842636
vt 0.564317 0.810399
vt 0.550299 0.781170
vt 0.547078 0.748421
vt 0.561469 0.616803
vt 0.569485 0.647566
vt 0.557120 0.666298
vt 0.558095 0.682830
vt 0.552673 0.631330
vt 0.533828 0.576767
vt 0.537804 0.701798
vt 0.549846 0.701771
vt 0.561591 0.699696
vt 0.550082 0.717258
vt 0.541462 0.721276
vt 0.561511 0.714564
vt 0.670922 0.097352
vt 0.713509 0.033241
vt 0.711692 0.042672
vt 0.736594 0.052519
vt 0.714564 0.023500
vt 0.593261 0.756534
vt 0.581812 0.730090
vt 0.568658 0.631531
vt 0.576090 0.617639
vt 0.568991 0.683285
vt 0.567487 0.666884
vt 0.621060 0.805694
vt 0.606341 0.780816
vt 0.576507 0.711392
vt 0.573723 0.698409
vt 0.644466 0.839766
vt 0.634849 0.827076
vt 0.562885 0.599404
vt 0.570091 0.589790
vt 0.575396 0.647976
vt 0.864955 0.958530
vt 0.854154 0.970172
vt 0.896645 0.916791
vt 0.885951 0.930928
vt 0.875936 0.945705
vt 0.820580 0.074609
vt 0.828697 0.058622
vt 0.809828 0.054447
vt 0.807628 0.063686
vt 0.797280 0.103027
vt 0.807490 0.088123
vt 0.797727 0.076592
vt 0.785860 0.089669
vt 0.831998 0.043628
vt 0.811946 0.039120
vt 0.786374 0.116072
vt 0.776538 0.101451
vt 0.778313 0.123200
vt 0.769972 0.108745
vt 0.580541 0.666676
vt 0.581640 0.682805
vt 0.598408 0.684168
vt 0.600326 0.670961
vt 0.628199 0.793329
vt 0.637698 0.813155
vt 0.640277 0.796385
vt 0.635911 0.781824
vt 0.586877 0.647816
vt 0.605188 0.656113
vt 0.617659 0.771144
vt 0.629019 0.761653
vt 0.585888 0.633936
vt 0.604666 0.641089
vt 0.606620 0.748276
vt 0.619923 0.739849
vt 0.586212 0.619526
vt 0.602499 0.625646
vt 0.596393 0.724934
vt 0.610123 0.719988
vt 0.589387 0.708779
vt 0.602870 0.706823
vt 0.585735 0.698066
vt 0.599774 0.697420
vt 0.581751 0.605332
vt 0.600117 0.612886
vt 0.586644 0.593800
vt 0.604952 0.602068
vt 0.645469 0.824170
vt 0.649396 0.805720
vt 0.611999 0.698502
vt 0.612689 0.688165
vt 0.624710 0.700923
vt 0.623699 0.692534
vt 0.641242 0.701408
vt 0.632160 0.688760
vt 0.648106 0.686248
vt 0.636995 0.678898
vt 0.644044 0.663177
vt 0.636470 0.665272
vt 0.636955 0.644990
vt 0.624687 0.649578
vt 0.616974 0.631681
vt 0.626943 0.628608
vt 0.611133 0.620582
vt 0.616237 0.615218
vt 0.622301 0.665928
vt 0.617245 0.678231
vt 0.654318 0.790102
vt 0.646024 0.786551
vt 0.656615 0.773867
vt 0.645639 0.773688
vt 0.657355 0.755307
vt 0.643433 0.752542
vt 0.648672 0.736672
vt 0.656760 0.736285
vt 0.641778 0.717342
vt 0.652403 0.713587
vt 0.613995 0.705413
vt 0.626814 0.704925
vt 0.635628 0.709468
vt 0.621490 0.714678
vt 0.632780 0.730886
vt 0.801620 0.049859
vt 0.791131 0.064618
vt 0.804048 0.043669
vt 0.796147 0.034231
vt 0.777983 0.078282
vt 0.764657 0.087715
vt 0.761487 0.092685
vt 0.772124 0.073339
vt 0.760757 0.077920
vt 0.777625 0.063500
vt 0.785626 0.029637
vt 0.785936 0.042279
vt 0.783850 0.052712
vt 0.753745 0.081270
vt 0.774500 0.027351
vt 0.768640 0.041715
vt 0.714360 0.013180
vt 0.739893 0.019784
vt 0.760702 0.025298
vt 0.646037 0.135164
vt 0.643116 0.105038
vt 0.649755 0.165480
vt 0.654076 0.190152
vt 0.627621 0.136701
vt 0.631223 0.150875
vt 0.643217 0.189583
vt 0.815800 0.356130
vt 0.599722 0.012885
vt 0.908420 0.422461
vt 0.913427 0.422890
vt 0.916860 0.395944
vt 0.909428 0.395175
vt 0.919231 0.368883
vt 0.909842 0.368035
vt 0.921488 0.341879
vt 0.909939 0.341053
vt 0.922532 0.315754
vt 0.909758 0.314931
vt 0.923547 0.289218
vt 0.909583 0.288948
vt 0.924115 0.262848
vt 0.909390 0.263077
vt 0.925354 0.238701
vt 0.909465 0.239260
vt 0.926023 0.215544
vt 0.908526 0.215628
vt 0.926838 0.191609
vt 0.909054 0.191843
vt 0.927318 0.168665
vt 0.909887 0.168917
vt 0.924420 0.143784
vt 0.908700 0.143377
vt 0.926551 0.121177
vt 0.909757 0.116673
vt 0.925719 0.086527
vt 0.912323 0.086928
vt 0.918028 0.423431
vt 0.922895 0.396567
vt 0.927523 0.369651
vt 0.931174 0.343219
vt 0.934345 0.317105
vt 0.936897 0.291063
vt 0.939741 0.264333
vt 0.942084 0.239127
vt 0.943547 0.215927
vt 0.943977 0.189686
vt 0.944353 0.165888
vt 0.942959 0.142461
vt 0.939036 0.114045
vt 0.936023 0.086301
vt 0.932097 0.062924
vt 0.925235 0.061190
vt 0.949076 0.063746
vt 0.963039 0.062294
vt 0.951668 0.043238
vt 0.940523 0.048426
vt 0.889818 0.423499
vt 0.895767 0.423500
vt 0.888896 0.397012
vt 0.880811 0.398544
vt 0.882058 0.370792
vt 0.870744 0.373357
vt 0.876198 0.344742
vt 0.860852 0.348066
vt 0.870848 0.318889
vt 0.851439 0.322069
vt 0.865880 0.293041
vt 0.842533 0.295006
vt 0.861407 0.266838
vt 0.835552 0.267734
vt 0.857872 0.240398
vt 0.830421 0.239263
vt 0.855776 0.213283
vt 0.827687 0.210054
vt 0.856210 0.186239
vt 0.827840 0.181400
vt 0.861062 0.159055
vt 0.831058 0.154350
vt 0.860521 0.135296
vt 0.838152 0.131310
vt 0.872644 0.109249
vt 0.847241 0.113059
vt 0.880638 0.085754
vt 0.863541 0.087336
vt 0.888582 0.064651
vt 0.877285 0.066096
vt 0.913278 0.060668
vt 0.902353 0.422612
vt 0.899972 0.395352
vt 0.897545 0.368084
vt 0.895173 0.341553
vt 0.892918 0.315656
vt 0.890956 0.290121
vt 0.889579 0.264833
vt 0.888375 0.240182
vt 0.887378 0.215362
vt 0.887493 0.190422
vt 0.886732 0.165746
vt 0.889747 0.139686
vt 0.892313 0.113485
vt 0.896657 0.086316
vt 0.900894 0.062493
vt 0.921582 0.424097
vt 0.927371 0.397508
vt 0.933771 0.371097
vt 0.939409 0.345090
vt 0.944541 0.319527
vt 0.949685 0.293406
vt 0.954264 0.266587
vt 0.957357 0.240643
vt 0.960651 0.214810
vt 0.962500 0.188943
vt 0.961045 0.163163
vt 0.959316 0.138457
vt 0.953643 0.112591
vt 0.946601 0.085733
vt 0.940604 0.064184
vt 0.937734 0.051725
vt 0.924345 0.424779
vt 0.931821 0.398587
vt 0.939292 0.372443
vt 0.946784 0.346948
vt 0.953856 0.321549
vt 0.960961 0.295690
vt 0.967121 0.268571
vt 0.971299 0.241961
vt 0.974965 0.217402
vt 0.978802 0.187895
vt 0.977779 0.160879
vt 0.975169 0.135005
vt 0.970245 0.109562
vt 0.958569 0.083804
vt 0.894106 0.051825
vt 0.888834 0.048887
vt 0.926624 0.425288
vt 0.934361 0.399062
vt 0.942979 0.372937
vt 0.952025 0.347850
vt 0.961068 0.322020
vt 0.969424 0.296648
vt 0.977393 0.270597
vt 0.984487 0.243381
vt 0.989073 0.215692
vt 0.991789 0.186741
vt 0.991830 0.159481
vt 0.989357 0.133173
vt 0.984881 0.107711
vt 0.976876 0.083059
vt 0.933250 0.036523
vt 0.928717 0.045546
vt 0.903178 0.046783
vt 0.898043 0.038290
vt 0.940218 0.029647
vt 0.928170 0.020185
vt 0.928357 0.028623
vt 0.913315 0.041780
vt 0.912507 0.027716
vt 0.925383 0.041987
vt 0.922426 0.027010
vt 0.920543 0.022194
s 1
usemtl outline
f 2592/2532/2498 2593/2533/2499 2587/2534/2500
f 2592/2532/2498 2587/2534/2500 2583/2535/2501
f 2593/2533/2499 2594/2536/2502 2591/2537/2503
f 2593/2533/2499 2591/2537/2503 2587/2534/2500
f 2594/2536/2502 2595/2538/2504 2585/2539/2505
f 2594/2536/2502 2585/2539/2505 2591/2537/2503
f 2596/2540/2506 2597/2541/2507 2590/2542/2508
f 2596/2540/2506 2590/2542/2508 2586/2543/2509
f 2597/2541/2507 2598/2544/2510 2582/2545/2511
f 2597/2541/2507 2582/2545/2511 2590/2542/2508
f 2598/2544/2510 2599/2546/2512 2584/2547/2513
f 2598/2544/2510 2584/2547/2513 2582/2545/2511
f 2599/2546/2512 2601/2548/2514 2589/2549/2515
f 2599/2546/2512 2589/2549/2515 2584/2547/2513
f 2600/2550/2514 2592/2532/2498 2583/2535/2501
f 2600/2550/2514 2583/2535/2501 2588/2551/2515
f 2602/2552/2516 2603/2553/2517 2593/2533/2499
f 2602/2552/2516 2593/2533/2499 2592/2532/2498
f 2603/2553/2517 2604/2554/2518 2594/2536/2502
f 2603/2553/2517 2594/2536/2502 2593/2533/2499
f 2604/2554/2518 2605/2555/2519 2595/2538/2504
f 2604/2554/2518 2595/2538/2504 2594/2536/2502
f 2606/2556/2520 2607/2557/2521 2597/2541/2507
f 2606/2556/2520 2597/2541/2507 2596/2540/2506
f 2607/2557/2521 2608/2558/2522 2598/2544/2510
f 2607/2557/2521 2598/2544/2510 2597/2541/2507
f 2608/2558/2522 2609/2559/2523 2599/2546/2512
f 2608/2558/2522 2599/2546/2512 2598/2544/2510
f 2609/2559/2523 2611/2560/2524 2601/2548/2514
f 2609/2559/2523 2601/2548/2514 2599/2546/2512
f 2610/2561/2525 2602/2552/2516 2592/2532/2498
f 2610/2561/2525 2592/2532/2498 2600/2550/2514
f 2603/2553/2517 2612/2562/2526 2613/2563/2527
f 2603/2553/2517 2613/2563/2527 2604/2554/2518
f 2613/2563/2527 2612/2562/2526 2614/2564/2528
f 2613/2563/2527 2614/2564/2528 2616/2565/2529
f 2616/2565/2529 2605/2555/2519 2604/2554/2518
f 2616/2565/2529 2604/2554/2518 2613/2563/2527
f 2615/2566/2530 2618/2567/2531 2619/2568/2532
f 2615/2566/2530 2619/2568/2532 2617/2569/2533
f 2617/2569/2533 2619/2568/2532 2607/2557/2521
f 2617/2569/2533 2607/2557/2521 2606/2556/2520
f 2619/2568/2532 2618/2567/2531 2608/2558/2522
f 2619/2568/2532 2608/2558/2522 2607/2557/2521
f 2608/2558/2522 2618/2567/2531 2620/2570/2534
f 2608/2558/2522 2620/2570/2534 2609/2559/2523
f 2620/2570/2534 2618/2567/2531 2615/2566/2530
f 2620/2570/2534 2615/2566/2530 2622/2571/2535
f 2614/2564/2528 2612/2562/2526 2623/2572/2536
f 2614/2564/2528 2623/2572/2536 2621/2573/2535
f 2623/2572/2536 2612/2562/2526 2603/2553/2517
f 2623/2572/2536 2603/2553/2517 2602/2552/2516
f 2610/2561/2525 2621/2573/2535 2623/2572/2536
f 2610/2561/2525 2623/2572/2536 2602/2552/2516
f 2622/2571/2535 2611/2560/2524 2609/2559/2523
f 2622/2571/2535 2609/2559/2523 2620/2570/2534
f 2588/2551/2515 2583/2535/2501 2626/2574/2537
f 2588/2551/2515 2626/2574/2537 2624/2575/2538
f 2583/2535/2501 2628/2576/2539 2627/2577/2540
f 2583/2535/2501 2627/2577/2540 2626/2574/2537
f 2627/2577/2540 2628/2576/2539 2630/2578/2541
f 2627/2577/2540 2630/2578/2541 2629/2579/2542
f 2630/2578/2541 2634/2580/2543 2632/2581/2544
f 2630/2578/2541 2632/2581/2544 2629/2579/2542
f 2631/2582/2544 2633/2583/2545 2635/2584/2546
f 2631/2582/2544 2635/2584/2546 2636/2585/2547
f 2635/2584/2546 2637/2586/2548 2638/2587/2549
f 2635/2584/2546 2638/2587/2549 2636/2585/2547
f 2638/2587/2549 2637/2586/2548 2639/2588/2550
f 2638/2587/2549 2639/2588/2550 2640/2589/2551
f 2639/2588/2550 2589/2549/2515 2625/2590/2538
f 2639/2588/2550 2625/2590/2538 2640/2589/2551
f 2641/2591/2552 2652/2592/2553 2654/2593/2554
f 2641/2591/2552 2654/2593/2554 2642/2594/2555
f 2643/2595/2556 2653/2596/2554 2655/2597/2557
f 2643/2595/2556 2655/2597/2557 2644/2598/2558
f 2644/2598/2558 2655/2597/2557 2656/2599/2559
f 2644/2598/2558 2656/2599/2559 2645/2600/2560
f 2645/2600/2560 2656/2599/2559 2657/2601/2561
f 2645/2600/2560 2657/2601/2561 2646/2602/2562
f 2646/2602/2562 2657/2601/2561 2659/2603/2563
f 2646/2602/2562 2659/2603/2563 2648/2604/2564
f 2647/2605/2564 2658/2606/2565 2660/2607/2566
f 2647/2605/2564 2660/2607/2566 2649/2608/2567
f 2649/2608/2567 2660/2607/2566 2651/2609/2568
f 2649/2608/2567 2651/2609/2568 2650/2610/2569
f 2650/2610/2569 2651/2609/2568 2652/2592/2553
f 2650/2610/2569 2652/2592/2553 2641/2591/2552
f 2651/2609/2568 2627/2577/2540 2629/2579/2542
f 2651/2609/2568 2629/2579/2542 2652/2592/2553
f 2652/2592/2553 2629/2579/2542 2632/2581/2544
f 2652/2592/2553 2632/2581/2544 2654/2593/2554
f 2653/2596/2554 2631/2582/2544 2636/2585/2547
f 2653/2596/2554 2636/2585/2547 2655/2597/2557
f 2655/2597/2557 2636/2585/2547 2638/2587/2549
f 2655/2597/2557 2638/2587/2549 2656/2599/2559
f 2656/2599/2559 2638/2587/2549 2640/2589/2551
f 2656/2599/2559 2640/2589/2551 2657/2601/2561
f 2657/2601/2561 2640/2589/2551 2625/2590/2538
f 2657/2601/2561 2625/2590/2538 2659/2603/2563
f 2658/2606/2565 2624/2575/2538 2626/2574/2537
f 2658/2606/2565 2626/2574/2537 2660/2607/2566
f 2660/2607/2566 2626/2574/2537 2627/2577/2540
f 2660/2607/2566 2627/2577/2540 2651/2609/2568
f 2649/2608/2567 2650/2610/2569 2661/2611/2570
f 2649/2608/2567 2661/2611/2570 2647/2605/2564
f 2662/2612/2570 2645/2600/2560 2646/2602/2562
f 2662/2612/2570 2646/2602/2562 2648/2604/2564
f 2645/2600/2560 2662/2612/2570 2643/2595/2556
f 2645/2600/2560 2643/2595/2556 2644/2598/2558
f 2641/2591/2552 2642/2594/2555 2661/2611/2570
f 2641/2591/2552 2661/2611/2570 2650/2610/2569
f 2689/2613/2571 2691/2614/2572 2693/2615/2573
f 2689/2613/2571 2693/2615/2573 2694/2616/2574
f 2691/2614/2572 2682/2617/2575 2692/2618/2576
f 2691/2614/2572 2692/2618/2576 2693/2615/2573
f 2692/2618/2576 2682/2617/2575 2683/2619/2577
f 2692/2618/2576 2683/2619/2577 2701/2620/2578
f 2683/2619/2577 2684/2621/2579 2700/2622/2580
f 2683/2619/2577 2700/2622/2580 2701/2620/2578
f 2695/2623/2581 2696/2624/2582 2688/2625/2583
f 2695/2623/2581 2688/2625/2583 2690/2626/2584
f 2688/2625/2583 2696/2624/2582 2697/2627/2585
f 2688/2625/2583 2697/2627/2585 2687/2628/2586
f 2697/2627/2585 2698/2629/2587 2685/2630/2588
f 2697/2627/2585 2685/2630/2588 2687/2628/2586
f 2700/2622/2580 2684/2621/2579 2686/2631/2589
f 2700/2622/2580 2686/2631/2589 2699/2632/2587
f 2682/2617/2575 2667/2633/2590 2669/2634/2591
f 2682/2617/2575 2669/2634/2591 2683/2619/2577
f 2669/2634/2591 2671/2635/2592 2684/2621/2579
f 2669/2634/2591 2684/2621/2579 2683/2619/2577
f 2684/2621/2579 2671/2635/2592 2681/2636/2593
f 2684/2621/2579 2681/2636/2593 2686/2631/2589
f 2687/2628/2586 2685/2630/2588 2680/2637/2594
f 2687/2628/2586 2680/2637/2594 2677/2638/2595
f 2674/2639/2596 2688/2625/2583 2687/2628/2586
f 2674/2639/2596 2687/2628/2586 2677/2638/2595
f 2690/2626/2584 2688/2625/2583 2674/2639/2596
f 2690/2626/2584 2674/2639/2596 2633/2583/2545
f 2634/2580/2543 2630/2578/2541 2691/2614/2572
f 2634/2580/2543 2691/2614/2572 2689/2613/2571
f 2630/2578/2541 2667/2633/2590 2682/2617/2575
f 2630/2578/2541 2682/2617/2575 2691/2614/2572
f 2693/2615/2573 2692/2618/2576 2666/2640/2597
f 2693/2615/2573 2666/2640/2597 2663/2641/2598
f 2694/2616/2574 2693/2615/2573 2663/2641/2598
f 2694/2616/2574 2663/2641/2598 2664/2642/2599
f 2665/2643/2599 2673/2644/2600 2696/2624/2582
f 2665/2643/2599 2696/2624/2582 2695/2623/2581
f 2696/2624/2582 2673/2644/2600 2675/2645/2601
f 2696/2624/2582 2675/2645/2601 2697/2627/2585
f 2675/2645/2601 2678/2646/2602 2698/2629/2587
f 2675/2645/2601 2698/2629/2587 2697/2627/2585
f 2670/2647/2603 2700/2622/2580 2699/2632/2587
f 2670/2647/2603 2699/2632/2587 2679/2648/2604
f 2701/2620/2578 2700/2622/2580 2670/2647/2603
f 2701/2620/2578 2670/2647/2603 2668/2649/2605
f 2666/2640/2597 2692/2618/2576 2701/2620/2578
f 2666/2640/2597 2701/2620/2578 2668/2649/2605
f 2663/2641/2598 2666/2640/2597 2702/2650/2606
f 2663/2641/2598 2702/2650/2606 2664/2642/2599
f 2702/2650/2606 2676/2651/2607 2672/2652/2608
f 2702/2650/2606 2672/2652/2608 2664/2642/2599
f 2666/2640/2597 2668/2649/2605 2670/2647/2603
f 2666/2640/2597 2670/2647/2603 2702/2650/2606
f 2702/2650/2606 2670/2647/2603 2679/2648/2604
f 2702/2650/2606 2679/2648/2604 2676/2651/2607
f 2587/2534/2500 2703/2653/2609 2628/2576/2539
f 2587/2534/2500 2628/2576/2539 2583/2535/2501
f 2703/2653/2609 2667/2633/2590 2630/2578/2541
f 2703/2653/2609 2630/2578/2541 2628/2576/2539
f 2589/2549/2515 2639/2588/2550 2704/2654/2610
f 2589/2549/2515 2704/2654/2610 2584/2547/2513
f 2704/2654/2610 2705/2655/2611 2582/2545/2511
f 2704/2654/2610 2582/2545/2511 2584/2547/2513
f 2582/2545/2511 2705/2655/2611 2706/2656/2612
f 2582/2545/2511 2706/2656/2612 2590/2542/2508
f 2706/2656/2612 2708/2657/2613 2586/2543/2509
f 2706/2656/2612 2586/2543/2509 2590/2542/2508
f 2585/2539/2505 2707/2658/2614 2709/2659/2615
f 2585/2539/2505 2709/2659/2615 2591/2537/2503
f 2709/2659/2615 2703/2653/2609 2587/2534/2500
f 2709/2659/2615 2587/2534/2500 2591/2537/2503
f 2707/2658/2614 2711/2660/2616 2710/2661/2617
f 2707/2658/2614 2710/2661/2617 2709/2659/2615
f 2709/2659/2615 2710/2661/2617 2712/2662/2618
f 2709/2659/2615 2712/2662/2618 2703/2653/2609
f 2712/2662/2618 2669/2634/2591 2667/2633/2590
f 2712/2662/2618 2667/2633/2590 2703/2653/2609
f 2637/2586/2548 2713/2663/2619 2704/2654/2610
f 2637/2586/2548 2704/2654/2610 2639/2588/2550
f 2704/2654/2610 2713/2663/2619 2714/2664/2620
f 2704/2654/2610 2714/2664/2620 2705/2655/2611
f 2714/2664/2620 2715/2665/2621 2706/2656/2612
f 2714/2664/2620 2706/2656/2612 2705/2655/2611
f 2706/2656/2612 2715/2665/2621 2717/2666/2622
f 2706/2656/2612 2717/2666/2622 2708/2657/2613
f 2716/2667/2623 2718/2668/2624 2711/2660/2616
f 2716/2667/2623 2711/2660/2616 2707/2658/2614
f 2633/2583/2545 2674/2639/2596 2719/2669/2625
f 2633/2583/2545 2719/2669/2625 2635/2584/2546
f 2719/2669/2625 2674/2639/2596 2677/2638/2595
f 2719/2669/2625 2677/2638/2595 2720/2670/2626
f 2677/2638/2595 2680/2637/2594 2721/2671/2627
f 2677/2638/2595 2721/2671/2627 2720/2670/2626
f 2722/2672/2628 2681/2636/2593 2671/2635/2592
f 2722/2672/2628 2671/2635/2592 2723/2673/2629
f 2671/2635/2592 2669/2634/2591 2724/2674/2630
f 2671/2635/2592 2724/2674/2630 2723/2673/2629
f 2724/2674/2630 2669/2634/2591 2712/2662/2618
f 2724/2674/2630 2712/2662/2618 2725/2675/2631
f 2713/2663/2619 2637/2586/2548 2635/2584/2546
f 2713/2663/2619 2635/2584/2546 2719/2669/2625
f 2711/2660/2616 2718/2668/2624 2727/2676/2632
f 2711/2660/2616 2727/2676/2632 2726/2677/2633
f 2726/2677/2633 2728/2678/2634 2710/2661/2617
f 2726/2677/2633 2710/2661/2617 2711/2660/2616
f 2710/2661/2617 2728/2678/2634 2729/2679/2635
f 2710/2661/2617 2729/2679/2635 2712/2662/2618
f 2729/2679/2635 2730/2680/2636 2725/2675/2631
f 2729/2679/2635 2725/2675/2631 2712/2662/2618
f 2718/2668/2624 2733/2681/2637 2731/2682/2638
f 2718/2668/2624 2731/2682/2638 2727/2676/2632
f 2731/2682/2638 2733/2681/2637 2735/2683/2639
f 2731/2682/2638 2735/2683/2639 2734/2684/2640
f 2735/2683/2639 2738/2685/2641 2737/2686/2642
f 2735/2683/2639 2737/2686/2642 2734/2684/2640
f 2737/2686/2642 2738/2685/2641 2725/2675/2631
f 2737/2686/2642 2725/2675/2631 2730/2680/2636
f 2740/2687/2643 2728/2678/2634 2726/2677/2633
f 2740/2687/2643 2726/2677/2633 2741/2688/2644
f 2741/2688/2644 2726/2677/2633 2727/2676/2632
f 2741/2688/2644 2727/2676/2632 2742/2689/2645
f 2742/2689/2645 2727/2676/2632 2731/2682/2638
f 2742/2689/2645 2731/2682/2638 2743/2690/2646
f 2743/2690/2646 2731/2682/2638 2734/2684/2640
f 2743/2690/2646 2734/2684/2640 2744/2691/2647
f 2744/2691/2647 2734/2684/2640 2737/2686/2642
f 2744/2691/2647 2737/2686/2642 2745/2692/2648
f 2745/2692/2648 2737/2686/2642 2730/2680/2636
f 2745/2692/2648 2730/2680/2636 2746/2693/2649
f 2746/2693/2649 2730/2680/2636 2729/2679/2635
f 2746/2693/2649 2729/2679/2635 2747/2694/2650
f 2747/2694/2650 2729/2679/2635 2728/2678/2634
f 2747/2694/2650 2728/2678/2634 2740/2687/2643
f 2740/2687/2643 2741/2688/2644 2742/2689/2645
f 2740/2687/2643 2742/2689/2645 2748/2695/2651
f 2742/2689/2645 2743/2690/2646 2744/2691/2647
f 2742/2689/2645 2744/2691/2647 2748/2695/2651
f 2748/2695/2651 2744/2691/2647 2745/2692/2648
f 2748/2695/2651 2745/2692/2648 2746/2693/2649
f 2748/2695/2651 2746/2693/2649 2747/2694/2650
f 2748/2695/2651 2747/2694/2650 2740/2687/2643
f 2738/2685/2641 2749/2696/2652 2724/2674/2630
f 2738/2685/2641 2724/2674/2630 2725/2675/2631
f 2724/2674/2630 2749/2696/2652 2751/2697/2653
f 2724/2674/2630 2751/2697/2653 2723/2673/2629
f 2751/2697/2653 2754/2698/2654 2722/2672/2628
f 2751/2697/2653 2722/2672/2628 2723/2673/2629
f 2721/2671/2627 2753/2699/2655 2757/2700/2656
f 2721/2671/2627 2757/2700/2656 2720/2670/2626
f 2757/2700/2656 2759/2701/2657 2719/2669/2625
f 2757/2700/2656 2719/2669/2625 2720/2670/2626
f 2719/2669/2625 2759/2701/2657 2762/2702/2658
f 2719/2669/2625 2762/2702/2658 2713/2663/2619
f 2762/2702/2658 2764/2703/2659 2714/2664/2620
f 2762/2702/2658 2714/2664/2620 2713/2663/2619
f 2714/2664/2620 2764/2703/2659 2766/2704/2660
f 2714/2664/2620 2766/2704/2660 2715/2665/2621
f 2766/2704/2660 2770/2705/2661 2717/2666/2622
f 2766/2704/2660 2717/2666/2622 2715/2665/2621
f 2716/2667/2623 2769/2706/2662 2733/2681/2637
f 2716/2667/2623 2733/2681/2637 2718/2668/2624
f 2816/2707/2663 2806/2708/2664 2807/2709/2665
f 2816/2707/2663 2807/2709/2665 2815/2710/2666
f 2815/2710/2666 2807/2709/2665 2809/2711/2667
f 2815/2710/2666 2809/2711/2667 2814/2712/2668
f 2813/2713/2669 2808/2714/2670 2810/2715/2671
f 2813/2713/2669 2810/2715/2671 2812/2716/2672
f 2812/2716/2672 2810/2715/2671 2797/2717/2673
f 2812/2716/2672 2797/2717/2673 2811/2718/2674
f 2811/2718/2674 2797/2717/2673 2798/2719/2675
f 2811/2718/2674 2798/2719/2675 2824/2720/2676
f 2824/2720/2676 2798/2719/2675 2799/2721/2677
f 2824/2720/2676 2799/2721/2677 2823/2722/2678
f 2823/2722/2678 2799/2721/2677 2800/2723/2679
f 2823/2722/2678 2800/2723/2679 2822/2724/2680
f 2822/2724/2680 2800/2723/2679 2802/2725/2681
f 2822/2724/2680 2802/2725/2681 2821/2726/2682
f 2820/2727/2683 2801/2728/2684 2803/2729/2685
f 2820/2727/2683 2803/2729/2685 2819/2730/2686
f 2819/2730/2686 2803/2729/2685 2804/2731/2687
f 2819/2730/2686 2804/2731/2687 2818/2732/2688
f 2818/2732/2688 2804/2731/2687 2805/2733/2689
f 2818/2732/2688 2805/2733/2689 2817/2734/2690
f 2817/2734/2690 2805/2733/2689 2806/2708/2664
f 2817/2734/2690 2806/2708/2664 2816/2707/2663
f 2797/2717/2673 2750/2735/2691 2739/2736/2641
f 2797/2717/2673 2739/2736/2641 2798/2719/2675
f 2798/2719/2675 2739/2736/2641 2736/2737/2639
f 2798/2719/2675 2736/2737/2639 2799/2721/2677
f 2799/2721/2677 2736/2737/2639 2732/2738/2692
f 2799/2721/2677 2732/2738/2692 2800/2723/2679
f 2800/2723/2679 2732/2738/2692 2768/2739/2693
f 2800/2723/2679 2768/2739/2693 2802/2725/2681
f 2801/2728/2684 2767/2740/2694 2765/2741/2695
f 2801/2728/2684 2765/2741/2695 2803/2729/2685
f 2803/2729/2685 2765/2741/2695 2763/2742/2696
f 2803/2729/2685 2763/2742/2696 2804/2731/2687
f 2804/2731/2687 2763/2742/2696 2761/2743/2697
f 2804/2731/2687 2761/2743/2697 2805/2733/2689
f 2805/2733/2689 2761/2743/2697 2760/2744/2698
f 2805/2733/2689 2760/2744/2698 2806/2708/2664
f 2806/2708/2664 2760/2744/2698 2758/2745/2699
f 2806/2708/2664 2758/2745/2699 2807/2709/2665
f 2807/2709/2665 2758/2745/2699 2756/2746/2700
f 2807/2709/2665 2756/2746/2700 2809/2711/2667
f 2808/2714/2670 2755/2747/2701 2752/2748/2702
f 2808/2714/2670 2752/2748/2702 2810/2715/2671
f 2810/2715/2671 2752/2748/2702 2750/2735/2691
f 2810/2715/2671 2750/2735/2691 2797/2717/2673
f 2840/2749/2703 2838/2750/2704 2825/2751/2705
f 2840/2749/2703 2825/2751/2705 2839/2752/2706
f 2841/2753/2707 2836/2754/2708 2838/2750/2704
f 2841/2753/2707 2838/2750/2704 2840/2749/2703
f 2843/2755/2709 2835/2756/2710 2837/2757/2711
f 2843/2755/2709 2837/2757/2711 2842/2758/2712
f 2844/2759/2713 2834/2760/2714 2835/2756/2710
f 2844/2759/2713 2835/2756/2710 2843/2755/2709
f 2845/2761/2715 2833/2762/2716 2834/2760/2714
f 2845/2761/2715 2834/2760/2714 2844/2759/2713
f 2846/2763/2717 2832/2764/2718 2833/2762/2716
f 2846/2763/2717 2833/2762/2716 2845/2761/2715
f 2847/2765/2719 2831/2766/2720 2832/2764/2718
f 2847/2765/2719 2832/2764/2718 2846/2763/2717
f 2848/2767/2721 2829/2768/2722 2831/2766/2720
f 2848/2767/2721 2831/2766/2720 2847/2765/2719
f 2850/2769/2723 2828/2770/2724 2830/2771/2725
f 2850/2769/2723 2830/2771/2725 2849/2772/2726
f 2851/2773/2727 2827/2774/2728 2828/2770/2724
f 2851/2773/2727 2828/2770/2724 2850/2769/2723
f 2852/2775/2729 2826/2776/2730 2827/2774/2728
f 2852/2775/2729 2827/2774/2728 2851/2773/2727
f 2839/2752/2706 2825/2751/2705 2826/2776/2730
f 2839/2752/2706 2826/2776/2730 2852/2775/2729
f 2825/2751/2705 2811/2718/2674 2824/2720/2676
f 2825/2751/2705 2824/2720/2676 2826/2776/2730
f 2826/2776/2730 2824/2720/2676 2823/2722/2678
f 2826/2776/2730 2823/2722/2678 2827/2774/2728
f 2827/2774/2728 2823/2722/2678 2822/2724/2680
f 2827/2774/2728 2822/2724/2680 2828/2770/2724
f 2828/2770/2724 2822/2724/2680 2821/2726/2682
f 2828/2770/2724 2821/2726/2682 2830/2771/2725
f 2829/2768/2722 2820/2727/2683 2819/2730/2686
f 2829/2768/2722 2819/2730/2686 2831/2766/2720
f 2831/2766/2720 2819/2730/2686 2818/2732/2688
f 2831/2766/2720 2818/2732/2688 2832/2764/2718
f 2832/2764/2718 2818/2732/2688 2817/2734/2690
f 2832/2764/2718 2817/2734/2690 2833/2762/2716
f 2833/2762/2716 2817/2734/2690 2816/2707/2663
f 2833/2762/2716 2816/2707/2663 2834/2760/2714
f 2834/2760/2714 2816/2707/2663 2815/2710/2666
f 2834/2760/2714 2815/2710/2666 2835/2756/2710
f 2835/2756/2710 2815/2710/2666 2814/2712/2668
f 2835/2756/2710 2814/2712/2668 2837/2757/2711
f 2836/2754/2708 2813/2713/2669 2812/2716/2672
f 2836/2754/2708 2812/2716/2672 2838/2750/2704
f 2838/2750/2704 2812/2716/2672 2811/2718/2674
f 2838/2750/2704 2811/2718/2674 2825/2751/2705
f 2868/2777/2731 2866/2778/2732 2853/2779/2733
f 2868/2777/2731 2853/2779/2733 2867/2780/2734
f 2869/2781/2735 2864/2782/2736 2866/2778/2732
f 2869/2781/2735 2866/2778/2732 2868/2777/2731
f 2871/2783/2737 2863/2784/2738 2865/2785/2739
f 2871/2783/2737 2865/2785/2739 2870/2786/2740
f 2872/2787/2741 2862/2788/2742 2863/2784/2738
f 2872/2787/2741 2863/2784/2738 2871/2783/2737
f 2873/2789/2743 2861/2790/2744 2862/2788/2742
f 2873/2789/2743 2862/2788/2742 2872/2787/2741
f 2874/2791/2745 2860/2792/2746 2861/2790/2744
f 2874/2791/2745 2861/2790/2744 2873/2789/2743
f 2875/2793/2747 2859/2794/2748 2860/2792/2746
f 2875/2793/2747 2860/2792/2746 2874/2791/2745
f 2876/2795/2749 2857/2796/2750 2859/2794/2748
f 2876/2795/2749 2859/2794/2748 2875/2793/2747
f 2878/2797/2751 2856/2798/2752 2858/2799/2753
f 2878/2797/2751 2858/2799/2753 2877/2800/2754
f 2879/2801/2755 2855/2802/2756 2856/2798/2752
f 2879/2801/2755 2856/2798/2752 2878/2797/2751
f 2880/2803/2757 2854/2804/2758 2855/2802/2756
f 2880/2803/2757 2855/2802/2756 2879/2801/2755
f 2867/2780/2734 2853/2779/2733 2854/2804/2758
f 2867/2780/2734 2854/2804/2758 2880/2803/2757
f 2853/2779/2733 2839/2752/2706 2852/2775/2729
f 2853/2779/2733 2852/2775/2729 2854/2804/2758
f 2854/2804/2758 2852/2775/2729 2851/2773/2727
f 2854/2804/2758 2851/2773/2727 2855/2802/2756
f 2855/2802/2756 2851/2773/2727 2850/2769/2723
f 2855/2802/2756 2850/2769/2723 2856/2798/2752
f 2856/2798/2752 2850/2769/2723 2849/2772/2726
f 2856/2798/2752 2849/2772/2726 2858/2799/2753
f 2857/2796/2750 2848/2767/2721 2847/2765/2719
f 2857/2796/2750 2847/2765/2719 2859/2794/2748
f 2859/2794/2748 2847/2765/2719 2846/2763/2717
f 2859/2794/2748 2846/2763/2717 2860/2792/2746
f 2860/2792/2746 2846/2763/2717 2845/2761/2715
f 2860/2792/2746 2845/2761/2715 2861/2790/2744
f 2861/2790/2744 2845/2761/2715 2844/2759/2713
f 2861/2790/2744 2844/2759/2713 2862/2788/2742
f 2862/2788/2742 2844/2759/2713 2843/2755/2709
f 2862/2788/2742 2843/2755/2709 2863/2784/2738
f 2863/2784/2738 2843/2755/2709 2842/2758/2712
f 2863/2784/2738 2842/2758/2712 2865/2785/2739
f 2864/2782/2736 2841/2753/2707 2840/2749/2703
f 2864/2782/2736 2840/2749/2703 2866/2778/2732
f 2866/2778/2732 2840/2749/2703 2839/2752/2706
f 2866/2778/2732 2839/2752/2706 2853/2779/2733
f 2778/2805/2759 2922/2806/2760 2909/2807/2761
f 2778/2805/2759 2909/2807/2761 2781/2808/2762
f 2775/2809/2763 2920/2810/2764 2922/2806/2760
f 2775/2809/2763 2922/2806/2760 2778/2805/2759
f 2773/2811/2765 2919/2812/2766 2921/2813/2767
f 2773/2811/2765 2921/2813/2767 2776/2814/2768
f 2771/2815/2769 2918/2816/2770 2919/2812/2766
f 2771/2815/2769 2919/2812/2766 2773/2811/2765
f 2795/2817/2771 2917/2818/2772 2918/2816/2770
f 2795/2817/2771 2918/2816/2770 2771/2815/2769
f 2794/2819/2773 2916/2820/2774 2917/2818/2772
f 2794/2819/2773 2917/2818/2772 2795/2817/2771
f 2792/2821/2775 2915/2822/2776 2916/2820/2774
f 2792/2821/2775 2916/2820/2774 2794/2819/2773
f 2789/2823/2777 2913/2824/2778 2915/2822/2776
f 2789/2823/2777 2915/2822/2776 2792/2821/2775
f 2786/2825/2779 2912/2826/2780 2914/2827/2781
f 2786/2825/2779 2914/2827/2781 2790/2828/2782
f 2784/2829/2783 2911/2830/2784 2912/2826/2780
f 2784/2829/2783 2912/2826/2780 2786/2825/2779
f 2782/2831/2785 2910/2832/2786 2911/2830/2784
f 2782/2831/2785 2911/2830/2784 2784/2829/2783
f 2781/2808/2762 2909/2807/2761 2910/2832/2786
f 2781/2808/2762 2910/2832/2786 2782/2831/2785
f 2881/2833/2787 2867/2780/2734 2880/2803/2757
f 2881/2833/2787 2880/2803/2757 2882/2834/2788
f 2882/2834/2788 2880/2803/2757 2879/2801/2755
f 2882/2834/2788 2879/2801/2755 2883/2835/2789
f 2883/2835/2789 2879/2801/2755 2878/2797/2751
f 2883/2835/2789 2878/2797/2751 2884/2836/2790
f 2884/2836/2790 2878/2797/2751 2877/2800/2754
f 2884/2836/2790 2877/2800/2754 2886/2837/2791
f 2885/2838/2792 2876/2795/2749 2875/2793/2747
f 2885/2838/2792 2875/2793/2747 2887/2839/2793
f 2887/2839/2793 2875/2793/2747 2874/2791/2745
f 2887/2839/2793 2874/2791/2745 2888/2840/2794
f 2888/2840/2794 2874/2791/2745 2873/2789/2743
f 2888/2840/2794 2873/2789/2743 2889/2841/2795
f 2889/2841/2795 2873/2789/2743 2872/2787/2741
f 2889/2841/2795 2872/2787/2741 2890/2842/2796
f 2890/2842/2796 2872/2787/2741 2871/2783/2737
f 2890/2842/2796 2871/2783/2737 2891/2843/2797
f 2891/2843/2797 2871/2783/2737 2870/2786/2740
f 2891/2843/2797 2870/2786/2740 2893/2844/2798
f 2892/2845/2799 2869/2781/2735 2868/2777/2731
f 2892/2845/2799 2868/2777/2731 2894/2846/2800
f 2894/2846/2800 2868/2777/2731 2867/2780/2734
f 2894/2846/2800 2867/2780/2734 2881/2833/2787
f 2895/2847/2801 2890/2842/2796 2891/2843/2797
f 2895/2847/2801 2891/2843/2797 2896/2848/2802
f 2896/2848/2802 2891/2843/2797 2893/2844/2798
f 2896/2848/2802 2893/2844/2798 2898/2849/2803
f 2897/2850/2804 2892/2845/2799 2894/2846/2800
f 2897/2850/2804 2894/2846/2800 2899/2851/2805
f 2899/2851/2805 2894/2846/2800 2881/2833/2787
f 2899/2851/2805 2881/2833/2787 2900/2852/2806
f 2900/2852/2806 2881/2833/2787 2882/2834/2788
f 2900/2852/2806 2882/2834/2788 2901/2853/2807
f 2901/2853/2807 2882/2834/2788 2883/2835/2789
f 2901/2853/2807 2883/2835/2789 2902/2854/2808
f 2902/2854/2808 2883/2835/2789 2884/2836/2790
f 2902/2854/2808 2884/2836/2790 2903/2855/2809
f 2903/2855/2809 2884/2836/2790 2886/2837/2791
f 2903/2855/2809 2886/2837/2791 2905/2856/2810
f 2904/2857/2811 2885/2838/2792 2887/2839/2793
f 2904/2857/2811 2887/2839/2793 2906/2858/2812
f 2906/2858/2812 2887/2839/2793 2888/2840/2794
f 2906/2858/2812 2888/2840/2794 2907/2859/2813
f 2907/2859/2813 2888/2840/2794 2889/2841/2795
f 2907/2859/2813 2889/2841/2795 2908/2860/2814
f 2908/2860/2814 2889/2841/2795 2890/2842/2796
f 2908/2860/2814 2890/2842/2796 2895/2847/2801
f 2909/2807/2761 2900/2852/2806 2901/2853/2807
f 2909/2807/2761 2901/2853/2807 2910/2832/2786
f 2910/2832/2786 2901/2853/2807 2902/2854/2808
f 2910/2832/2786 2902/2854/2808 2911/2830/2784
f 2911/2830/2784 2902/2854/2808 2903/2855/2809
f 2911/2830/2784 2903/2855/2809 2912/2826/2780
f 2912/2826/2780 2903/2855/2809 2905/2856/2810
f 2912/2826/2780 2905/2856/2810 2914/2827/2781
f 2913/2824/2778 2904/2857/2811 2906/2858/2812
f 2913/2824/2778 2906/2858/2812 2915/2822/2776
f 2915/2822/2776 2906/2858/2812 2907/2859/2813
f 2915/2822/2776 2907/2859/2813 2916/2820/2774
f 2916/2820/2774 2907/2859/2813 2908/2860/2814
f 2916/2820/2774 2908/2860/2814 2917/2818/2772
f 2917/2818/2772 2908/2860/2814 2895/2847/2801
f 2917/2818/2772 2895/2847/2801 2918/2816/2770
f 2918/2816/2770 2895/2847/2801 2896/2848/2802
f 2918/2816/2770 2896/2848/2802 2919/2812/2766
f 2919/2812/2766 2896/2848/2802 2898/2849/2803
f 2919/2812/2766 2898/2849/2803 2921/2813/2767
f 2920/2810/2764 2897/2850/2804 2899/2851/2805
f 2920/2810/2764 2899/2851/2805 2922/2806/2760
f 2922/2806/2760 2899/2851/2805 2900/2852/2806
f 2922/2806/2760 2900/2852/2806 2909/2807/2761
f 2948/2861/2815 2938/2862/2816 2959/2863/2817
f 2948/2861/2815 2959/2863/2817 2947/2864/2818
f 2923/2865/2819 4239/2866/2820 4256/2867/2821
f 2923/2865/2819 4256/2867/2821 2955/2868/2822
f 2956/2869/2823 2938/2862/2816 2948/2861/2815
f 2956/2869/2823 2948/2861/2815 2949/2870/2824
f 2956/2869/2823 2949/2870/2824 2975/2871/2825
f 2956/2869/2823 2975/2871/2825 2976/2872/2826
f 3715/2873/2827 2931/2874/2828 2926/2875/2829
f 3715/2873/2827 2926/2875/2829 3727/2876/2830
f 2772/2877/2831 2952/2878/2832 2929/2879/2833
f 2772/2877/2831 2929/2879/2833 2796/2880/2834
f 2777/2881/2835 2953/2882/2836 2930/2883/2837
f 2777/2881/2835 2930/2883/2837 2774/2884/2838
f 2953/2882/2836 2960/2885/2839 2936/2886/2840
f 2953/2882/2836 2936/2886/2840 2935/2887/2841
f 2978/2888/2842 2943/2889/2843 2957/2869/2844
f 2978/2888/2842 2957/2869/2844 2977/2872/2845
f 2958/2863/2846 2783/2890/2847 2785/2891/2848
f 2958/2863/2846 2785/2891/2848 2939/2892/2849
f 2780/2893/2850 2783/2890/2847 2958/2863/2846
f 2780/2893/2850 2958/2863/2846 2940/2894/2851
f 2963/2895/2852 2779/2896/2853 2780/2893/2850
f 2963/2895/2852 2780/2893/2850 2940/2894/2851
f 2944/2897/2854 2963/2895/2852 2943/2889/2843
f 2944/2897/2854 2943/2889/2843 2962/2898/2855
f 2959/2863/2817 2939/2892/2849 2946/2899/2856
f 2959/2863/2817 2946/2899/2856 2947/2864/2818
f 3716/2900/2857 4242/2901/2858 2925/2902/2859
f 3716/2900/2857 2925/2902/2859 3726/2903/2860
f 3582/2904/2861 3536/2905/2862 3713/2906/2863
f 3582/2904/2861 3713/2906/2863 3712/2907/2864
f 2928/2908/2865 2950/2909/2866 2929/2879/2833
f 2928/2908/2865 2929/2879/2833 2952/2878/2832
f 2930/2883/2837 2951/2910/2867 2928/2908/2865
f 2930/2883/2837 2928/2908/2865 2952/2878/2832
f 2935/2887/2841 2951/2910/2867 2930/2883/2837
f 2935/2887/2841 2930/2883/2837 2953/2882/2836
f 2930/2883/2837 2952/2878/2832 2772/2877/2831
f 2930/2883/2837 2772/2877/2831 2774/2884/2838
f 3725/2911/2868 2933/2912/2869 2931/2874/2828
f 3725/2911/2868 2931/2874/2828 3715/2873/2827
f 2945/2913/2870 2960/2885/2839 2953/2882/2836
f 2945/2913/2870 2953/2882/2836 2777/2881/2835
f 2957/2869/2844 2940/2894/2851 2958/2863/2846
f 2957/2869/2844 2958/2863/2846 2937/2862/2871
f 2963/2895/2852 2940/2894/2851 2957/2869/2844
f 2963/2895/2852 2957/2869/2844 2943/2889/2843
f 2961/2914/2872 2954/2868/2873 4255/2867/2874
f 2961/2914/2872 4255/2867/2874 2941/2915/2875
f 2942/2916/2876 2961/2914/2872 2941/2915/2875
f 2942/2916/2876 2941/2915/2875 4254/2917/2877
f 2943/2889/2843 2978/2888/2842 2979/2918/2878
f 2943/2889/2843 2979/2918/2878 2962/2898/2855
f 2779/2896/2853 2963/2895/2852 2944/2897/2854
f 2779/2896/2853 2944/2897/2854 2964/2919/2879
f 2777/2881/2835 2779/2896/2853 2964/2919/2879
f 2777/2881/2835 2964/2919/2879 2945/2913/2870
f 2946/2899/2856 2939/2892/2849 2785/2891/2848
f 2946/2899/2856 2785/2891/2848 2965/2920/2880
f 2785/2891/2848 2787/2921/2881 2966/2922/2882
f 2785/2891/2848 2966/2922/2882 2965/2920/2880
f 2787/2921/2881 2788/2923/2883 2967/2924/2884
f 2787/2921/2881 2967/2924/2884 2966/2922/2882
f 2967/2924/2884 2788/2923/2883 2791/2925/2885
f 2967/2924/2884 2791/2925/2885 2968/2926/2886
f 2791/2925/2885 2793/2927/2887 2969/2928/2888
f 2791/2925/2885 2969/2928/2888 2968/2926/2886
f 2969/2928/2888 2793/2927/2887 2796/2880/2834
f 2969/2928/2888 2796/2880/2834 2970/2929/2889
f 2796/2880/2834 2929/2879/2833 2971/2930/2890
f 2796/2880/2834 2971/2930/2890 2970/2929/2889
f 2971/2930/2890 2929/2879/2833 2950/2909/2866
f 2971/2930/2890 2950/2909/2866 2972/2931/2891
f 3726/2903/2860 2925/2902/2859 2974/2932/2892
f 3726/2903/2860 2974/2932/2892 3717/2933/2893
f 2976/2872/2826 2975/2871/2825 2923/2865/2819
f 2976/2872/2826 2923/2865/2819 2955/2868/2822
f 2961/2914/2872 2978/2888/2842 2977/2872/2845
f 2961/2914/2872 2977/2872/2845 2954/2868/2873
f 2978/2888/2842 2961/2914/2872 2942/2916/2876
f 2978/2888/2842 2942/2916/2876 2979/2918/2878
f 3461/2934/2894 3460/2935/2895 2928/2908/2865
f 3461/2934/2894 2928/2908/2865 2951/2910/2867
f 2998/2936/2896 2936/2886/2840 2960/2885/2839
f 2998/2936/2896 2960/2885/2839 2997/2937/2897
f 2997/2937/2897 2960/2885/2839 2945/2913/2870
f 2997/2937/2897 2945/2913/2870 2996/2938/2898
f 2996/2938/2898 2945/2913/2870 2964/2919/2879
f 2996/2938/2898 2964/2919/2879 2995/2939/2899
f 2995/2939/2899 2964/2919/2879 2944/2897/2854
f 2995/2939/2899 2944/2897/2854 2994/2940/2900
f 2994/2940/2900 2944/2897/2854 2962/2898/2855
f 2994/2940/2900 2962/2898/2855 2993/2941/2901
f 2993/2941/2901 2962/2898/2855 2979/2918/2878
f 2993/2941/2901 2979/2918/2878 2992/2942/2902
f 2992/2942/2902 2979/2918/2878 2942/2916/2876
f 2992/2942/2902 2942/2916/2876 2991/2943/2903
f 2991/2943/2903 2942/2916/2876 4254/2917/2877
f 2991/2943/2903 4254/2917/2877 2990/2944/2904
f 2989/2945/2905 3010/2946/2906 3011/2947/2907
f 2989/2945/2905 3011/2947/2907 4287/2948/2908
f 2988/2949/2909 3009/2950/2910 3010/2946/2906
f 2988/2949/2909 3010/2946/2906 2989/2945/2905
f 2987/2951/2911 3008/2952/2912 3009/2950/2910
f 2987/2951/2911 3009/2950/2910 2988/2949/2909
f 2986/2953/2913 3007/2954/2914 3008/2952/2912
f 2986/2953/2913 3008/2952/2912 2987/2951/2911
f 2984/2955/2915 3006/2956/2916 3007/2954/2914
f 2984/2955/2915 3007/2954/2914 2986/2953/2913
f 2982/2957/2917 3005/2958/2918 3006/2956/2916
f 2982/2957/2917 3006/2956/2916 2984/2955/2915
f 2981/2959/2919 3004/2960/2920 3005/2958/2918
f 2981/2959/2919 3005/2958/2918 2982/2957/2917
f 2980/2961/2921 3003/2962/2922 3004/2960/2920
f 2980/2961/2921 3004/2960/2920 2981/2959/2919
f 3464/2963/2923 3457/2964/2924 2936/2886/2840
f 3464/2963/2923 2936/2886/2840 2998/2936/2896
f 3463/2965/2925 3465/2966/2926 3003/2962/2922
f 3463/2965/2925 3003/2962/2922 2980/2961/2921
f 3003/2962/2922 2998/2936/2896 2997/2937/2897
f 3003/2962/2922 2997/2937/2897 3004/2960/2920
f 3004/2960/2920 2997/2937/2897 2996/2938/2898
f 3004/2960/2920 2996/2938/2898 3005/2958/2918
f 3005/2958/2918 2996/2938/2898 2995/2939/2899
f 3005/2958/2918 2995/2939/2899 3006/2956/2916
f 3006/2956/2916 2995/2939/2899 2994/2940/2900
f 3006/2956/2916 2994/2940/2900 3007/2954/2914
f 3007/2954/2914 2994/2940/2900 2993/2941/2901
f 3007/2954/2914 2993/2941/2901 3008/2952/2912
f 3008/2952/2912 2993/2941/2901 2992/2942/2902
f 3008/2952/2912 2992/2942/2902 3009/2950/2910
f 3009/2950/2910 2992/2942/2902 2991/2943/2903
f 3009/2950/2910 2991/2943/2903 3010/2946/2906
f 3010/2946/2906 2991/2943/2903 2990/2944/2904
f 3010/2946/2906 2990/2944/2904 3011/2947/2907
f 2989/2945/2905 4287/2948/2908 4305/2967/2927
f 2989/2945/2905 4305/2967/2927 3012/2968/2928
f 3012/2968/2928 3013/2969/2929 2988/2949/2909
f 3012/2968/2928 2988/2949/2909 2989/2945/2905
f 2988/2949/2909 3013/2969/2929 3014/2970/2930
f 2988/2949/2909 3014/2970/2930 2987/2951/2911
f 3014/2970/2930 3015/2971/2931 2985/2953/2932
f 3014/2970/2930 2985/2953/2932 2987/2951/2911
f 2985/2953/2932 3015/2971/2931 3016/2972/2933
f 2985/2953/2932 3016/2972/2933 2983/2955/2934
f 3016/2972/2933 3017/2973/2935 2982/2957/2917
f 3016/2972/2933 2982/2957/2917 2983/2955/2934
f 2982/2957/2917 3017/2973/2935 3018/2974/2936
f 2982/2957/2917 3018/2974/2936 2981/2959/2919
f 3018/2974/2936 3019/2975/2937 2980/2961/2921
f 3018/2974/2936 2980/2961/2921 2981/2959/2919
f 3728/2976/2938 3719/2977/2939 3021/2978/2940
f 3728/2976/2938 3021/2978/2940 4276/2979/2941
f 3465/2966/2926 3464/2963/2923 2998/2936/2896
f 3465/2966/2926 2998/2936/2896 3003/2962/2922
f 3027/2980/2942 3019/2975/2937 3049/2981/2943
f 3027/2980/2942 3049/2981/2943 3051/2982/2944
f 3030/2983/2945 3033/2984/2946 3032/2985/2947
f 3030/2983/2945 3032/2985/2947 3029/2986/2948
f 3062/2987/2949 3063/2988/2950 4325/2989/2951
f 3062/2987/2949 4325/2989/2951 4323/2990/2952
f 3013/2969/2929 3043/2991/2953 3044/2992/2954
f 3013/2969/2929 3044/2992/2954 3014/2970/2930
f 3043/2991/2953 3013/2969/2929 3012/2968/2928
f 3043/2991/2953 3012/2968/2928 3042/2993/2955
f 3012/2968/2928 4305/2967/2927 4334/2994/2956
f 3012/2968/2928 4334/2994/2956 3042/2993/2955
f 3015/2971/2931 3014/2970/2930 3044/2992/2954
f 3015/2971/2931 3044/2992/2954 3045/2995/2957
f 3045/2995/2957 3046/2996/2958 3016/2972/2933
f 3045/2995/2957 3016/2972/2933 3015/2971/2931
f 3016/2972/2933 3046/2996/2958 3047/2997/2959
f 3016/2972/2933 3047/2997/2959 3017/2973/2935
f 3047/2997/2959 3048/2998/2960 3018/2974/2936
f 3047/2997/2959 3018/2974/2936 3017/2973/2935
f 3018/2974/2936 3048/2998/2960 3049/2981/2943
f 3018/2974/2936 3049/2981/2943 3019/2975/2937
f 3042/2993/2955 4334/2994/2956 3037/2999/2961
f 3042/2993/2955 3037/2999/2961 3036/3000/2962
f 3035/3001/2963 3043/2991/2953 3042/2993/2955
f 3035/3001/2963 3042/2993/2955 3036/3000/2962
f 3043/2991/2953 3035/3001/2963 3034/3002/2964
f 3043/2991/2953 3034/3002/2964 3044/2992/2954
f 3045/2995/2957 3044/2992/2954 3034/3002/2964
f 3045/2995/2957 3034/3002/2964 3038/3003/2965
f 3038/3003/2965 3039/3004/2966 3046/2996/2958
f 3038/3003/2965 3046/2996/2958 3045/2995/2957
f 3046/2996/2958 3039/3004/2966 3040/3005/2967
f 3046/2996/2958 3040/3005/2967 3047/2997/2959
f 3040/3005/2967 3041/3006/2968 3048/2998/2960
f 3040/3005/2967 3048/2998/2960 3047/2997/2959
f 3048/2998/2960 3041/3006/2968 3030/2983/2945
f 3048/2998/2960 3030/2983/2945 3049/2981/2943
f 3051/2982/2944 3049/2981/2943 3030/2983/2945
f 3051/2982/2944 3030/2983/2945 3029/2986/2948
f 3036/3000/2962 3037/2999/2961 4346/3007/2969
f 3036/3000/2962 4346/3007/2969 3052/3008/2970
f 4346/3007/2969 3054/3009/2971 3053/3010/2972
f 4346/3007/2969 3053/3010/2972 3052/3008/2970
f 3053/3010/2972 3054/3009/2971 4351/3011/2973
f 3053/3010/2972 4351/3011/2973 3056/3012/2974
f 3036/3000/2962 3052/3008/2970 3057/3013/2975
f 3036/3000/2962 3057/3013/2975 3035/3001/2963
f 3057/3013/2975 3052/3008/2970 3053/3010/2972
f 3057/3013/2975 3053/3010/2972 3058/3014/2976
f 3053/3010/2972 3056/3012/2974 3060/3015/2977
f 3053/3010/2972 3060/3015/2977 3058/3014/2976
f 3032/2985/2947 3033/2984/2946 3063/2988/2950
f 3032/2985/2947 3063/2988/2950 3062/2987/2949
f 3066/3016/2978 3055/3017/2979 4350/3018/2980
f 3066/3016/2978 4350/3018/2980 3064/3019/2981
f 3067/3020/2982 3066/3016/2978 3064/3019/2981
f 3067/3020/2982 3064/3019/2981 4361/3021/2983
f 3068/3022/2984 3067/3020/2982 4361/3021/2983
f 3068/3022/2984 4361/3021/2983 4364/3023/2985
f 3063/2988/2950 3068/3022/2984 4364/3023/2985
f 3063/2988/2950 4364/3023/2985 4325/2989/2951
f 3059/3024/2986 3055/3017/2979 3066/3016/2978
f 3059/3024/2986 3066/3016/2978 3069/3025/2987
f 3066/3016/2978 3067/3020/2982 3070/3026/2988
f 3066/3016/2978 3070/3026/2988 3069/3025/2987
f 3070/3026/2988 3067/3020/2982 3068/3022/2984
f 3070/3026/2988 3068/3022/2984 3071/3027/2989
f 3068/3022/2984 3063/2988/2950 3033/2984/2946
f 3068/3022/2984 3033/2984/2946 3071/3027/2989
f 3035/3001/2963 3057/3013/2975 3088/3028/2990
f 3035/3001/2963 3088/3028/2990 3034/3002/2964
f 3088/3028/2990 3089/3029/2991 3038/3003/2965
f 3088/3028/2990 3038/3003/2965 3034/3002/2964
f 3038/3003/2965 3089/3029/2991 3090/3030/2992
f 3038/3003/2965 3090/3030/2992 3039/3004/2966
f 3090/3030/2992 3091/3031/2993 3040/3005/2967
f 3090/3030/2992 3040/3005/2967 3039/3004/2966
f 3040/3005/2967 3091/3031/2993 3092/3032/2994
f 3040/3005/2967 3092/3032/2994 3041/3006/2968
f 3092/3032/2994 3033/2984/2946 3030/2983/2945
f 3092/3032/2994 3030/2983/2945 3041/3006/2968
f 3057/3013/2975 3105/3033/2995 3107/3034/2996
f 3057/3013/2975 3107/3034/2996 3088/3028/2990
f 3104/3035/2997 3105/3033/2995 3057/3013/2975
f 3104/3035/2997 3057/3013/2975 3058/3014/2976
f 3058/3014/2976 3060/3015/2977 3102/3036/2998
f 3058/3014/2976 3102/3036/2998 3104/3035/2997
f 3098/3037/2999 3101/3038/3000 3059/3024/2986
f 3098/3037/2999 3059/3024/2986 3069/3025/2987
f 3069/3025/2987 3070/3026/2988 3096/3039/3001
f 3069/3025/2987 3096/3039/3001 3098/3037/2999
f 3094/3040/3002 3096/3039/3001 3070/3026/2988
f 3094/3040/3002 3070/3026/2988 3071/3027/2989
f 3089/3029/2991 3088/3028/2990 3107/3034/2996
f 3089/3029/2991 3107/3034/2996 3109/3041/3003
f 3109/3041/3003 3111/3042/3004 3090/3030/2992
f 3109/3041/3003 3090/3030/2992 3089/3029/2991
f 3091/3031/2993 3090/3030/2992 3111/3042/3004
f 3091/3031/2993 3111/3042/3004 3113/3043/3005
f 3113/3043/3005 3115/3044/3006 3092/3032/2994
f 3113/3043/3005 3092/3032/2994 3091/3031/2993
f 3033/2984/2946 3092/3032/2994 3115/3044/3006
f 3033/2984/2946 3115/3044/3006 3075/3045/3007
f 3071/3027/2989 3033/2984/2946 3075/3045/3007
f 3071/3027/2989 3075/3045/3007 3094/3040/3002
f 3093/3046/3008 3076/3047/3009 3131/3048/3010
f 3093/3046/3008 3131/3048/3010 3118/3049/3011
f 3118/3049/3011 3119/3050/3012 3095/3051/3013
f 3118/3049/3011 3095/3051/3013 3093/3046/3008
f 3097/3052/3014 3095/3051/3013 3119/3050/3012
f 3097/3052/3014 3119/3050/3012 3120/3053/3015
f 3120/3053/3015 3122/3054/3016 3100/3055/3017
f 3120/3053/3015 3100/3055/3017 3097/3052/3014
f 3103/3056/3018 3099/3057/3019 3121/3058/3020
f 3103/3056/3018 3121/3058/3020 3123/3059/3021
f 3123/3059/3021 3124/3060/3022 3106/3061/3023
f 3123/3059/3021 3106/3061/3023 3103/3056/3018
f 3106/3061/3023 3124/3060/3022 3125/3062/3024
f 3106/3061/3023 3125/3062/3024 3108/3063/3025
f 3110/3064/3026 3108/3063/3025 3125/3062/3024
f 3110/3064/3026 3125/3062/3024 3126/3065/3027
f 3126/3065/3027 3127/3066/3028 3112/3067/3029
f 3126/3065/3027 3112/3067/3029 3110/3064/3026
f 3114/3068/3030 3112/3067/3029 3127/3066/3028
f 3114/3068/3030 3127/3066/3028 3128/3069/3031
f 3128/3069/3031 3130/3070/3032 3117/3071/3033
f 3128/3069/3031 3117/3071/3033 3114/3068/3030
f 3076/3047/3009 3116/3072/3034 3129/3073/3035
f 3076/3047/3009 3129/3073/3035 3131/3048/3010
f 4416/3074/3036 4372/3075/3037 4381/3076/3038
f 4416/3074/3036 4381/3076/3038 4429/3077/3039
f 3074/3078/3040 3082/3079/3041 3119/3050/3012
f 3074/3078/3040 3119/3050/3012 3118/3049/3011
f 3120/3053/3015 3119/3050/3012 3082/3079/3041
f 3120/3053/3015 3082/3079/3041 3073/3080/3042
f 3073/3080/3042 3080/3081/3043 3122/3054/3016
f 3073/3080/3042 3122/3054/3016 3120/3053/3015
f 3123/3059/3021 3121/3058/3020 3081/3082/3044
f 3123/3059/3021 3081/3082/3044 3072/3083/3045
f 3072/3083/3045 3079/3084/3046 3124/3060/3022
f 3072/3083/3045 3124/3060/3022 3123/3059/3021
f 3124/3060/3022 3079/3084/3046 3087/3085/3047
f 3124/3060/3022 3087/3085/3047 3125/3062/3024
f 3126/3065/3027 3125/3062/3024 3087/3085/3047
f 3126/3065/3027 3087/3085/3047 3078/3086/3048
f 3126/3065/3027 3078/3086/3048 3086/3087/3049
f 3126/3065/3027 3086/3087/3049 3127/3066/3028
f 3128/3069/3031 3127/3066/3028 3086/3087/3049
f 3128/3069/3031 3086/3087/3049 3077/3088/3050
f 3128/3069/3031 3077/3088/3050 3085/3089/3051
f 3128/3069/3031 3085/3089/3051 3130/3070/3032
f 3131/3048/3010 3129/3073/3035 3084/3090/3052
f 3131/3048/3010 3084/3090/3052 3083/3091/3053
f 3173/3092/3054 3160/3093/3055 3087/3085/3047
f 3173/3092/3054 3087/3085/3047 3079/3084/3046
f 3160/3093/3055 3161/3094/3056 3078/3086/3048
f 3160/3093/3055 3078/3086/3048 3087/3085/3047
f 3161/3094/3056 3162/3095/3057 3086/3087/3049
f 3161/3094/3056 3086/3087/3049 3078/3086/3048
f 3162/3095/3057 3163/3096/3058 3077/3088/3050
f 3162/3095/3057 3077/3088/3050 3086/3087/3049
f 3163/3096/3058 3164/3097/3059 3085/3089/3051
f 3163/3096/3058 3085/3089/3051 3077/3088/3050
f 3165/3098/3059 3166/3099/3060 3083/3091/3053
f 3165/3098/3059 3083/3091/3053 3084/3090/3052
f 3166/3099/3060 3167/3100/3061 3074/3078/3040
f 3166/3099/3060 3074/3078/3040 3083/3091/3053
f 3167/3100/3061 3168/3101/3062 3082/3079/3041
f 3167/3100/3061 3082/3079/3041 3074/3078/3040
f 3168/3101/3062 3169/3102/3063 3073/3080/3042
f 3168/3101/3062 3073/3080/3042 3082/3079/3041
f 3169/3102/3063 3170/3103/3064 3080/3081/3043
f 3169/3102/3063 3080/3081/3043 3073/3080/3042
f 3171/3104/3065 3172/3105/3066 3072/3083/3045
f 3171/3104/3065 3072/3083/3045 3081/3082/3044
f 3172/3105/3066 3173/3092/3054 3079/3084/3046
f 3172/3105/3066 3079/3084/3046 3072/3083/3045
f 3214/3106/3067 3215/3107/3068 3145/3108/3069
f 3214/3106/3067 3145/3108/3069 3144/3109/3070
f 3215/3107/3068 3202/3110/3071 3132/3111/3072
f 3215/3107/3068 3132/3111/3072 3145/3108/3069
f 3202/3110/3071 3203/3112/3073 3133/3113/3074
f 3202/3110/3071 3133/3113/3074 3132/3111/3072
f 3203/3112/3073 3204/3114/3075 3134/3115/3076
f 3203/3112/3073 3134/3115/3076 3133/3113/3074
f 3204/3114/3075 3205/3116/3077 3135/3117/3078
f 3204/3114/3075 3135/3117/3078 3134/3115/3076
f 3205/3116/3077 3206/3118/3079 3136/3119/3080
f 3205/3116/3077 3136/3119/3080 3135/3117/3078
f 3206/3118/3079 3208/3120/3081 3138/3121/3082
f 3206/3118/3079 3138/3121/3082 3136/3119/3080
f 3207/3122/3083 3209/3123/3084 3139/3124/3085
f 3207/3122/3083 3139/3124/3085 3137/3125/3086
f 3209/3123/3084 3210/3126/3087 3140/3127/3088
f 3209/3123/3084 3140/3127/3088 3139/3124/3085
f 3210/3126/3087 3211/3128/3089 3141/3129/3090
f 3210/3126/3087 3141/3129/3090 3140/3127/3088
f 3211/3128/3089 3212/3130/3091 3142/3131/3092
f 3211/3128/3089 3142/3131/3092 3141/3129/3090
f 3212/3130/3091 3213/3132/3093 3143/3133/3094
f 3212/3130/3091 3143/3133/3094 3142/3131/3092
f 3188/3134/3095 3189/3135/3096 3187/3136/3097
f 3188/3134/3095 3187/3136/3097 3174/3137/3098
f 3189/3135/3096 3190/3138/3099 3186/3139/3100
f 3189/3135/3096 3186/3139/3100 3187/3136/3097
f 3190/3138/3099 3191/3140/3101 3185/3141/3102
f 3190/3138/3099 3185/3141/3102 3186/3139/3100
f 3191/3140/3101 3193/3142/3103 3183/3143/3104
f 3191/3140/3101 3183/3143/3104 3185/3141/3102
f 3192/3144/3105 3194/3145/3106 3182/3146/3107
f 3192/3144/3105 3182/3146/3107 3184/3147/3108
f 3194/3145/3106 3195/3148/3109 3181/3149/3110
f 3194/3145/3106 3181/3149/3110 3182/3146/3107
f 3195/3148/3109 3196/3150/3111 3180/3151/3112
f 3195/3148/3109 3180/3151/3112 3181/3149/3110
f 3196/3150/3111 3197/3152/3113 3179/3153/3114
f 3196/3150/3111 3179/3153/3114 3180/3151/3112
f 3197/3152/3113 3198/3154/3115 3177/3155/3116
f 3197/3152/3113 3177/3155/3116 3179/3153/3114
f 3199/3156/3117 3200/3157/3118 3176/3158/3119
f 3199/3156/3117 3176/3158/3119 3178/3159/3116
f 3200/3157/3118 3201/3160/3120 3175/3161/3121
f 3200/3157/3118 3175/3161/3121 3176/3158/3119
f 3201/3160/3120 3188/3134/3095 3174/3137/3098
f 3201/3160/3120 3174/3137/3098 3175/3161/3121
f 3175/3161/3121 3174/3137/3098 3160/3093/3055
f 3175/3161/3121 3160/3093/3055 3173/3092/3054
f 3176/3158/3119 3175/3161/3121 3173/3092/3054
f 3176/3158/3119 3173/3092/3054 3172/3105/3066
f 3178/3159/3116 3176/3158/3119 3172/3105/3066
f 3178/3159/3116 3172/3105/3066 3171/3104/3065
f 3179/3153/3114 3177/3155/3116 3170/3103/3064
f 3179/3153/3114 3170/3103/3064 3169/3102/3063
f 3180/3151/3112 3179/3153/3114 3169/3102/3063
f 3180/3151/3112 3169/3102/3063 3168/3101/3062
f 3181/3149/3110 3180/3151/3112 3168/3101/3062
f 3181/3149/3110 3168/3101/3062 3167/3100/3061
f 3182/3146/3107 3181/3149/3110 3167/3100/3061
f 3182/3146/3107 3167/3100/3061 3166/3099/3060
f 3184/3147/3108 3182/3146/3107 3166/3099/3060
f 3184/3147/3108 3166/3099/3060 3165/3098/3059
f 3185/3141/3102 3183/3143/3104 3164/3097/3059
f 3185/3141/3102 3164/3097/3059 3163/3096/3058
f 3186/3139/3100 3185/3141/3102 3163/3096/3058
f 3186/3139/3100 3163/3096/3058 3162/3095/3057
f 3187/3136/3097 3186/3139/3100 3162/3095/3057
f 3187/3136/3097 3162/3095/3057 3161/3094/3056
f 3174/3137/3098 3187/3136/3097 3161/3094/3056
f 3174/3137/3098 3161/3094/3056 3160/3093/3055
f 3133/3113/3074 3134/3115/3076 3189/3135/3096
f 3133/3113/3074 3189/3135/3096 3188/3134/3095
f 3134/3115/3076 3135/3117/3078 3190/3138/3099
f 3134/3115/3076 3190/3138/3099 3189/3135/3096
f 3135/3117/3078 3136/3119/3080 3191/3140/3101
f 3135/3117/3078 3191/3140/3101 3190/3138/3099
f 3136/3119/3080 3138/3121/3082 3193/3142/3103
f 3136/3119/3080 3193/3142/3103 3191/3140/3101
f 3137/3125/3086 3139/3124/3085 3194/3145/3106
f 3137/3125/3086 3194/3145/3106 3192/3144/3105
f 3139/3124/3085 3140/3127/3088 3195/3148/3109
f 3139/3124/3085 3195/3148/3109 3194/3145/3106
f 3140/3127/3088 3141/3129/3090 3196/3150/3111
f 3140/3127/3088 3196/3150/3111 3195/3148/3109
f 3141/3129/3090 3142/3131/3092 3197/3152/3113
f 3141/3129/3090 3197/3152/3113 3196/3150/3111
f 3142/3131/3092 3143/3133/3094 3198/3154/3115
f 3142/3131/3092 3198/3154/3115 3197/3152/3113
f 3144/3109/3070 3145/3108/3069 3200/3157/3118
f 3144/3109/3070 3200/3157/3118 3199/3156/3117
f 3145/3108/3069 3132/3111/3072 3201/3160/3120
f 3145/3108/3069 3201/3160/3120 3200/3157/3118
f 3132/3111/3072 3133/3113/3074 3188/3134/3095
f 3132/3111/3072 3188/3134/3095 3201/3160/3120
f 3149/3162/3122 3150/3163/3123 3203/3112/3073
f 3149/3162/3122 3203/3112/3073 3202/3110/3071
f 3150/3163/3123 3151/3164/3124 3204/3114/3075
f 3150/3163/3123 3204/3114/3075 3203/3112/3073
f 3151/3164/3124 3152/3165/3125 3205/3116/3077
f 3151/3164/3124 3205/3116/3077 3204/3114/3075
f 3152/3165/3125 3153/3166/3126 3206/3118/3079
f 3152/3165/3125 3206/3118/3079 3205/3116/3077
f 3153/3166/3126 3155/3167/3127 3208/3120/3081
f 3153/3166/3126 3208/3120/3081 3206/3118/3079
f 3154/3168/3128 3156/3169/3129 3209/3123/3084
f 3154/3168/3128 3209/3123/3084 3207/3122/3083
f 3156/3169/3129 3157/3170/3130 3210/3126/3087
f 3156/3169/3129 3210/3126/3087 3209/3123/3084
f 3157/3170/3130 3158/3171/3131 3211/3128/3089
f 3157/3170/3130 3211/3128/3089 3210/3126/3087
f 3158/3171/3131 3159/3172/3132 3212/3130/3091
f 3158/3171/3131 3212/3130/3091 3211/3128/3089
f 3159/3172/3132 3146/3173/3133 3213/3132/3093
f 3159/3172/3132 3213/3132/3093 3212/3130/3091
f 3147/3174/3134 3148/3175/3135 3215/3107/3068
f 3147/3174/3134 3215/3107/3068 3214/3106/3067
f 3148/3175/3135 3149/3162/3122 3202/3110/3071
f 3148/3175/3135 3202/3110/3071 3215/3107/3068
f 3149/3162/3122 3216/3176/3136 3217/3177/3137
f 3149/3162/3122 3217/3177/3137 3150/3163/3123
f 3242/3178/3138 3218/3179/3139 3219/3180/3140
f 3242/3178/3138 3219/3180/3140 3243/3181/3141
f 3218/3179/3139 3221/3182/3142 3223/3183/3143
f 3218/3179/3139 3223/3183/3143 3219/3180/3140
f 3220/3184/3144 3224/3185/3145 3225/3186/3146
f 3220/3184/3144 3225/3186/3146 3222/3187/3143
f 3220/3184/3144 3228/3188/3147 3229/3189/3148
f 3220/3184/3144 3229/3189/3148 3224/3185/3145
f 3218/3179/3139 3226/3190/3149 3227/3191/3150
f 3218/3179/3139 3227/3191/3150 3221/3182/3142
f 3246/3192/3151 3230/3193/3152 3233/3194/3153
f 3246/3192/3151 3233/3194/3153 3244/3195/3154
f 3242/3178/3138 3216/3176/3136 3230/3193/3152
f 3242/3178/3138 3230/3193/3152 3246/3192/3151
f 3243/3181/3141 3248/3196/3155 3241/3197/3156
f 3243/3181/3141 3241/3197/3156 3217/3177/3137
f 3247/3198/3157 3249/3199/3158 3237/3200/3159
f 3247/3198/3157 3237/3200/3159 3240/3201/3160
f 3249/3199/3158 3250/3202/3161 3236/3203/3162
f 3249/3199/3158 3236/3203/3162 3237/3200/3159
f 3250/3202/3161 3251/3204/3163 3235/3205/3164
f 3250/3202/3161 3235/3205/3164 3236/3203/3162
f 3251/3204/3163 3245/3206/3165 3234/3207/3166
f 3251/3204/3163 3234/3207/3166 3235/3205/3164
f 3229/3189/3148 3228/3188/3147 3245/3206/3165
f 3229/3189/3148 3245/3206/3165 3251/3204/3163
f 3224/3185/3145 3229/3189/3148 3251/3204/3163
f 3224/3185/3145 3251/3204/3163 3250/3202/3161
f 3225/3186/3146 3224/3185/3145 3250/3202/3161
f 3225/3186/3146 3250/3202/3161 3249/3199/3158
f 3222/3187/3143 3225/3186/3146 3249/3199/3158
f 3222/3187/3143 3249/3199/3158 3247/3198/3157
f 3219/3180/3140 3223/3183/3143 3248/3196/3155
f 3219/3180/3140 3248/3196/3155 3243/3181/3141
f 3218/3179/3139 3242/3178/3138 3246/3192/3151
f 3218/3179/3139 3246/3192/3151 3226/3190/3149
f 3226/3190/3149 3246/3192/3151 3244/3195/3154
f 3226/3190/3149 3244/3195/3154 3227/3191/3150
f 3216/3176/3136 3242/3178/3138 3243/3181/3141
f 3216/3176/3136 3243/3181/3141 3217/3177/3137
f 3149/3162/3122 3252/3208/3167 3230/3193/3152
f 3149/3162/3122 3230/3193/3152 3216/3176/3136
f 3148/3175/3135 3253/3209/3168 3252/3208/3167
f 3148/3175/3135 3252/3208/3167 3149/3162/3122
f 3272/3210/3169 3255/3211/3170 3254/3212/3171
f 3272/3210/3169 3254/3212/3171 3268/3213/3172
f 3255/3211/3170 3258/3214/3173 3256/3215/3174
f 3255/3211/3170 3256/3215/3174 3254/3212/3171
f 3259/3216/3175 3261/3217/3176 3260/3218/3177
f 3259/3216/3175 3260/3218/3177 3257/3219/3178
f 3260/3218/3177 3265/3220/3179 3264/3221/3180
f 3260/3218/3177 3264/3221/3180 3257/3219/3178
f 3256/3215/3174 3263/3222/3181 3262/3223/3182
f 3256/3215/3174 3262/3223/3182 3254/3212/3171
f 3273/3224/3183 3268/3213/3172 3254/3212/3171
f 3273/3224/3183 3254/3212/3171 3262/3223/3182
f 3275/3225/3184 3273/3224/3183 3262/3223/3182
f 3275/3225/3184 3262/3223/3182 3263/3222/3181
f 3276/3226/3185 3274/3227/3186 3264/3221/3180
f 3276/3226/3185 3264/3221/3180 3265/3220/3179
f 3276/3226/3185 3277/3228/3187 3266/3229/3188
f 3276/3226/3185 3266/3229/3188 3235/3205/3164
f 3277/3228/3187 3278/3230/3189 3267/3231/3190
f 3277/3228/3187 3267/3231/3190 3266/3229/3188
f 3278/3230/3189 3280/3232/3191 3271/3233/3192
f 3278/3230/3189 3271/3233/3192 3267/3231/3190
f 3272/3210/3169 3253/3209/3168 3270/3234/3193
f 3272/3210/3169 3270/3234/3193 3279/3235/3194
f 3255/3211/3170 3272/3210/3169 3279/3235/3194
f 3255/3211/3170 3279/3235/3194 3258/3214/3173
f 3261/3217/3176 3259/3216/3175 3280/3232/3191
f 3261/3217/3176 3280/3232/3191 3278/3230/3189
f 3260/3218/3177 3261/3217/3176 3278/3230/3189
f 3260/3218/3177 3278/3230/3189 3277/3228/3187
f 3265/3220/3179 3260/3218/3177 3277/3228/3187
f 3265/3220/3179 3277/3228/3187 3276/3226/3185
f 3235/3205/3164 3231/3207/3195 3274/3227/3186
f 3235/3205/3164 3274/3227/3186 3276/3226/3185
f 3232/3194/3196 3230/3193/3152 3273/3224/3183
f 3232/3194/3196 3273/3224/3183 3275/3225/3184
f 3230/3193/3152 3252/3208/3167 3268/3213/3172
f 3230/3193/3152 3268/3213/3172 3273/3224/3183
f 3253/3209/3168 3272/3210/3169 3268/3213/3172
f 3253/3209/3168 3268/3213/3172 3252/3208/3167
f 3217/3177/3137 3239/3197/3197 3281/3236/3198
f 3217/3177/3137 3281/3236/3198 3150/3163/3123
f 3150/3163/3123 3281/3236/3198 3284/3237/3199
f 3150/3163/3123 3284/3237/3199 3151/3164/3124
f 3303/3238/3200 3283/3239/3201 3286/3240/3202
f 3303/3238/3200 3286/3240/3202 3299/3241/3203
f 3282/3242/3204 3287/3243/3205 3288/3244/3206
f 3282/3242/3204 3288/3244/3206 3285/3245/3207
f 3287/3243/3205 3290/3246/3208 3291/3247/3209
f 3287/3243/3205 3291/3247/3209 3288/3244/3206
f 3287/3243/3205 3295/3248/3210 3296/3249/3211
f 3287/3243/3205 3296/3249/3211 3290/3246/3208
f 3282/3242/3204 3293/3250/3212 3295/3248/3210
f 3282/3242/3204 3295/3248/3210 3287/3243/3205
f 3303/3238/3200 3305/3251/3213 3294/3252/3214
f 3303/3238/3200 3294/3252/3214 3283/3239/3201
f 3304/3253/3215 3306/3254/3216 3295/3248/3210
f 3304/3253/3215 3295/3248/3210 3293/3250/3212
f 3306/3254/3216 3307/3255/3217 3296/3249/3211
f 3306/3254/3216 3296/3249/3211 3295/3248/3210
f 3307/3255/3217 3308/3256/3218 3290/3246/3208
f 3307/3255/3217 3290/3246/3208 3296/3249/3211
f 3308/3256/3218 3309/3257/3219 3291/3247/3209
f 3308/3256/3218 3291/3247/3209 3290/3246/3208
f 3310/3258/3220 3311/3259/3221 3289/3260/3222
f 3310/3258/3220 3289/3260/3222 3292/3261/3223
f 3299/3241/3203 3311/3259/3221 3302/3262/3224
f 3299/3241/3203 3302/3262/3224 3284/3237/3199
f 3286/3240/3202 3289/3260/3222 3311/3259/3221
f 3286/3240/3202 3311/3259/3221 3299/3241/3203
f 3301/3263/3225 3302/3262/3224 3311/3259/3221
f 3301/3263/3225 3311/3259/3221 3310/3258/3220
f 3298/3264/3226 3300/3265/3227 3309/3257/3219
f 3298/3264/3226 3309/3257/3219 3308/3256/3218
f 3297/3266/3228 3298/3264/3226 3308/3256/3218
f 3297/3266/3228 3308/3256/3218 3307/3255/3217
f 3237/3200/3159 3297/3266/3228 3307/3255/3217
f 3237/3200/3159 3307/3255/3217 3306/3254/3216
f 3238/3201/3229 3237/3200/3159 3306/3254/3216
f 3238/3201/3229 3306/3254/3216 3304/3253/3215
f 3281/3236/3198 3239/3197/3197 3305/3251/3213
f 3281/3236/3198 3305/3251/3213 3303/3238/3200
f 3281/3236/3198 3303/3238/3200 3299/3241/3203
f 3281/3236/3198 3299/3241/3203 3284/3237/3199
f 3152/3165/3125 3151/3164/3124 3284/3237/3199
f 3152/3165/3125 3284/3237/3199 3302/3262/3224
f 3147/3174/3134 3270/3234/3193 3253/3209/3168
f 3147/3174/3134 3253/3209/3168 3148/3175/3135
f 3302/3262/3224 3301/3263/3225 3313/3267/3230
f 3302/3262/3224 3313/3267/3230 3152/3165/3125
f 3300/3265/3227 3298/3264/3226 3314/3268/3231
f 3300/3265/3227 3314/3268/3231 3312/3269/3232
f 3298/3264/3226 3297/3266/3228 3315/3270/3233
f 3298/3264/3226 3315/3270/3233 3314/3268/3231
f 3237/3200/3159 3236/3203/3162 3315/3270/3233
f 3237/3200/3159 3315/3270/3233 3297/3266/3228
f 3236/3203/3162 3235/3205/3164 3266/3229/3188
f 3236/3203/3162 3266/3229/3188 3315/3270/3233
f 3158/3171/3131 3325/3271/3234 3327/3272/3235
f 3158/3171/3131 3327/3272/3235 3159/3172/3132
f 3156/3169/3129 3322/3273/3236 3323/3274/3237
f 3156/3169/3129 3323/3274/3237 3157/3170/3130
f 3153/3166/3126 3317/3275/3238 3320/3276/3239
f 3153/3166/3126 3320/3276/3239 3155/3167/3127
f 3157/3170/3130 3323/3274/3237 3325/3271/3234
f 3157/3170/3130 3325/3271/3234 3158/3171/3131
f 3154/3168/3128 3319/3277/3240 3322/3273/3236
f 3154/3168/3128 3322/3273/3236 3156/3169/3129
f 3153/3166/3126 3152/3165/3125 3313/3267/3230
f 3153/3166/3126 3313/3267/3230 3317/3275/3238
f 3159/3172/3132 3327/3272/3235 3269/3278/3241
f 3159/3172/3132 3269/3278/3241 3146/3173/3133
f 3312/3269/3232 3314/3268/3231 3329/3279/3242
f 3312/3269/3232 3329/3279/3242 3316/3280/3243
f 3314/3268/3231 3315/3270/3233 3330/3281/3244
f 3314/3268/3231 3330/3281/3244 3329/3279/3242
f 3266/3229/3188 3331/3282/3245 3330/3281/3244
f 3266/3229/3188 3330/3281/3244 3315/3270/3233
f 3266/3229/3188 3267/3231/3190 3332/3283/3246
f 3266/3229/3188 3332/3283/3246 3331/3282/3245
f 3267/3231/3190 3271/3233/3192 3328/3284/3247
f 3267/3231/3190 3328/3284/3247 3332/3283/3246
f 3316/3280/3243 3329/3279/3242 3321/3285/3248
f 3316/3280/3243 3321/3285/3248 3318/3286/3249
f 3324/3287/3250 3321/3285/3248 3329/3279/3242
f 3324/3287/3250 3329/3279/3242 3330/3281/3244
f 3324/3287/3250 3330/3281/3244 3331/3282/3245
f 3324/3287/3250 3331/3282/3245 3326/3288/3251
f 3328/3284/3247 3326/3288/3251 3331/3282/3245
f 3328/3284/3247 3331/3282/3245 3332/3283/3246
f 3349/3289/3252 3333/3290/3253 3334/3291/3254
f 3349/3289/3252 3334/3291/3254 3340/3292/3255
f 3349/3289/3252 3350/3293/3256 3335/3294/3257
f 3349/3289/3252 3335/3294/3257 3333/3290/3253
f 3350/3293/3256 3351/3295/3258 3336/3296/3259
f 3350/3293/3256 3336/3296/3259 3335/3294/3257
f 3351/3295/3258 3352/3297/3260 3337/3298/3261
f 3351/3295/3258 3337/3298/3261 3336/3296/3259
f 3352/3297/3260 3353/3299/3262 3338/3300/3263
f 3352/3297/3260 3338/3300/3263 3337/3298/3261
f 3353/3299/3262 3354/3301/3264 3339/3302/3265
f 3353/3299/3262 3339/3302/3265 3338/3300/3263
f 3354/3301/3264 3355/3303/3266 3341/3304/3267
f 3354/3301/3264 3341/3304/3267 3339/3302/3265
f 3355/3303/3266 3356/3305/3268 3342/3306/3269
f 3355/3303/3266 3342/3306/3269 3341/3304/3267
f 3356/3305/3268 3357/3307/3270 3343/3308/3271
f 3356/3305/3268 3343/3308/3271 3342/3306/3269
f 3357/3307/3270 3358/3309/3272 3344/3310/3273
f 3357/3307/3270 3344/3310/3273 3343/3308/3271
f 3358/3309/3272 3359/3311/3274 3345/3312/3275
f 3358/3309/3272 3345/3312/3275 3344/3310/3273
f 3359/3311/3274 3360/3313/3276 3346/3314/3277
f 3359/3311/3274 3346/3314/3277 3345/3312/3275
f 3360/3313/3276 3361/3315/3278 3347/3316/3279
f 3360/3313/3276 3347/3316/3279 3346/3314/3277
f 3361/3315/3278 3362/3317/3280 3348/3318/3281
f 3361/3315/3278 3348/3318/3281 3347/3316/3279
f 3721/3319/3282 4662/3320/3283 4646/3321/3284
f 3721/3319/3282 4646/3321/3284 3720/3322/3285
f 3717/2933/2893 2974/2932/2892 4662/3320/3283
f 3717/2933/2893 4662/3320/3283 3721/3319/3282
f 2971/2930/2890 2972/2931/2891 3362/3317/3280
f 2971/2930/2890 3362/3317/3280 3361/3315/3278
f 2970/2929/2889 2971/2930/2890 3361/3315/3278
f 2970/2929/2889 3361/3315/3278 3360/3313/3276
f 2969/2928/2888 2970/2929/2889 3360/3313/3276
f 2969/2928/2888 3360/3313/3276 3359/3311/3274
f 2968/2926/2886 2969/2928/2888 3359/3311/3274
f 2968/2926/2886 3359/3311/3274 3358/3309/3272
f 2967/2924/2884 2968/2926/2886 3358/3309/3272
f 2967/2924/2884 3358/3309/3272 3357/3307/3270
f 2966/2922/2882 2967/2924/2884 3357/3307/3270
f 2966/2922/2882 3357/3307/3270 3356/3305/3268
f 2965/2920/2880 2966/2922/2882 3356/3305/3268
f 2965/2920/2880 3356/3305/3268 3355/3303/3266
f 2946/2899/2856 2965/2920/2880 3355/3303/3266
f 2946/2899/2856 3355/3303/3266 3354/3301/3264
f 2947/2864/2818 2946/2899/2856 3354/3301/3264
f 2947/2864/2818 3354/3301/3264 3353/3299/3262
f 2948/2861/2815 2947/2864/2818 3353/3299/3262
f 2948/2861/2815 3353/3299/3262 3352/3297/3260
f 2949/2870/2824 2948/2861/2815 3352/3297/3260
f 2949/2870/2824 3352/3297/3260 3351/3295/3258
f 2975/2871/2825 2949/2870/2824 3351/3295/3258
f 2975/2871/2825 3351/3295/3258 3350/3293/3256
f 2923/2865/2819 2975/2871/2825 3350/3293/3256
f 2923/2865/2819 3350/3293/3256 3349/3289/3252
f 2923/2865/2819 3349/3289/3252 3340/3292/3255
f 2923/2865/2819 3340/3292/3255 4239/2866/2820
f 3335/3294/3257 4663/3323/3286 3334/3291/3254
f 3335/3294/3257 3334/3291/3254 3333/3290/3253
f 3337/3298/3261 3364/3324/3287 3335/3294/3257
f 3337/3298/3261 3335/3294/3257 3336/3296/3259
f 3364/3324/3287 3365/3325/3288 4663/3323/3286
f 3364/3324/3287 4663/3323/3286 3335/3294/3257
f 3338/3300/3263 3366/3326/3289 3364/3324/3287
f 3338/3300/3263 3364/3324/3287 3337/3298/3261
f 3366/3326/3289 3367/3327/3290 3365/3325/3288
f 3366/3326/3289 3365/3325/3288 3364/3324/3287
f 3339/3302/3265 3368/3328/3291 3366/3326/3289
f 3339/3302/3265 3366/3326/3289 3338/3300/3263
f 3363/3329/3292 3367/3327/3290 3366/3326/3289
f 3363/3329/3292 3366/3326/3289 3368/3328/3291
f 3341/3304/3267 3369/3330/3293 3368/3328/3291
f 3341/3304/3267 3368/3328/3291 3339/3302/3265
f 3369/3330/3293 3370/3331/3294 3363/3329/3292
f 3369/3330/3293 3363/3329/3292 3368/3328/3291
f 3473/3332/3295 3471/3333/3296 3378/3334/3297
f 3473/3332/3295 3378/3334/3297 3398/3335/3298
f 3387/3336/3299 3377/3337/3300 3376/3338/3301
f 3387/3336/3299 3376/3338/3301 3385/3339/3302
f 3466/3340/3303 3019/2975/2937 3027/2980/2942
f 3466/3340/3303 3027/2980/2942 3468/3341/3304
f 3391/3342/3305 3372/3343/3306 3371/3344/3307
f 3391/3342/3305 3371/3344/3307 3389/3345/3308
f 3405/3346/3309 3374/3347/3310 3373/3348/3311
f 3405/3346/3309 3373/3348/3311 3404/3349/3312
f 3385/3339/3302 3376/3338/3301 3375/3350/3313
f 3385/3339/3302 3375/3350/3313 3408/3351/3314
f 3389/3345/3308 3371/3344/3307 3381/3352/3315
f 3389/3345/3308 3381/3352/3315 3396/3353/3316
f 3398/3335/3298 3378/3334/3297 3377/3337/3300
f 3398/3335/3298 3377/3337/3300 3387/3336/3299
f 3404/3349/3312 3373/3348/3311 3372/3343/3306
f 3404/3349/3312 3372/3343/3306 3391/3342/3305
f 3345/3312/3275 3407/3354/3317 3406/3355/3318
f 3345/3312/3275 3406/3355/3318 3344/3310/3273
f 3343/3308/3271 3403/3356/3319 3390/3357/3320
f 3343/3308/3271 3390/3357/3320 3342/3306/3269
f 3348/3318/3281 3397/3358/3321 3386/3359/3322
f 3348/3318/3281 3386/3359/3322 3347/3316/3279
f 3341/3304/3267 3388/3360/3323 3395/3361/3316
f 3341/3304/3267 3395/3361/3316 3369/3330/3293
f 3346/3314/3277 3384/3362/3324 3407/3354/3317
f 3346/3314/3277 3407/3354/3317 3345/3312/3275
f 3344/3310/3273 3406/3355/3318 3403/3356/3319
f 3344/3310/3273 3403/3356/3319 3343/3308/3271
f 3473/3332/3295 3724/3363/3325 3722/3364/3326
f 3473/3332/3295 3722/3364/3326 3471/3333/3296
f 3369/3330/3293 3395/3361/3316 3392/3365/3327
f 3369/3330/3293 3392/3365/3327 3370/3331/3294
f 3342/3306/3269 3390/3357/3320 3388/3360/3323
f 3342/3306/3269 3388/3360/3323 3341/3304/3267
f 3347/3316/3279 3386/3359/3322 3384/3362/3324
f 3347/3316/3279 3384/3362/3324 3346/3314/3277
f 3469/3366/3328 3472/3367/3329 3397/3358/3321
f 3469/3366/3328 3397/3358/3321 3348/3318/3281
f 3381/3352/3315 3412/3368/3330 4700/3369/3331
f 3381/3352/3315 4700/3369/3331 3382/3370/3332
f 3371/3344/3307 3410/3371/3333 3412/3368/3330
f 3371/3344/3307 3412/3368/3330 3381/3352/3315
f 3411/3372/3334 3414/3373/3335 4704/3374/3336
f 3411/3372/3334 4704/3374/3336 4699/3375/3337
f 3409/3376/3338 3413/3377/3339 3414/3373/3335
f 3409/3376/3338 3414/3373/3335 3411/3372/3334
f 3414/3373/3335 3416/3378/3340 3417/3379/3341
f 3414/3373/3335 3417/3379/3341 4704/3374/3336
f 3413/3377/3339 3415/3380/3342 3416/3378/3340
f 3413/3377/3339 3416/3378/3340 3414/3373/3335
f 3416/3378/3340 3419/3381/3343 4709/3382/3344
f 3416/3378/3340 4709/3382/3344 3417/3379/3341
f 3415/3380/3342 3418/3383/3345 3419/3381/3343
f 3415/3380/3342 3419/3381/3343 3416/3378/3340
f 3427/3384/3346 3422/3385/3347 3423/3386/3348
f 3427/3384/3346 3423/3386/3348 3426/3387/3349
f 3426/3387/3349 3423/3386/3348 3424/3388/3350
f 3426/3387/3349 3424/3388/3350 3425/3389/3351
f 3428/3390/3352 3420/3391/3353 3422/3385/3347
f 3428/3390/3352 3422/3385/3347 3427/3384/3346
f 3415/3380/3342 3426/3387/3349 3425/3389/3351
f 3415/3380/3342 3425/3389/3351 3418/3383/3345
f 3409/3376/3338 3428/3390/3352 3427/3384/3346
f 3409/3376/3338 3427/3384/3346 3413/3377/3339
f 3413/3377/3339 3427/3384/3346 3426/3387/3349
f 3413/3377/3339 3426/3387/3349 3415/3380/3342
f 3424/3388/3350 3433/3392/3354 3434/3393/3355
f 3424/3388/3350 3434/3393/3355 3425/3389/3351
f 3419/3381/3343 3431/3394/3356 3432/3395/3357
f 3419/3381/3343 3432/3395/3357 4709/3382/3344
f 3425/3389/3351 3434/3393/3355 3430/3396/3358
f 3425/3389/3351 3430/3396/3358 3418/3383/3345
f 3418/3383/3345 3430/3396/3358 3431/3394/3356
f 3418/3383/3345 3431/3394/3356 3419/3381/3343
f 3446/3397/3359 3435/3398/3360 3437/3399/3361
f 3446/3397/3359 3437/3399/3361 3445/3400/3362
f 3445/3400/3362 3437/3399/3361 3439/3401/3363
f 3445/3400/3362 3439/3401/3363 3448/3402/3364
f 3451/3403/3365 3441/3404/3366 3443/3405/3367
f 3451/3403/3365 3443/3405/3367 3449/3406/3368
f 3448/3402/3364 3439/3401/3363 3441/3404/3366
f 3448/3402/3364 3441/3404/3366 3451/3403/3365
f 3423/3386/3348 3448/3402/3364 3451/3403/3365
f 3423/3386/3348 3451/3403/3365 3424/3388/3350
f 3424/3388/3350 3451/3403/3365 3449/3406/3368
f 3424/3388/3350 3449/3406/3368 3433/3392/3354
f 3422/3385/3347 3445/3400/3362 3448/3402/3364
f 3422/3385/3347 3448/3402/3364 3423/3386/3348
f 3420/3391/3353 3446/3397/3359 3445/3400/3362
f 3420/3391/3353 3445/3400/3362 3422/3385/3347
f 3371/3344/3307 3372/3343/3306 3429/3407/3369
f 3371/3344/3307 3429/3407/3369 3410/3371/3333
f 3372/3343/3306 3373/3348/3311 3421/3408/3370
f 3372/3343/3306 3421/3408/3370 3429/3407/3369
f 3373/3348/3311 3374/3347/3310 3447/3409/3371
f 3373/3348/3311 3447/3409/3371 3421/3408/3370
f 3374/3347/3310 3375/3350/3313 3436/3410/3360
f 3374/3347/3310 3436/3410/3360 3447/3409/3371
f 3440/3411/3363 3454/3412/3372 3455/3413/3373
f 3440/3411/3363 3455/3413/3373 3442/3414/3366
f 3436/3410/3360 3452/3415/3374 3453/3416/3375
f 3436/3410/3360 3453/3416/3375 3438/3417/3376
f 3442/3414/3366 3455/3413/3373 3456/3418/3377
f 3442/3414/3366 3456/3418/3377 3444/3419/3378
f 3438/3417/3376 3453/3416/3375 3454/3412/3372
f 3438/3417/3376 3454/3412/3372 3440/3411/3363
f 4694/3420/3379 4692/3421/3380 4671/3422/3381
f 4694/3420/3379 4671/3422/3381 4672/3423/3382
f 3720/3322/3285 3723/3424/3383 3472/3367/3329
f 3720/3322/3285 3472/3367/3329 3469/3366/3328
f 2972/2931/2891 3462/3425/3384 3470/3426/3385
f 2972/2931/2891 3470/3426/3385 3362/3317/3280
f 3719/2977/2939 3466/3340/3303 3468/3341/3304
f 3719/2977/2939 3468/3341/3304 3731/3427/3386
f 3362/3317/3280 3470/3426/3385 3469/3366/3328
f 3362/3317/3280 3469/3366/3328 3348/3318/3281
f 3729/3428/3387 3718/3429/3388 3464/2963/2923
f 3729/3428/3387 3464/2963/2923 3465/2966/2926
f 3728/2976/2938 3729/3428/3387 3465/2966/2926
f 3728/2976/2938 3465/2966/2926 3463/2965/2925
f 3718/3429/3388 3725/2911/2868 3457/2964/2924
f 3718/3429/3388 3457/2964/2924 3464/2963/2923
f 2980/2961/2921 3019/2975/2937 3466/3340/3303
f 2980/2961/2921 3466/3340/3303 3463/2965/2925
f 2950/2909/2866 3459/3430/3389 3462/3425/3384
f 2950/2909/2866 3462/3425/3384 2972/2931/2891
f 3727/2876/2830 3716/2900/2857 3460/2935/2895
f 3727/2876/2830 3460/2935/2895 3461/2934/2894
f 2936/2886/2840 3457/2964/2924 3458/3431/3390
f 2936/2886/2840 3458/3431/3390 2935/2887/2841
f 2928/2908/2865 3460/2935/2895 3459/3430/3389
f 2928/2908/2865 3459/3430/3389 2950/2909/2866
f 3454/3412/3372 3476/3432/3391 3477/3433/3392
f 3454/3412/3372 3477/3433/3392 3455/3413/3373
f 3452/3415/3374 3474/3434/3393 3475/3435/3394
f 3452/3415/3374 3475/3435/3394 3453/3416/3375
f 3455/3413/3373 3477/3433/3392 3478/3436/3395
f 3455/3413/3373 3478/3436/3395 3456/3418/3377
f 3453/3416/3375 3475/3435/3394 3476/3432/3391
f 3453/3416/3375 3476/3432/3391 3454/3412/3372
f 3375/3350/3313 3376/3338/3301 3452/3415/3374
f 3375/3350/3313 3452/3415/3374 3436/3410/3360
f 3376/3338/3301 3377/3337/3300 3474/3434/3393
f 3376/3338/3301 3474/3434/3393 3452/3415/3374
f 3474/3434/3393 3479/3437/3396 3480/3438/3397
f 3474/3434/3393 3480/3438/3397 3475/3435/3394
f 3477/3433/3392 3482/3439/3398 3483/3440/3399
f 3477/3433/3392 3483/3440/3399 3478/3436/3395
f 3475/3435/3394 3480/3438/3397 3481/3441/3400
f 3475/3435/3394 3481/3441/3400 3476/3432/3391
f 3476/3432/3391 3481/3441/3400 3482/3439/3398
f 3476/3432/3391 3482/3439/3398 3477/3433/3392
f 2935/2887/2841 3458/3431/3390 3461/2934/2894
f 2935/2887/2841 3461/2934/2894 2951/2910/2867
f 3479/3437/3396 3484/3442/3401 3485/3443/3402
f 3479/3437/3396 3485/3443/3402 3480/3438/3397
f 3482/3439/3398 3487/3444/3403 3488/3445/3404
f 3482/3439/3398 3488/3445/3404 3483/3440/3399
f 3480/3438/3397 3485/3443/3402 3486/3446/3405
f 3480/3438/3397 3486/3446/3405 3481/3441/3400
f 3722/3364/3326 3379/3447/3406 4778/3448/3407
f 3722/3364/3326 4778/3448/3407 3735/3449/3408
f 3733/3450/3409 3491/3451/3410 4780/3452/3411
f 3733/3450/3409 4780/3452/3411 3732/3453/3412
f 3735/3449/3408 4778/3448/3407 3489/3454/3413
f 3735/3449/3408 3489/3454/3413 3734/3455/3414
f 3732/3453/3412 4780/3452/3411 3493/3456/3415
f 3732/3453/3412 3493/3456/3415 3736/3457/3416
f 3377/3337/3300 3378/3334/3297 3479/3437/3396
f 3377/3337/3300 3479/3437/3396 3474/3434/3393
f 3481/3441/3400 3486/3446/3405 3487/3444/3403
f 3481/3441/3400 3487/3444/3403 3482/3439/3398
f 3734/3455/3414 3489/3454/3413 3491/3451/3410
f 3734/3455/3414 3491/3451/3410 3733/3450/3409
f 3578/3458/3417 3498/3459/3418 3496/3460/3419
f 3578/3458/3417 3496/3460/3419 3580/3461/3420
f 3456/3418/3377 3501/3462/3421 3502/3463/3422
f 3456/3418/3377 3502/3463/3422 3444/3419/3378
f 3577/3464/3423 3576/3465/3424 3504/3466/3425
f 3577/3464/3423 3504/3466/3425 3497/3467/3426
f 3576/3465/3424 3575/3468/3427 3507/3469/3428
f 3576/3465/3424 3507/3469/3428 3504/3466/3425
f 3575/3468/3427 3574/3470/3429 3510/3471/3430
f 3575/3468/3427 3510/3471/3430 3507/3469/3428
f 3574/3470/3429 3573/3472/3431 3513/3473/3432
f 3574/3470/3429 3513/3473/3432 3510/3471/3430
f 3573/3472/3431 3572/3474/3433 3516/3475/3434
f 3573/3472/3431 3516/3475/3434 3513/3473/3432
f 3456/3418/3377 3478/3436/3395 3506/3476/3435
f 3456/3418/3377 3506/3476/3435 3501/3462/3421
f 3478/3436/3395 3483/3440/3399 3509/3477/3436
f 3478/3436/3395 3509/3477/3436 3506/3476/3435
f 3736/3457/3416 3737/3478/3437 3521/3479/3438
f 3736/3457/3416 3521/3479/3438 3488/3445/3404
f 3737/3478/3437 3738/3480/3439 3524/3481/3440
f 3737/3478/3437 3524/3481/3440 3521/3479/3438
f 3738/3480/3439 3739/3482/3441 3527/3483/3442
f 3738/3480/3439 3527/3483/3442 3524/3481/3440
f 3739/3482/3441 3740/3484/3443 3530/3485/3444
f 3739/3482/3441 3530/3485/3444 3527/3483/3442
f 3743/3486/3445 3742/3487/3446 3536/2905/2862
f 3743/3486/3445 3536/2905/2862 3585/3488/3447
f 3378/3334/3297 3471/3333/3296 3484/3442/3401
f 3378/3334/3297 3484/3442/3401 3479/3437/3396
f 3488/3445/3404 3521/3479/3438 3509/3477/3436
f 3488/3445/3404 3509/3477/3436 3483/3440/3399
f 3512/3489/3448 3509/3477/3436 3521/3479/3438
f 3512/3489/3448 3521/3479/3438 3524/3481/3440
f 3515/3490/3449 3512/3489/3448 3524/3481/3440
f 3515/3490/3449 3524/3481/3440 3527/3483/3442
f 3580/3461/3420 3571/3491/3450 3553/3492/3451
f 3580/3461/3420 3553/3492/3451 3503/3493/3422
f 3537/3494/3452 3541/3495/3453 3542/3496/3454
f 3537/3494/3452 3542/3496/3454 3539/3497/3455
f 3541/3495/3453 3543/3498/3456 3544/3499/3457
f 3541/3495/3453 3544/3499/3457 3542/3496/3454
f 3543/3498/3456 3545/3500/3458 3546/3501/3459
f 3543/3498/3456 3546/3501/3459 3544/3499/3457
f 3545/3500/3458 3547/3502/3460 3548/3503/3461
f 3545/3500/3458 3548/3503/3461 3546/3501/3459
f 3547/3502/3460 3549/3504/3462 3550/3505/3463
f 3547/3502/3460 3550/3505/3463 3548/3503/3461
f 3450/3506/3464 3444/3419/3378 3502/3463/3422
f 3450/3506/3464 3502/3463/3422 3540/3507/3465
f 3433/3392/3354 3449/3406/3368 3539/3497/3455
f 3433/3392/3354 3539/3497/3455 3542/3496/3454
f 3434/3393/3355 3433/3392/3354 3542/3496/3454
f 3434/3393/3355 3542/3496/3454 3544/3499/3457
f 3430/3396/3358 3434/3393/3355 3544/3499/3457
f 3430/3396/3358 3544/3499/3457 3546/3501/3459
f 3431/3394/3356 3430/3396/3358 3546/3501/3459
f 3431/3394/3356 3546/3501/3459 3548/3503/3461
f 3432/3395/3357 3431/3394/3356 3548/3503/3461
f 3432/3395/3357 3548/3503/3461 3550/3505/3463
f 3538/3508/3466 3540/3507/3465 3502/3463/3422
f 3538/3508/3466 3502/3463/3422 3552/3509/3467
f 3567/3510/3468 3568/3511/3469 3558/3512/3470
f 3567/3510/3468 3558/3512/3470 3562/3513/3471
f 3568/3511/3469 3569/3514/3472 3555/3515/3473
f 3568/3511/3469 3555/3515/3473 3558/3512/3470
f 3563/3516/3474 3567/3510/3468 3562/3513/3471
f 3563/3516/3474 3562/3513/3471 3565/3517/3475
f 3499/3518/3421 3505/3519/3476 3576/3465/3424
f 3499/3518/3421 3576/3465/3424 3577/3464/3423
f 3571/3491/3450 3563/3516/3474 3565/3517/3475
f 3571/3491/3450 3565/3517/3475 3553/3492/3451
f 3505/3519/3476 3508/3520/3436 3575/3468/3427
f 3505/3519/3476 3575/3468/3427 3576/3465/3424
f 3508/3520/3436 3511/3521/3448 3574/3470/3429
f 3508/3520/3436 3574/3470/3429 3575/3468/3427
f 3511/3521/3448 3514/3522/3477 3573/3472/3431
f 3511/3521/3448 3573/3472/3431 3574/3470/3429
f 3514/3522/3477 3518/3523/3478 3572/3474/3433
f 3514/3522/3477 3572/3474/3433 3573/3472/3431
f 3495/3460/3479 3551/3524/3480 3570/3491/3481
f 3495/3460/3479 3570/3491/3481 3579/3461/3482
f 3560/3525/3483 3559/3526/3484 3568/3511/3469
f 3560/3525/3483 3568/3511/3469 3567/3510/3468
f 3559/3526/3484 3554/3527/3485 3569/3514/3472
f 3559/3526/3484 3569/3514/3472 3568/3511/3469
f 3566/3528/3486 3560/3525/3483 3567/3510/3468
f 3566/3528/3486 3567/3510/3468 3563/3516/3474
f 3551/3524/3480 3566/3528/3486 3563/3516/3474
f 3551/3524/3480 3563/3516/3474 3570/3491/3481
f 3500/3529/3421 3578/3458/3417 3580/3461/3420
f 3500/3529/3421 3580/3461/3420 3503/3493/3422
f 3569/3514/3472 3583/3530/3487 3581/3531/2861
f 3569/3514/3472 3581/3531/2861 3555/3515/3473
f 3554/3527/3485 3520/3532/3488 3583/3530/3487
f 3554/3527/3485 3583/3530/3487 3569/3514/3472
f 3586/3533/3489 3587/3534/3490 3581/3531/2861
f 3586/3533/3489 3581/3531/2861 3583/3530/3487
f 3584/3535/3491 3516/3475/3434 3572/3474/3433
f 3584/3535/3491 3572/3474/3433 3586/3533/3489
f 3517/3536/3492 3515/3490/3449 3527/3483/3442
f 3517/3536/3492 3527/3483/3442 3530/3485/3444
f 3585/3488/3447 3588/3537/3493 3519/3538/3494
f 3585/3488/3447 3519/3538/3494 3531/3539/3444
f 3520/3532/3488 3584/3535/3491 3586/3533/3489
f 3520/3532/3488 3586/3533/3489 3583/3530/3487
f 3572/3474/3433 3518/3523/3478 3587/3534/3490
f 3572/3474/3433 3587/3534/3490 3586/3533/3489
f 3741/3540/3443 3743/3486/3445 3585/3488/3447
f 3741/3540/3443 3585/3488/3447 3531/3539/3444
f 3516/3475/3434 3597/3541/3495 3596/3542/3496
f 3516/3475/3434 3596/3542/3496 3513/3473/3432
f 3551/3524/3480 3600/3543/3497 3605/3544/3498
f 3551/3524/3480 3605/3544/3498 3566/3528/3486
f 3559/3526/3484 3602/3545/3499 3601/3546/3500
f 3559/3526/3484 3601/3546/3500 3554/3527/3485
f 3510/3471/3430 3595/3547/3501 3594/3548/3502
f 3510/3471/3430 3594/3548/3502 3507/3469/3428
f 3520/3532/3488 3598/3549/3503 3607/3550/3504
f 3520/3532/3488 3607/3550/3504 3584/3535/3491
f 3504/3466/3425 3593/3551/3505 3591/3552/3506
f 3504/3466/3425 3591/3552/3506 3497/3467/3426
f 3498/3459/3418 3592/3553/3506 3589/3554/3507
f 3498/3459/3418 3589/3554/3507 3496/3460/3419
f 3560/3525/3483 3603/3555/3508 3602/3545/3499
f 3560/3525/3483 3602/3545/3499 3559/3526/3484
f 3495/3460/3479 3590/3554/3509 3600/3543/3497
f 3495/3460/3479 3600/3543/3497 3551/3524/3480
f 3513/3473/3432 3596/3542/3496 3595/3547/3501
f 3513/3473/3432 3595/3547/3501 3510/3471/3430
f 3584/3535/3491 3607/3550/3504 3597/3541/3495
f 3584/3535/3491 3597/3541/3495 3516/3475/3434
f 3507/3469/3428 3594/3548/3502 3593/3551/3505
f 3507/3469/3428 3593/3551/3505 3504/3466/3425
f 3566/3528/3486 3605/3544/3498 3603/3555/3508
f 3566/3528/3486 3603/3555/3508 3560/3525/3483
f 3554/3527/3485 3601/3546/3500 3598/3549/3503
f 3554/3527/3485 3598/3549/3503 3520/3532/3488
f 3537/3494/3452 3608/3556/3510 3610/3557/3511
f 3537/3494/3452 3610/3557/3511 3541/3495/3453
f 3545/3500/3458 3614/3558/3512 3616/3559/3513
f 3545/3500/3458 3616/3559/3513 3547/3502/3460
f 3541/3495/3453 3610/3557/3511 3612/3560/3514
f 3541/3495/3453 3612/3560/3514 3543/3498/3456
f 3547/3502/3460 3616/3559/3513 4897/3561/3515
f 3547/3502/3460 4897/3561/3515 3549/3504/3462
f 3543/3498/3456 3612/3560/3514 3614/3558/3512
f 3543/3498/3456 3614/3558/3512 3545/3500/3458
f 3615/3562/3512 3623/3563/3516 3626/3564/3517
f 3615/3562/3512 3626/3564/3517 3617/3565/3513
f 3611/3566/3511 3620/3567/3518 3621/3568/3519
f 3611/3566/3511 3621/3568/3519 3613/3569/3514
f 3617/3565/3513 3626/3564/3517 3629/3570/3520
f 3617/3565/3513 3629/3570/3520 4898/3571/3521
f 3613/3569/3514 3621/3568/3519 3623/3563/3516
f 3613/3569/3514 3623/3563/3516 3615/3562/3512
f 3609/3572/3522 3618/3573/3523 3620/3567/3518
f 3609/3572/3522 3620/3567/3518 3611/3566/3511
f 3538/3508/3466 3552/3509/3467 3564/3574/3524
f 3538/3508/3466 3564/3574/3524 3609/3572/3522
f 3564/3574/3524 3561/3575/3525 3618/3573/3523
f 3564/3574/3524 3618/3573/3523 3609/3572/3522
f 3647/3576/3526 3642/3577/3527 3641/3578/3528
f 3647/3576/3526 3641/3578/3528 3646/3579/3529
f 3649/3580/3530 3635/3581/3531 3634/3582/3532
f 3649/3580/3530 3634/3582/3532 3648/3583/3533
f 3650/3584/3534 3643/3585/3535 3642/3577/3527
f 3650/3584/3534 3642/3577/3527 3647/3576/3526
f 3651/3586/3536 3636/3587/3537 3635/3581/3531
f 3651/3586/3536 3635/3581/3531 3649/3580/3530
f 3652/3588/3538 3644/3589/3539 3643/3585/3535
f 3652/3588/3538 3643/3585/3535 3650/3584/3534
f 3653/3590/3540 3637/3591/3541 3636/3587/3537
f 3653/3590/3540 3636/3587/3537 3651/3586/3536
f 3654/3592/3542 3640/3593/3543 3644/3589/3539
f 3654/3592/3542 3644/3589/3539 3652/3588/3538
f 3655/3594/3544 3638/3595/3545 3637/3591/3541
f 3655/3594/3544 3637/3591/3541 3653/3590/3540
f 3656/3596/3546 3645/3597/3547 3638/3595/3545
f 3656/3596/3546 3638/3595/3545 3655/3594/3544
f 3657/3598/3548 3639/3599/3549 3645/3597/3547
f 3657/3598/3548 3645/3597/3547 3656/3596/3546
f 3658/3600/3550 3631/3601/3551 3640/3593/3543
f 3658/3600/3550 3640/3593/3543 3654/3592/3542
f 3660/3602/3552 3633/3603/3553 3631/3601/3551
f 3660/3602/3552 3631/3601/3551 3658/3600/3550
f 3646/3579/3529 3641/3578/3528 3639/3599/3549
f 3646/3579/3529 3639/3599/3549 3657/3598/3548
f 3648/3583/3533 3634/3582/3532 3632/3604/3553
f 3648/3583/3533 3632/3604/3553 3659/3605/3554
f 3593/3551/3505 3648/3583/3533 3659/3605/3554
f 3593/3551/3505 3659/3605/3554 3591/3552/3506
f 3601/3546/3500 3646/3579/3529 3657/3598/3548
f 3601/3546/3500 3657/3598/3548 3598/3549/3503
f 3592/3553/3506 3660/3602/3552 3658/3600/3550
f 3592/3553/3506 3658/3600/3550 3589/3554/3507
f 3589/3554/3507 3658/3600/3550 3654/3592/3542
f 3589/3554/3507 3654/3592/3542 3599/3543/3555
f 3598/3549/3503 3657/3598/3548 3656/3596/3546
f 3598/3549/3503 3656/3596/3546 3607/3550/3504
f 3607/3550/3504 3656/3596/3546 3655/3594/3544
f 3607/3550/3504 3655/3594/3544 3597/3541/3495
f 3597/3541/3495 3655/3594/3544 3653/3590/3540
f 3597/3541/3495 3653/3590/3540 3596/3542/3496
f 3599/3543/3555 3654/3592/3542 3652/3588/3538
f 3599/3543/3555 3652/3588/3538 3606/3544/3556
f 3596/3542/3496 3653/3590/3540 3651/3586/3536
f 3596/3542/3496 3651/3586/3536 3595/3547/3501
f 3606/3544/3556 3652/3588/3538 3650/3584/3534
f 3606/3544/3556 3650/3584/3534 3604/3555/3557
f 3595/3547/3501 3651/3586/3536 3649/3580/3530
f 3595/3547/3501 3649/3580/3530 3594/3548/3502
f 3604/3555/3557 3650/3584/3534 3647/3576/3526
f 3604/3555/3557 3647/3576/3526 3602/3545/3499
f 3594/3548/3502 3649/3580/3530 3648/3583/3533
f 3594/3548/3502 3648/3583/3533 3593/3551/3505
f 3602/3545/3499 3647/3576/3526 3646/3579/3529
f 3602/3545/3499 3646/3579/3529 3601/3546/3500
f 3641/3578/3528 3662/3606/3558 3661/3607/3559
f 3641/3578/3528 3661/3607/3559 3639/3599/3549
f 3662/3606/3558 3664/3608/3560 3663/3609/3561
f 3662/3606/3558 3663/3609/3561 3661/3607/3559
f 3664/3608/3560 3666/3610/3562 3665/3611/3563
f 3664/3608/3560 3665/3611/3563 3663/3609/3561
f 3666/3610/3562 3669/3612/3564 3668/3613/3565
f 3666/3610/3562 3668/3613/3565 3665/3611/3563
f 3669/3612/3564 3672/3614/3566 3671/3615/3567
f 3669/3612/3564 3671/3615/3567 3668/3613/3565
f 3672/3614/3566 3675/3616/3568 3674/3617/3569
f 3672/3614/3566 3674/3617/3569 3671/3615/3567
f 3676/3618/3570 3678/3619/3571 3674/3617/3569
f 3676/3618/3570 3674/3617/3569 3675/3616/3568
f 3679/3620/3572 3681/3621/3573 3678/3619/3571
f 3679/3620/3572 3678/3619/3571 3676/3618/3570
f 3631/3601/3551 3633/3603/3553 3681/3621/3573
f 3631/3601/3551 3681/3621/3573 3679/3620/3572
f 3640/3593/3543 3631/3601/3551 3679/3620/3572
f 3640/3593/3543 3679/3620/3572 3676/3618/3570
f 3644/3589/3539 3640/3593/3543 3676/3618/3570
f 3644/3589/3539 3676/3618/3570 3675/3616/3568
f 3675/3616/3568 3683/3622/3574 3643/3585/3535
f 3675/3616/3568 3643/3585/3535 3644/3589/3539
f 3683/3622/3574 3684/3623/3575 3642/3577/3527
f 3683/3622/3574 3642/3577/3527 3643/3585/3535
f 3684/3623/3575 3662/3606/3558 3641/3578/3528
f 3684/3623/3575 3641/3578/3528 3642/3577/3527
f 3672/3614/3566 3669/3612/3564 3683/3622/3574
f 3672/3614/3566 3683/3622/3574 3675/3616/3568
f 3669/3612/3564 3666/3610/3562 3684/3623/3575
f 3669/3612/3564 3684/3623/3575 3683/3622/3574
f 3662/3606/3558 3684/3623/3575 3666/3610/3562
f 3662/3606/3558 3666/3610/3562 3664/3608/3560
f 3634/3582/3532 3685/3624/3576 3680/3625/3577
f 3634/3582/3532 3680/3625/3577 3632/3604/3553
f 3677/3626/3578 3680/3625/3577 3685/3624/3576
f 3677/3626/3578 3685/3624/3576 3682/3627/3579
f 3673/3628/3569 3677/3626/3578 3682/3627/3579
f 3673/3628/3569 3682/3627/3579 3686/3629/3580
f 3687/3630/3581 3670/3631/3567 3673/3628/3569
f 3687/3630/3581 3673/3628/3569 3686/3629/3580
f 3688/3632/3582 3667/3633/3583 3670/3631/3567
f 3688/3632/3582 3670/3631/3567 3687/3630/3581
f 3645/3597/3547 3639/3599/3549 3661/3607/3559
f 3645/3597/3547 3661/3607/3559 3691/3634/3584
f 3661/3607/3559 3663/3609/3561 3690/3635/3585
f 3661/3607/3559 3690/3635/3585 3691/3634/3584
f 3663/3609/3561 3665/3611/3563 3689/3636/3586
f 3663/3609/3561 3689/3636/3586 3690/3635/3585
f 3665/3611/3563 3667/3633/3583 3688/3632/3582
f 3665/3611/3563 3688/3632/3582 3689/3636/3586
f 3635/3581/3531 3682/3627/3579 3685/3624/3576
f 3635/3581/3531 3685/3624/3576 3634/3582/3532
f 3636/3587/3537 3686/3629/3580 3682/3627/3579
f 3636/3587/3537 3682/3627/3579 3635/3581/3531
f 3638/3595/3545 3645/3597/3547 3691/3634/3584
f 3638/3595/3545 3691/3634/3584 3693/3637/3587
f 3638/3595/3545 3693/3637/3587 3692/3638/3588
f 3638/3595/3545 3692/3638/3588 3637/3591/3541
f 3637/3591/3541 3692/3638/3588 3686/3629/3580
f 3637/3591/3541 3686/3629/3580 3636/3587/3537
f 3686/3629/3580 3692/3638/3588 3688/3632/3582
f 3686/3629/3580 3688/3632/3582 3687/3630/3581
f 3689/3636/3586 3688/3632/3582 3692/3638/3588
f 3689/3636/3586 3692/3638/3588 3693/3637/3587
f 3689/3636/3586 3693/3637/3587 3691/3634/3584
f 3689/3636/3586 3691/3634/3584 3690/3635/3585
f 3622/3568/3589 3695/3639/3590 3696/3640/3591
f 3622/3568/3589 3696/3640/3591 3624/3563/3592
f 3697/3641/3593 3625/3564/3594 3624/3563/3592
f 3697/3641/3593 3624/3563/3592 3696/3640/3591
f 3698/3642/3595 3628/3570/3596 3625/3564/3594
f 3698/3642/3595 3625/3564/3594 3697/3641/3593
f 3620/3567/3518 3700/3643/3597 3694/3639/3598
f 3620/3567/3518 3694/3639/3598 3621/3568/3519
f 3619/3573/3599 3701/3644/3600 3700/3643/3597
f 3619/3573/3599 3700/3643/3597 3620/3567/3518
f 3557/3645/3601 3701/3644/3600 3618/3573/3523
f 3557/3645/3601 3618/3573/3523 3561/3575/3525
f 3701/3644/3600 3711/3646/3602 3709/3647/3603
f 3701/3644/3600 3709/3647/3603 3700/3643/3597
f 3700/3643/3597 3709/3647/3603 3702/3648/3604
f 3700/3643/3597 3702/3648/3604 3694/3639/3598
f 3697/3641/3593 3707/3649/3605 4976/3650/3606
f 3697/3641/3593 4976/3650/3606 3698/3642/3595
f 3696/3640/3591 3705/3651/3607 3707/3649/3605
f 3696/3640/3591 3707/3649/3605 3697/3641/3593
f 3695/3639/3590 3703/3648/3608 3705/3651/3607
f 3695/3639/3590 3705/3651/3607 3696/3640/3591
f 3557/3645/3601 3556/3652/3609 3711/3646/3602
f 3557/3645/3601 3711/3646/3602 3701/3644/3600
f 3708/3649/3610 3714/3653/3611 4984/3654/3612
f 3708/3649/3610 4984/3654/3612 4977/3650/3613
f 3704/3648/3614 3712/2907/2864 3713/2906/2863
f 3704/3648/3614 3713/2906/2863 3706/3651/3615
f 3706/3651/3615 3713/2906/2863 3714/3653/3611
f 3706/3651/3615 3714/3653/3611 3708/3649/3610
f 3582/2904/2861 3712/2907/2864 3711/3646/3602
f 3582/2904/2861 3711/3646/3602 3556/3652/3609
f 3535/3655/3616 4864/3656/3617 3743/3486/3445
f 3535/3655/3616 3743/3486/3445 3741/3540/3443
f 4864/3656/3617 4814/3657/3618 3742/3487/3446
f 4864/3656/3617 3742/3487/3446 3743/3486/3445
f 3529/3658/3619 3533/3659/3620 3740/3484/3443
f 3529/3658/3619 3740/3484/3443 3739/3482/3441
f 3526/3660/3621 3529/3658/3619 3739/3482/3441
f 3526/3660/3621 3739/3482/3441 3738/3480/3439
f 3523/3661/3622 3526/3660/3621 3738/3480/3439
f 3523/3661/3622 3738/3480/3439 3737/3478/3437
f 3493/3456/3415 3523/3661/3622 3737/3478/3437
f 3493/3456/3415 3737/3478/3437 3736/3457/3416
f 3485/3443/3402 3734/3455/3414 3733/3450/3409
f 3485/3443/3402 3733/3450/3409 3486/3446/3405
f 3487/3444/3403 3732/3453/3412 3736/3457/3416
f 3487/3444/3403 3736/3457/3416 3488/3445/3404
f 3484/3442/3401 3735/3449/3408 3734/3455/3414
f 3484/3442/3401 3734/3455/3414 3485/3443/3402
f 3486/3446/3405 3733/3450/3409 3732/3453/3412
f 3486/3446/3405 3732/3453/3412 3487/3444/3403
f 3471/3333/3296 3722/3364/3326 3735/3449/3408
f 3471/3333/3296 3735/3449/3408 3484/3442/3401
f 2926/2875/2829 4242/2901/2858 3716/2900/2857
f 2926/2875/2829 3716/2900/2857 3727/2876/2830
f 3000/3662/3623 2933/2912/2869 3725/2911/2868
f 3000/3662/3623 3725/2911/2868 3718/3429/3388
f 4276/2979/2941 3002/3663/3624 3729/3428/3387
f 4276/2979/2941 3729/3428/3387 3728/2976/2938
f 3002/3663/3624 3000/3662/3623 3718/3429/3388
f 3002/3663/3624 3718/3429/3388 3729/3428/3387
f 3021/2978/2940 3719/2977/2939 3731/3427/3386
f 3021/2978/2940 3731/3427/3386 3025/3664/3625
f 3396/3353/3316 3381/3352/3315 3382/3370/3332
f 3396/3353/3316 3382/3370/3332 3393/3665/3626
f 4646/3321/3284 3400/3666/3627 3723/3424/3383
f 4646/3321/3284 3723/3424/3383 3720/3322/3285
f 3462/3425/3384 3717/2933/2893 3721/3319/3282
f 3462/3425/3384 3721/3319/3282 3470/3426/3385
f 3470/3426/3385 3721/3319/3282 3720/3322/3285
f 3470/3426/3385 3720/3322/3285 3469/3366/3328
f 3463/2965/2925 3466/3340/3303 3719/2977/2939
f 3463/2965/2925 3719/2977/2939 3728/2976/2938
f 3459/3430/3389 3726/2903/2860 3717/2933/2893
f 3459/3430/3389 3717/2933/2893 3462/3425/3384
f 3457/2964/2924 3725/2911/2868 3715/2873/2827
f 3457/2964/2924 3715/2873/2827 3458/3431/3390
f 3460/2935/2895 3716/2900/2857 3726/2903/2860
f 3460/2935/2895 3726/2903/2860 3459/3430/3389
f 3458/3431/3390 3715/2873/2827 3727/2876/2830
f 3458/3431/3390 3727/2876/2830 3461/2934/2894
f 4814/3657/3618 4984/3654/3612 3714/3653/3611
f 4814/3657/3618 3714/3653/3611 3742/3487/3446
f 3714/3653/3611 3713/2906/2863 3536/2905/2862
f 3714/3653/3611 3536/2905/2862 3742/3487/3446
f 3536/2905/2862 3582/2904/2861 3588/3537/3493
f 3536/2905/2862 3588/3537/3493 3585/3488/3447
f 3704/3648/3614 3710/3647/3628 3711/3646/3602
f 3704/3648/3614 3711/3646/3602 3712/2907/2864
f 3028/3667/3629 3829/3668/3630 3869/3669/3631
f 3028/3667/3629 3869/3669/3631 3050/3670/3632
f 3829/3668/3630 3830/3671/3633 3868/3672/3634
f 3829/3668/3630 3868/3672/3634 3869/3669/3631
f 3830/3671/3633 3831/3673/3635 3867/3674/3636
f 3830/3671/3633 3867/3674/3636 3868/3672/3634
f 3831/3673/3635 3832/3675/3637 3866/3676/3638
f 3831/3673/3635 3866/3676/3638 3867/3674/3636
f 3832/3675/3637 3833/3677/3639 3865/3678/3640
f 3832/3675/3637 3865/3678/3640 3866/3676/3638
f 3833/3677/3639 3834/3679/3641 3864/3680/3642
f 3833/3677/3639 3864/3680/3642 3865/3678/3640
f 3834/3679/3641 3835/3681/3643 3863/3682/3644
f 3834/3679/3641 3863/3682/3644 3864/3680/3642
f 3835/3681/3643 3836/3683/3645 3862/3684/3646
f 3835/3681/3643 3862/3684/3646 3863/3682/3644
f 3836/3683/3645 3837/3685/3647 3861/3686/3648
f 3836/3683/3645 3861/3686/3648 3862/3684/3646
f 3837/3685/3647 3838/3687/3649 3860/3688/3650
f 3837/3685/3647 3860/3688/3650 3861/3686/3648
f 3838/3687/3649 3839/3689/3651 3859/3690/3652
f 3838/3687/3649 3859/3690/3652 3860/3688/3650
f 3839/3689/3651 3840/3691/3653 3858/3692/3654
f 3839/3689/3651 3858/3692/3654 3859/3690/3652
f 3840/3691/3653 3841/3693/3655 3857/3694/3656
f 3840/3691/3653 3857/3694/3656 3858/3692/3654
f 3050/3670/3632 3869/3669/3631 3799/3695/3657
f 3050/3670/3632 3799/3695/3657 3026/3696/3658
f 3869/3669/3631 3868/3672/3634 3798/3697/3659
f 3869/3669/3631 3798/3697/3659 3799/3695/3657
f 3868/3672/3634 3867/3674/3636 3797/3698/3660
f 3868/3672/3634 3797/3698/3660 3798/3697/3659
f 3867/3674/3636 3866/3676/3638 3796/3699/3661
f 3867/3674/3636 3796/3699/3661 3797/3698/3660
f 3866/3676/3638 3865/3678/3640 3795/3700/3662
f 3866/3676/3638 3795/3700/3662 3796/3699/3661
f 3865/3678/3640 3864/3680/3642 3794/3701/3663
f 3865/3678/3640 3794/3701/3663 3795/3700/3662
f 3864/3680/3642 3863/3682/3644 3793/3702/3664
f 3864/3680/3642 3793/3702/3664 3794/3701/3663
f 3863/3682/3644 3862/3684/3646 3792/3703/3665
f 3863/3682/3644 3792/3703/3665 3793/3702/3664
f 3862/3684/3646 3861/3686/3648 3791/3704/3666
f 3862/3684/3646 3791/3704/3666 3792/3703/3665
f 3861/3686/3648 3860/3688/3650 3790/3705/3667
f 3861/3686/3648 3790/3705/3667 3791/3704/3666
f 3860/3688/3650 3859/3690/3652 3789/3706/3668
f 3860/3688/3650 3789/3706/3668 3790/3705/3667
f 3859/3690/3652 3858/3692/3654 3788/3707/3669
f 3859/3690/3652 3788/3707/3669 3789/3706/3668
f 3858/3692/3654 3857/3694/3656 3787/3708/3670
f 3858/3692/3654 3787/3708/3670 3788/3707/3669
f 3857/3694/3656 3856/3709/3671 3786/3710/3672
f 3857/3694/3656 3786/3710/3672 3787/3708/3670
f 3745/3711/3673 3842/3712/3674 5108/3713/3675
f 3745/3711/3673 5108/3713/3675 5048/3714/3676
f 4321/3715/3677 3853/3716/3678 3814/3717/3679
f 4321/3715/3677 3814/3717/3679 3061/3718/3680
f 3853/3716/3678 5138/3719/3681 3813/3720/3682
f 3853/3716/3678 3813/3720/3682 3814/3717/3679
f 5138/3719/3681 5136/3721/3683 3812/3722/3684
f 5138/3719/3681 3812/3722/3684 3813/3720/3682
f 5136/3721/3683 3851/3723/3685 3811/3724/3686
f 5136/3721/3683 3811/3724/3686 3812/3722/3684
f 3851/3723/3685 5134/3725/3687 3810/3726/3688
f 3851/3723/3685 3810/3726/3688 3811/3724/3686
f 5134/3725/3687 5132/3727/3689 3809/3728/3690
f 5134/3725/3687 3809/3728/3690 3810/3726/3688
f 5132/3727/3689 5130/3729/3691 3808/3730/3692
f 5132/3727/3689 3808/3730/3692 3809/3728/3690
f 5130/3729/3691 5128/3731/3693 3807/3732/3694
f 5130/3729/3691 3807/3732/3694 3808/3730/3692
f 5128/3731/3693 3849/3733/3695 3806/3734/3696
f 5128/3731/3693 3806/3734/3696 3807/3732/3694
f 3849/3733/3695 5126/3735/3697 3805/3736/3698
f 3849/3733/3695 3805/3736/3698 3806/3734/3696
f 5126/3735/3697 3847/3737/3699 3804/3738/3700
f 5126/3735/3697 3804/3738/3700 3805/3736/3698
f 3847/3737/3699 3845/3739/3701 3803/3740/3702
f 3847/3737/3699 3803/3740/3702 3804/3738/3700
f 3845/3739/3701 5124/3741/3703 3802/3742/3704
f 3845/3739/3701 3802/3742/3704 3803/3740/3702
f 5124/3741/3703 3843/3743/3705 3801/3744/3706
f 5124/3741/3703 3801/3744/3706 3802/3742/3704
f 3857/3694/3656 3841/3693/3655 3855/3745/3707
f 3857/3694/3656 3855/3745/3707 3856/3709/3671
f 3031/3746/3708 3815/3747/3709 3829/3668/3630
f 3031/3746/3708 3829/3668/3630 3028/3667/3629
f 3815/3747/3709 3816/3748/3710 3830/3671/3633
f 3815/3747/3709 3830/3671/3633 3829/3668/3630
f 3816/3748/3710 3817/3749/3711 3831/3673/3635
f 3816/3748/3710 3831/3673/3635 3830/3671/3633
f 3817/3749/3711 3818/3750/3712 3832/3675/3637
f 3817/3749/3711 3832/3675/3637 3831/3673/3635
f 3818/3750/3712 3819/3751/3713 3833/3677/3639
f 3818/3750/3712 3833/3677/3639 3832/3675/3637
f 3819/3751/3713 3820/3752/3714 3834/3679/3641
f 3819/3751/3713 3834/3679/3641 3833/3677/3639
f 3820/3752/3714 3821/3753/3715 3835/3681/3643
f 3820/3752/3714 3835/3681/3643 3834/3679/3641
f 3821/3753/3715 3822/3754/3716 3836/3683/3645
f 3821/3753/3715 3836/3683/3645 3835/3681/3643
f 3822/3754/3716 3823/3755/3717 3837/3685/3647
f 3822/3754/3716 3837/3685/3647 3836/3683/3645
f 3823/3755/3717 3824/3756/3718 3838/3687/3649
f 3823/3755/3717 3838/3687/3649 3837/3685/3647
f 3824/3756/3718 3825/3757/3719 3839/3689/3651
f 3824/3756/3718 3839/3689/3651 3838/3687/3649
f 3825/3757/3719 3826/3758/3720 3840/3691/3653
f 3825/3757/3719 3840/3691/3653 3839/3689/3651
f 3826/3758/3720 3827/3759/3721 3841/3693/3655
f 3826/3758/3720 3841/3693/3655 3840/3691/3653
f 3061/3718/3680 3814/3717/3679 3815/3747/3709
f 3061/3718/3680 3815/3747/3709 3031/3746/3708
f 3814/3717/3679 3813/3720/3682 3816/3748/3710
f 3814/3717/3679 3816/3748/3710 3815/3747/3709
f 3813/3720/3682 3812/3722/3684 3817/3749/3711
f 3813/3720/3682 3817/3749/3711 3816/3748/3710
f 3812/3722/3684 3811/3724/3686 3818/3750/3712
f 3812/3722/3684 3818/3750/3712 3817/3749/3711
f 3811/3724/3686 3810/3726/3688 3819/3751/3713
f 3811/3724/3686 3819/3751/3713 3818/3750/3712
f 3810/3726/3688 3809/3728/3690 3820/3752/3714
f 3810/3726/3688 3820/3752/3714 3819/3751/3713
f 3809/3728/3690 3808/3730/3692 3821/3753/3715
f 3809/3728/3690 3821/3753/3715 3820/3752/3714
f 3808/3730/3692 3807/3732/3694 3822/3754/3716
f 3808/3730/3692 3822/3754/3716 3821/3753/3715
f 3807/3732/3694 3806/3734/3696 3823/3755/3717
f 3807/3732/3694 3823/3755/3717 3822/3754/3716
f 3806/3734/3696 3805/3736/3698 3824/3756/3718
f 3806/3734/3696 3824/3756/3718 3823/3755/3717
f 3805/3736/3698 3804/3738/3700 3825/3757/3719
f 3805/3736/3698 3825/3757/3719 3824/3756/3718
f 3804/3738/3700 3803/3740/3702 3826/3758/3720
f 3804/3738/3700 3826/3758/3720 3825/3757/3719
f 3803/3740/3702 3802/3742/3704 3827/3759/3721
f 3803/3740/3702 3827/3759/3721 3826/3758/3720
f 3802/3742/3704 3801/3744/3706 3828/3760/3722
f 3802/3742/3704 3828/3760/3722 3827/3759/3721
f 3827/3759/3721 3828/3760/3722 3855/3745/3707
f 3827/3759/3721 3855/3745/3707 3841/3693/3655
f 3026/3696/3658 3799/3695/3657 3784/3761/3723
f 3026/3696/3658 3784/3761/3723 3467/3762/3724
f 3799/3695/3657 3798/3697/3659 3783/3763/3725
f 3799/3695/3657 3783/3763/3725 3784/3761/3723
f 3798/3697/3659 3797/3698/3660 3782/3764/3726
f 3798/3697/3659 3782/3764/3726 3783/3763/3725
f 3797/3698/3660 3796/3699/3661 3781/3765/3727
f 3797/3698/3660 3781/3765/3727 3782/3764/3726
f 3796/3699/3661 3795/3700/3662 3780/3766/3728
f 3796/3699/3661 3780/3766/3728 3781/3765/3727
f 3795/3700/3662 3794/3701/3663 3779/3767/3729
f 3795/3700/3662 3779/3767/3729 3780/3766/3728
f 3794/3701/3663 3793/3702/3664 3778/3768/3730
f 3794/3701/3663 3778/3768/3730 3779/3767/3729
f 3793/3702/3664 3792/3703/3665 3777/3769/3731
f 3793/3702/3664 3777/3769/3731 3778/3768/3730
f 3792/3703/3665 3791/3704/3666 3776/3770/3732
f 3792/3703/3665 3776/3770/3732 3777/3769/3731
f 3791/3704/3666 3790/3705/3667 3775/3771/3733
f 3791/3704/3666 3775/3771/3733 3776/3770/3732
f 3790/3705/3667 3789/3706/3668 3774/3772/3734
f 3790/3705/3667 3774/3772/3734 3775/3771/3733
f 3789/3706/3668 3788/3707/3669 3773/3773/3735
f 3789/3706/3668 3773/3773/3735 3774/3772/3734
f 3788/3707/3669 3787/3708/3670 3772/3774/3736
f 3788/3707/3669 3772/3774/3736 3773/3773/3735
f 3787/3708/3670 3786/3710/3672 3771/3775/3737
f 3787/3708/3670 3771/3775/3737 3772/3774/3736
f 3771/3775/3737 3800/3776/3738 3842/3712/3674
f 3771/3775/3737 3842/3712/3674 3745/3711/3673
f 3467/3762/3724 3784/3761/3723 3758/3777/3739
f 3467/3762/3724 3758/3777/3739 3730/3778/3740
f 3784/3761/3723 3783/3763/3725 3757/3779/3741
f 3784/3761/3723 3757/3779/3741 3758/3777/3739
f 3783/3763/3725 3782/3764/3726 3756/3780/3742
f 3783/3763/3725 3756/3780/3742 3757/3779/3741
f 3782/3764/3726 3781/3765/3727 3755/3781/3743
f 3782/3764/3726 3755/3781/3743 3756/3780/3742
f 3781/3765/3727 3780/3766/3728 3754/3782/3744
f 3781/3765/3727 3754/3782/3744 3755/3781/3743
f 3780/3766/3728 3779/3767/3729 3753/3783/3745
f 3780/3766/3728 3753/3783/3745 3754/3782/3744
f 3779/3767/3729 3778/3768/3730 3752/3784/3746
f 3779/3767/3729 3752/3784/3746 3753/3783/3745
f 3778/3768/3730 3777/3769/3731 3751/3785/3747
f 3778/3768/3730 3751/3785/3747 3752/3784/3746
f 3777/3769/3731 3776/3770/3732 3750/3786/3748
f 3777/3769/3731 3750/3786/3748 3751/3785/3747
f 3776/3770/3732 3775/3771/3733 3749/3787/3749
f 3776/3770/3732 3749/3787/3749 3750/3786/3748
f 3775/3771/3733 3774/3772/3734 3748/3788/3750
f 3775/3771/3733 3748/3788/3750 3749/3787/3749
f 3774/3772/3734 3773/3773/3735 3747/3789/3751
f 3774/3772/3734 3747/3789/3751 3748/3788/3750
f 3773/3773/3735 3772/3774/3736 3746/3790/3752
f 3773/3773/3735 3746/3790/3752 3747/3789/3751
f 3772/3774/3736 3771/3775/3737 3745/3711/3673
f 3772/3774/3736 3745/3711/3673 3746/3790/3752
f 3843/3743/3705 3769/3791/3753 3785/3792/3754
f 3843/3743/3705 3785/3792/3754 3801/3744/3706
f 3730/3778/3740 3758/3777/3739 5030/3793/3755
f 3730/3778/3740 5030/3793/3755 3022/3794/3756
f 3758/3777/3739 3757/3779/3741 5032/3795/3757
f 3758/3777/3739 5032/3795/3757 5030/3793/3755
f 3757/3779/3741 3756/3780/3742 3759/3796/3758
f 3757/3779/3741 3759/3796/3758 5032/3795/3757
f 3756/3780/3742 3755/3781/3743 5034/3797/3759
f 3756/3780/3742 5034/3797/3759 3759/3796/3758
f 3755/3781/3743 3754/3782/3744 3761/3798/3760
f 3755/3781/3743 3761/3798/3760 5034/3797/3759
f 3754/3782/3744 3753/3783/3745 5036/3799/3761
f 3754/3782/3744 5036/3799/3761 3761/3798/3760
f 3753/3783/3745 3752/3784/3746 5038/3800/3762
f 3753/3783/3745 5038/3800/3762 5036/3799/3761
f 3752/3784/3746 3751/3785/3747 5040/3801/3763
f 3752/3784/3746 5040/3801/3763 5038/3800/3762
f 3751/3785/3747 3750/3786/3748 5042/3802/3764
f 3751/3785/3747 5042/3802/3764 5040/3801/3763
f 3750/3786/3748 3749/3787/3749 3763/3803/3765
f 3750/3786/3748 3763/3803/3765 5042/3802/3764
f 3749/3787/3749 3748/3788/3750 3765/3804/3766
f 3749/3787/3749 3765/3804/3766 3763/3803/3765
f 3748/3788/3750 3747/3789/3751 5044/3805/3767
f 3748/3788/3750 5044/3805/3767 3765/3804/3766
f 3747/3789/3751 3746/3790/3752 5046/3806/3768
f 3747/3789/3751 5046/3806/3768 5044/3805/3767
f 3746/3790/3752 3745/3711/3673 5048/3714/3676
f 3746/3790/3752 5048/3714/3676 5046/3806/3768
f 3800/3776/3738 3870/3807/3769 3873/3808/3770
f 3800/3776/3738 3873/3808/3770 3842/3712/3674
f 3769/3791/3753 3768/3809/3771 3744/3810/3772
f 3769/3791/3753 3744/3810/3772 3785/3792/3754
f 3842/3712/3674 3873/3808/3770 3871/3811/3773
f 3842/3712/3674 3871/3811/3773 5108/3713/3675
f 3873/3808/3770 3880/3812/3774 3878/3813/3775
f 3873/3808/3770 3878/3813/3775 3871/3811/3773
f 3768/3809/3771 3876/3814/3776 3874/3815/3777
f 3768/3809/3771 3874/3815/3777 3744/3810/3772
f 3870/3807/3769 3877/3816/3778 3880/3812/3774
f 3870/3807/3769 3880/3812/3774 3873/3808/3770
f 3785/3792/3754 3744/3810/3772 3828/3760/3722
f 3785/3792/3754 3828/3760/3722 3801/3744/3706
f 3855/3745/3707 3828/3760/3722 3744/3810/3772
f 3855/3745/3707 3744/3810/3772 3874/3815/3777
f 3771/3775/3737 3786/3710/3672 3870/3807/3769
f 3771/3775/3737 3870/3807/3769 3800/3776/3738
f 3786/3710/3672 3856/3709/3671 3877/3816/3778
f 3786/3710/3672 3877/3816/3778 3870/3807/3769
f 3856/3709/3671 3855/3745/3707 3874/3815/3777
f 3856/3709/3671 3874/3815/3777 3877/3816/3778
f 3876/3814/3776 5162/3817/3779 3881/3818/3780
f 3876/3814/3776 3881/3818/3780 3874/3815/3777
f 3878/3813/3775 3880/3812/3774 3881/3818/3780
f 3878/3813/3775 3881/3818/3780 5162/3817/3779
f 3880/3812/3774 3877/3816/3778 3874/3815/3777
f 3880/3812/3774 3874/3815/3777 3881/3818/3780
f 3892/3819/3781 3883/3820/3782 3887/3821/3783
f 3892/3819/3781 3887/3821/3783 3893/3822/3784
f 3893/3822/3784 3887/3821/3783 3891/3823/3785
f 3893/3822/3784 3891/3823/3785 3894/3824/3786
f 3894/3824/3786 3891/3823/3785 3886/3825/3787
f 3894/3824/3786 3886/3825/3787 3896/3826/3788
f 3895/3827/3789 3885/3828/3790 3890/3829/3791
f 3895/3827/3789 3890/3829/3791 3897/3830/3792
f 3897/3830/3792 3890/3829/3791 3882/3831/3793
f 3897/3830/3792 3882/3831/3793 3898/3832/3794
f 3898/3832/3794 3882/3831/3793 3884/3833/3795
f 3898/3832/3794 3884/3833/3795 3899/3834/3796
f 3899/3834/3796 3884/3833/3795 3888/3835/3797
f 3899/3834/3796 3888/3835/3797 3900/3836/3798
f 3901/3837/3799 3889/3838/3800 3883/3820/3782
f 3901/3837/3799 3883/3820/3782 3892/3819/3781
f 3902/3839/3801 3892/3819/3781 3893/3822/3784
f 3902/3839/3801 3893/3822/3784 3903/3840/3802
f 3903/3840/3802 3893/3822/3784 3894/3824/3786
f 3903/3840/3802 3894/3824/3786 3904/3841/3803
f 3904/3841/3803 3894/3824/3786 3896/3826/3788
f 3904/3841/3803 3896/3826/3788 3906/3842/3804
f 3905/3843/3805 3895/3827/3789 3897/3830/3792
f 3905/3843/3805 3897/3830/3792 3907/3844/3806
f 3907/3844/3806 3897/3830/3792 3898/3832/3794
f 3907/3844/3806 3898/3832/3794 3908/3845/3807
f 3908/3845/3807 3898/3832/3794 3899/3834/3796
f 3908/3845/3807 3899/3834/3796 3909/3846/3808
f 3909/3846/3808 3899/3834/3796 3900/3836/3798
f 3909/3846/3808 3900/3836/3798 3910/3847/3809
f 3911/3848/3810 3901/3837/3799 3892/3819/3781
f 3911/3848/3810 3892/3819/3781 3902/3839/3801
f 3903/3840/3802 3904/3841/3803 3913/3849/3811
f 3903/3840/3802 3913/3849/3811 3912/3850/3812
f 3913/3849/3811 3917/3851/3813 3915/3852/3814
f 3913/3849/3811 3915/3852/3814 3912/3850/3812
f 3917/3851/3813 3913/3849/3811 3904/3841/3803
f 3917/3851/3813 3904/3841/3803 3906/3842/3804
f 3914/3853/3815 3916/3854/3816 3919/3855/3817
f 3914/3853/3815 3919/3855/3817 3918/3856/3818
f 3916/3854/3816 3905/3843/3805 3907/3844/3806
f 3916/3854/3816 3907/3844/3806 3919/3855/3817
f 3919/3855/3817 3907/3844/3806 3908/3845/3807
f 3919/3855/3817 3908/3845/3807 3918/3856/3818
f 3908/3845/3807 3909/3846/3808 3920/3857/3819
f 3908/3845/3807 3920/3857/3819 3918/3856/3818
f 3920/3857/3819 3921/3858/3820 3914/3853/3815
f 3920/3857/3819 3914/3853/3815 3918/3856/3818
f 3915/3852/3814 3922/3859/3821 3923/3860/3822
f 3915/3852/3814 3923/3860/3822 3912/3850/3812
f 3923/3860/3822 3902/3839/3801 3903/3840/3802
f 3923/3860/3822 3903/3840/3802 3912/3850/3812
f 3911/3848/3810 3902/3839/3801 3923/3860/3822
f 3911/3848/3810 3923/3860/3822 3922/3859/3821
f 3921/3858/3820 3920/3857/3819 3909/3846/3808
f 3921/3858/3820 3909/3846/3808 3910/3847/3809
f 3889/3838/3800 3925/3861/3823 3926/3862/3824
f 3889/3838/3800 3926/3862/3824 3883/3820/3782
f 3883/3820/3782 3926/3862/3824 3927/3863/3825
f 3883/3820/3782 3927/3863/3825 3928/3864/3826
f 3927/3863/3825 3929/3865/3827 3930/3866/3828
f 3927/3863/3825 3930/3866/3828 3928/3864/3826
f 3930/3866/3828 3929/3865/3827 3931/3867/3829
f 3930/3866/3828 3931/3867/3829 3933/3868/3830
f 3932/3869/3831 3936/3870/3832 3935/3871/3833
f 3932/3869/3831 3935/3871/3833 3934/3872/3830
f 3935/3871/3833 3936/3870/3832 3938/3873/3834
f 3935/3871/3833 3938/3873/3834 3937/3874/3835
f 3938/3873/3834 3940/3875/3836 3939/3876/3837
f 3938/3873/3834 3939/3876/3837 3937/3874/3835
f 3939/3876/3837 3940/3875/3836 3924/3877/3823
f 3939/3876/3837 3924/3877/3823 3888/3835/3797
f 3941/3878/3838 3942/3879/3839 3953/3880/3840
f 3941/3878/3838 3953/3880/3840 3952/3881/3841
f 3943/3882/3842 3944/3883/3843 3955/3884/3844
f 3943/3882/3842 3955/3884/3844 3954/3885/3840
f 3944/3883/3843 3945/3886/3845 3956/3887/3846
f 3944/3883/3843 3956/3887/3846 3955/3884/3844
f 3945/3886/3845 3946/3888/3847 3957/3889/3848
f 3945/3886/3845 3957/3889/3848 3956/3887/3846
f 3946/3888/3847 3947/3890/3849 3958/3891/3850
f 3946/3888/3847 3958/3891/3850 3957/3889/3848
f 3948/3892/3849 3949/3893/3851 3960/3894/3852
f 3948/3892/3849 3960/3894/3852 3959/3895/3853
f 3949/3893/3851 3950/3896/3854 3951/3897/3855
f 3949/3893/3851 3951/3897/3855 3960/3894/3852
f 3950/3896/3854 3941/3878/3838 3952/3881/3841
f 3950/3896/3854 3952/3881/3841 3951/3897/3855
f 3951/3897/3855 3952/3881/3841 3929/3865/3827
f 3951/3897/3855 3929/3865/3827 3927/3863/3825
f 3952/3881/3841 3953/3880/3840 3931/3867/3829
f 3952/3881/3841 3931/3867/3829 3929/3865/3827
f 3954/3885/3840 3955/3884/3844 3936/3870/3832
f 3954/3885/3840 3936/3870/3832 3932/3869/3831
f 3955/3884/3844 3956/3887/3846 3938/3873/3834
f 3955/3884/3844 3938/3873/3834 3936/3870/3832
f 3956/3887/3846 3957/3889/3848 3940/3875/3836
f 3956/3887/3846 3940/3875/3836 3938/3873/3834
f 3957/3889/3848 3958/3891/3850 3924/3877/3823
f 3957/3889/3848 3924/3877/3823 3940/3875/3836
f 3959/3895/3853 3960/3894/3852 3926/3862/3824
f 3959/3895/3853 3926/3862/3824 3925/3861/3823
f 3960/3894/3852 3951/3897/3855 3927/3863/3825
f 3960/3894/3852 3927/3863/3825 3926/3862/3824
f 3949/3893/3851 3948/3892/3849 3961/3898/3856
f 3949/3893/3851 3961/3898/3856 3950/3896/3854
f 3962/3899/3857 3947/3890/3849 3946/3888/3847
f 3962/3899/3857 3946/3888/3847 3945/3886/3845
f 3945/3886/3845 3944/3883/3843 3943/3882/3842
f 3945/3886/3845 3943/3882/3842 3962/3899/3857
f 3941/3878/3838 3950/3896/3854 3961/3898/3856
f 3941/3878/3838 3961/3898/3856 3942/3879/3839
f 3989/3900/3858 3994/3901/3859 3993/3902/3860
f 3989/3900/3858 3993/3902/3860 3991/3903/3861
f 3991/3903/3861 3993/3902/3860 3992/3904/3862
f 3991/3903/3861 3992/3904/3862 3982/3905/3863
f 3992/3904/3862 4001/3906/3864 3983/3907/3865
f 3992/3904/3862 3983/3907/3865 3982/3905/3863
f 3983/3907/3865 4001/3906/3864 4000/3908/3866
f 3983/3907/3865 4000/3908/3866 3984/3909/3867
f 3995/3910/3868 3990/3911/3869 3988/3912/3870
f 3995/3910/3868 3988/3912/3870 3996/3913/3871
f 3988/3912/3870 3987/3914/3872 3997/3915/3873
f 3988/3912/3870 3997/3915/3873 3996/3913/3871
f 3997/3915/3873 3987/3914/3872 3986/3916/3874
f 3997/3915/3873 3986/3916/3874 3999/3917/3875
f 4000/3908/3866 3998/3918/3875 3985/3919/3874
f 4000/3908/3866 3985/3919/3874 3984/3909/3867
f 3982/3905/3863 3983/3907/3865 3969/3920/3876
f 3982/3905/3863 3969/3920/3876 3967/3921/3877
f 3969/3920/3876 3983/3907/3865 3984/3909/3867
f 3969/3920/3876 3984/3909/3867 3971/3922/3878
f 3984/3909/3867 3985/3919/3874 3980/3923/3879
f 3984/3909/3867 3980/3923/3879 3971/3922/3878
f 3987/3914/3872 3977/3924/3880 3981/3925/3881
f 3987/3914/3872 3981/3925/3881 3986/3916/3874
f 3974/3926/3882 3977/3924/3880 3987/3914/3872
f 3974/3926/3882 3987/3914/3872 3988/3912/3870
f 3990/3911/3869 3934/3872/3830 3974/3926/3882
f 3990/3911/3869 3974/3926/3882 3988/3912/3870
f 3933/3868/3830 3989/3900/3858 3991/3903/3861
f 3933/3868/3830 3991/3903/3861 3930/3866/3828
f 3930/3866/3828 3991/3903/3861 3982/3905/3863
f 3930/3866/3828 3982/3905/3863 3967/3921/3877
f 3993/3902/3860 3963/3927/3883 3966/3928/3884
f 3993/3902/3860 3966/3928/3884 3992/3904/3862
f 3994/3901/3859 3964/3929/3885 3963/3927/3883
f 3994/3901/3859 3963/3927/3883 3993/3902/3860
f 3965/3930/3886 3995/3910/3868 3996/3913/3871
f 3965/3930/3886 3996/3913/3871 3973/3931/3887
f 3996/3913/3871 3997/3915/3873 3976/3932/3888
f 3996/3913/3871 3976/3932/3888 3973/3931/3887
f 3976/3932/3888 3997/3915/3873 3999/3917/3875
f 3976/3932/3888 3999/3917/3875 3979/3933/3889
f 3970/3934/3890 3978/3935/3891 3998/3918/3875
f 3970/3934/3890 3998/3918/3875 4000/3908/3866
f 4001/3906/3864 3968/3936/3892 3970/3934/3890
f 4001/3906/3864 3970/3934/3890 4000/3908/3866
f 3966/3928/3884 3968/3936/3892 4001/3906/3864
f 3966/3928/3884 4001/3906/3864 3992/3904/3862
f 3963/3927/3883 3964/3929/3885 4002/3937/3893
f 3963/3927/3883 4002/3937/3893 3966/3928/3884
f 4002/3937/3893 3964/3929/3885 3972/3938/3894
f 4002/3937/3893 3972/3938/3894 3975/3939/3895
f 3966/3928/3884 4002/3937/3893 3970/3934/3890
f 3966/3928/3884 3970/3934/3890 3968/3936/3892
f 4002/3937/3893 3975/3939/3895 3978/3935/3891
f 4002/3937/3893 3978/3935/3891 3970/3934/3890
f 3887/3821/3783 3883/3820/3782 3928/3864/3826
f 3887/3821/3783 3928/3864/3826 4003/3940/3896
f 4003/3940/3896 3928/3864/3826 3930/3866/3828
f 4003/3940/3896 3930/3866/3828 3967/3921/3877
f 3888/3835/3797 3884/3833/3795 4004/3941/3897
f 3888/3835/3797 4004/3941/3897 3939/3876/3837
f 4004/3941/3897 3884/3833/3795 3882/3831/3793
f 4004/3941/3897 3882/3831/3793 4005/3942/3898
f 3882/3831/3793 3890/3829/3791 4006/3943/3899
f 3882/3831/3793 4006/3943/3899 4005/3942/3898
f 4006/3943/3899 3890/3829/3791 3885/3828/3790
f 4006/3943/3899 3885/3828/3790 4007/3944/3900
f 3886/3825/3787 3891/3823/3785 4009/3945/3901
f 3886/3825/3787 4009/3945/3901 4008/3946/3902
f 4009/3945/3901 3891/3823/3785 3887/3821/3783
f 4009/3945/3901 3887/3821/3783 4003/3940/3896
f 4008/3946/3902 4009/3945/3901 4010/3947/3903
f 4008/3946/3902 4010/3947/3903 4011/3948/3904
f 4009/3945/3901 4003/3940/3896 4012/3949/3905
f 4009/3945/3901 4012/3949/3905 4010/3947/3903
f 4012/3949/3905 4003/3940/3896 3967/3921/3877
f 4012/3949/3905 3967/3921/3877 3969/3920/3876
f 3937/3874/3835 3939/3876/3837 4004/3941/3897
f 3937/3874/3835 4004/3941/3897 4013/3950/3906
f 4004/3941/3897 4005/3942/3898 4014/3951/3907
f 4004/3941/3897 4014/3951/3907 4013/3950/3906
f 4014/3951/3907 4005/3942/3898 4006/3943/3899
f 4014/3951/3907 4006/3943/3899 4015/3952/3908
f 4006/3943/3899 4007/3944/3900 4016/3953/3909
f 4006/3943/3899 4016/3953/3909 4015/3952/3908
f 4017/3954/3910 4008/3946/3902 4011/3948/3904
f 4017/3954/3910 4011/3948/3904 4018/3955/3911
f 3934/3872/3830 3935/3871/3833 4019/3956/3912
f 3934/3872/3830 4019/3956/3912 3974/3926/3882
f 4019/3956/3912 4020/3957/3913 3977/3924/3880
f 4019/3956/3912 3977/3924/3880 3974/3926/3882
f 3977/3924/3880 4020/3957/3913 4022/3958/3914
f 3977/3924/3880 4022/3958/3914 3981/3925/3881
f 4021/3959/3915 4023/3960/3916 3971/3922/3878
f 4021/3959/3915 3971/3922/3878 3980/3923/3879
f 3971/3922/3878 4023/3960/3916 4024/3961/3917
f 3971/3922/3878 4024/3961/3917 3969/3920/3876
f 4024/3961/3917 4025/3962/3918 4012/3949/3905
f 4024/3961/3917 4012/3949/3905 3969/3920/3876
f 4013/3950/3906 4019/3956/3912 3935/3871/3833
f 4013/3950/3906 3935/3871/3833 3937/3874/3835
f 4011/3948/3904 4026/3963/3919 4027/3964/3920
f 4011/3948/3904 4027/3964/3920 4018/3955/3911
f 4026/3963/3919 4011/3948/3904 4010/3947/3903
f 4026/3963/3919 4010/3947/3903 4028/3965/3921
f 4010/3947/3903 4012/3949/3905 4029/3966/3922
f 4010/3947/3903 4029/3966/3922 4028/3965/3921
f 4029/3966/3922 4012/3949/3905 4025/3962/3918
f 4029/3966/3922 4025/3962/3918 4030/3967/3923
f 4018/3955/3911 4027/3964/3920 4031/3968/3924
f 4018/3955/3911 4031/3968/3924 4033/3969/3925
f 4031/3968/3924 4034/3970/3926 4035/3971/3927
f 4031/3968/3924 4035/3971/3927 4033/3969/3925
f 4035/3971/3927 4034/3970/3926 4037/3972/3928
f 4035/3971/3927 4037/3972/3928 4038/3973/3929
f 4037/3972/3928 4030/3967/3923 4025/3962/3918
f 4037/3972/3928 4025/3962/3918 4038/3973/3929
f 4040/3974/3930 4041/3975/3931 4026/3963/3919
f 4040/3974/3930 4026/3963/3919 4028/3965/3921
f 4041/3975/3931 4042/3976/3932 4027/3964/3920
f 4041/3975/3931 4027/3964/3920 4026/3963/3919
f 4042/3976/3932 4043/3977/3933 4031/3968/3924
f 4042/3976/3932 4031/3968/3924 4027/3964/3920
f 4043/3977/3933 4044/3978/3934 4034/3970/3926
f 4043/3977/3933 4034/3970/3926 4031/3968/3924
f 4044/3978/3934 4045/3979/3935 4037/3972/3928
f 4044/3978/3934 4037/3972/3928 4034/3970/3926
f 4045/3979/3935 4046/3980/3936 4030/3967/3923
f 4045/3979/3935 4030/3967/3923 4037/3972/3928
f 4046/3980/3936 4047/3981/3937 4029/3966/3922
f 4046/3980/3936 4029/3966/3922 4030/3967/3923
f 4047/3981/3937 4040/3974/3930 4028/3965/3921
f 4047/3981/3937 4028/3965/3921 4029/3966/3922
f 4040/3974/3930 4048/3982/3938 4042/3976/3932
f 4040/3974/3930 4042/3976/3932 4041/3975/3931
f 4042/3976/3932 4048/3982/3938 4044/3978/3934
f 4042/3976/3932 4044/3978/3934 4043/3977/3933
f 4048/3982/3938 4046/3980/3936 4045/3979/3935
f 4048/3982/3938 4045/3979/3935 4044/3978/3934
f 4048/3982/3938 4040/3974/3930 4047/3981/3937
f 4048/3982/3938 4047/3981/3937 4046/3980/3936
f 4038/3973/3929 4025/3962/3918 4024/3961/3917
f 4038/3973/3929 4024/3961/3917 4049/3983/3939
f 4024/3961/3917 4023/3960/3916 4051/3984/3940
f 4024/3961/3917 4051/3984/3940 4049/3983/3939
f 4051/3984/3940 4023/3960/3916 4021/3959/3915
f 4051/3984/3940 4021/3959/3915 4053/3985/3941
f 4022/3958/3914 4020/3957/3913 4058/3986/3942
f 4022/3958/3914 4058/3986/3942 4056/3987/3943
f 4058/3986/3942 4020/3957/3913 4019/3956/3912
f 4058/3986/3942 4019/3956/3912 4060/3988/3944
f 4019/3956/3912 4013/3950/3906 4061/3989/3945
f 4019/3956/3912 4061/3989/3945 4060/3988/3944
f 4061/3989/3945 4013/3950/3906 4014/3951/3907
f 4061/3989/3945 4014/3951/3907 4063/3990/3946
f 4014/3951/3907 4015/3952/3908 4065/3991/3947
f 4014/3951/3907 4065/3991/3947 4063/3990/3946
f 4065/3991/3947 4015/3952/3908 4016/3953/3909
f 4065/3991/3947 4016/3953/3909 4067/3992/3948
f 4017/3954/3910 4018/3955/3911 4033/3969/3925
f 4017/3954/3910 4033/3969/3925 4069/3993/3949
f 4116/3994/3950 4115/3995/3951 4107/3996/3952
f 4116/3994/3950 4107/3996/3952 4106/3997/3953
f 4115/3995/3951 4113/3998/3954 4108/3999/3955
f 4115/3995/3951 4108/3999/3955 4107/3996/3952
f 4114/4000/3956 4112/4001/3957 4110/4002/3958
f 4114/4000/3956 4110/4002/3958 4109/4003/3959
f 4112/4001/3957 4111/4004/3960 4097/4005/3961
f 4112/4001/3957 4097/4005/3961 4110/4002/3958
f 4111/4004/3960 4124/4006/3962 4098/4007/3963
f 4111/4004/3960 4098/4007/3963 4097/4005/3961
f 4124/4006/3962 4123/4008/3964 4099/4009/3965
f 4124/4006/3962 4099/4009/3965 4098/4007/3963
f 4123/4008/3964 4122/4010/3966 4100/4011/3967
f 4123/4008/3964 4100/4011/3967 4099/4009/3965
f 4122/4010/3966 4120/4012/3968 4101/4013/3969
f 4122/4010/3966 4101/4013/3969 4100/4011/3967
f 4121/4014/3970 4119/4015/3971 4103/4016/3972
f 4121/4014/3970 4103/4016/3972 4102/4017/3973
f 4119/4015/3971 4118/4018/3974 4104/4019/3975
f 4119/4015/3971 4104/4019/3975 4103/4016/3972
f 4118/4018/3974 4117/4020/3976 4105/4021/3977
f 4118/4018/3974 4105/4021/3977 4104/4019/3975
f 4117/4020/3976 4116/3994/3950 4106/3997/3953
f 4117/4020/3976 4106/3997/3953 4105/4021/3977
f 4097/4005/3961 4098/4007/3963 4039/4022/3929
f 4097/4005/3961 4039/4022/3929 4050/4023/3978
f 4098/4007/3963 4099/4009/3965 4036/4024/3927
f 4098/4007/3963 4036/4024/3927 4039/4022/3929
f 4099/4009/3965 4100/4011/3967 4032/4025/3979
f 4099/4009/3965 4032/4025/3979 4036/4024/3927
f 4100/4011/3967 4101/4013/3969 4068/4026/3980
f 4100/4011/3967 4068/4026/3980 4032/4025/3979
f 4102/4017/3973 4103/4016/3972 4066/4027/3981
f 4102/4017/3973 4066/4027/3981 4070/4028/3982
f 4103/4016/3972 4104/4019/3975 4064/4029/3983
f 4103/4016/3972 4064/4029/3983 4066/4027/3981
f 4104/4019/3975 4105/4021/3977 4062/4030/3984
f 4104/4019/3975 4062/4030/3984 4064/4029/3983
f 4105/4021/3977 4106/3997/3953 4059/4031/3985
f 4105/4021/3977 4059/4031/3985 4062/4030/3984
f 4106/3997/3953 4107/3996/3952 4057/4032/3986
f 4106/3997/3953 4057/4032/3986 4059/4031/3985
f 4107/3996/3952 4108/3999/3955 4054/4033/3987
f 4107/3996/3952 4054/4033/3987 4057/4032/3986
f 4109/4003/3959 4110/4002/3958 4052/4034/3988
f 4109/4003/3959 4052/4034/3988 4055/4035/3989
f 4110/4002/3958 4097/4005/3961 4050/4023/3978
f 4110/4002/3958 4050/4023/3978 4052/4034/3988
f 4140/4036/3990 4139/4037/3991 4125/4038/3992
f 4140/4036/3990 4125/4038/3992 4138/4039/3993
f 4142/4040/3994 4140/4036/3990 4138/4039/3993
f 4142/4040/3994 4138/4039/3993 4137/4041/3995
f 4143/4042/3996 4141/4043/3997 4136/4044/3998
f 4143/4042/3996 4136/4044/3998 4135/4045/3999
f 4144/4046/4000 4143/4042/3996 4135/4045/3999
f 4144/4046/4000 4135/4045/3999 4134/4047/4001
f 4145/4048/4002 4144/4046/4000 4134/4047/4001
f 4145/4048/4002 4134/4047/4001 4133/4049/4003
f 4146/4050/4004 4145/4048/4002 4133/4049/4003
f 4146/4050/4004 4133/4049/4003 4132/4051/4005
f 4147/4052/4006 4146/4050/4004 4132/4051/4005
f 4147/4052/4006 4132/4051/4005 4131/4053/4007
f 4149/4054/4008 4147/4052/4006 4131/4053/4007
f 4149/4054/4008 4131/4053/4007 4130/4055/4009
f 4150/4056/4010 4148/4057/4011 4129/4058/4012
f 4150/4056/4010 4129/4058/4012 4128/4059/4013
f 4151/4060/4014 4150/4056/4010 4128/4059/4013
f 4151/4060/4014 4128/4059/4013 4127/4061/4015
f 4152/4062/4016 4151/4060/4014 4127/4061/4015
f 4152/4062/4016 4127/4061/4015 4126/4063/4017
f 4139/4037/3991 4152/4062/4016 4126/4063/4017
f 4139/4037/3991 4126/4063/4017 4125/4038/3992
f 4125/4038/3992 4126/4063/4017 4124/4006/3962
f 4125/4038/3992 4124/4006/3962 4111/4004/3960
f 4126/4063/4017 4127/4061/4015 4123/4008/3964
f 4126/4063/4017 4123/4008/3964 4124/4006/3962
f 4127/4061/4015 4128/4059/4013 4122/4010/3966
f 4127/4061/4015 4122/4010/3966 4123/4008/3964
f 4128/4059/4013 4129/4058/4012 4120/4012/3968
f 4128/4059/4013 4120/4012/3968 4122/4010/3966
f 4130/4055/4009 4131/4053/4007 4119/4015/3971
f 4130/4055/4009 4119/4015/3971 4121/4014/3970
f 4131/4053/4007 4132/4051/4005 4118/4018/3974
f 4131/4053/4007 4118/4018/3974 4119/4015/3971
f 4132/4051/4005 4133/4049/4003 4117/4020/3976
f 4132/4051/4005 4117/4020/3976 4118/4018/3974
f 4133/4049/4003 4134/4047/4001 4116/3994/3950
f 4133/4049/4003 4116/3994/3950 4117/4020/3976
f 4134/4047/4001 4135/4045/3999 4115/3995/3951
f 4134/4047/4001 4115/3995/3951 4116/3994/3950
f 4135/4045/3999 4136/4044/3998 4113/3998/3954
f 4135/4045/3999 4113/3998/3954 4115/3995/3951
f 4137/4041/3995 4138/4039/3993 4112/4001/3957
f 4137/4041/3995 4112/4001/3957 4114/4000/3956
f 4138/4039/3993 4125/4038/3992 4111/4004/3960
f 4138/4039/3993 4111/4004/3960 4112/4001/3957
f 4168/4064/4018 4167/4065/4019 4153/4066/4020
f 4168/4064/4018 4153/4066/4020 4166/4067/4021
f 4170/4068/4022 4168/4064/4018 4166/4067/4021
f 4170/4068/4022 4166/4067/4021 4165/4069/4023
f 4171/4070/4024 4169/4071/4025 4164/4072/4026
f 4171/4070/4024 4164/4072/4026 4163/4073/4027
f 4172/4074/4028 4171/4070/4024 4163/4073/4027
f 4172/4074/4028 4163/4073/4027 4162/4075/4029
f 4173/4076/4030 4172/4074/4028 4162/4075/4029
f 4173/4076/4030 4162/4075/4029 4161/4077/4031
f 4174/4078/4032 4173/4076/4030 4161/4077/4031
f 4174/4078/4032 4161/4077/4031 4160/4079/4033
f 4175/4080/4034 4174/4078/4032 4160/4079/4033
f 4175/4080/4034 4160/4079/4033 4159/4081/4035
f 4177/4082/4036 4175/4080/4034 4159/4081/4035
f 4177/4082/4036 4159/4081/4035 4158/4083/4037
f 4178/4084/4038 4176/4085/4039 4157/4086/4040
f 4178/4084/4038 4157/4086/4040 4156/4087/4041
f 4179/4088/4042 4178/4084/4038 4156/4087/4041
f 4179/4088/4042 4156/4087/4041 4155/4089/4043
f 4180/4090/4044 4179/4088/4042 4155/4089/4043
f 4180/4090/4044 4155/4089/4043 4154/4091/4045
f 4167/4065/4019 4180/4090/4044 4154/4091/4045
f 4167/4065/4019 4154/4091/4045 4153/4066/4020
f 4153/4066/4020 4154/4091/4045 4152/4062/4016
f 4153/4066/4020 4152/4062/4016 4139/4037/3991
f 4154/4091/4045 4155/4089/4043 4151/4060/4014
f 4154/4091/4045 4151/4060/4014 4152/4062/4016
f 4155/4089/4043 4156/4087/4041 4150/4056/4010
f 4155/4089/4043 4150/4056/4010 4151/4060/4014
f 4156/4087/4041 4157/4086/4040 4148/4057/4011
f 4156/4087/4041 4148/4057/4011 4150/4056/4010
f 4158/4083/4037 4159/4081/4035 4147/4052/4006
f 4158/4083/4037 4147/4052/4006 4149/4054/4008
f 4159/4081/4035 4160/4079/4033 4146/4050/4004
f 4159/4081/4035 4146/4050/4004 4147/4052/4006
f 4160/4079/4033 4161/4077/4031 4145/4048/4002
f 4160/4079/4033 4145/4048/4002 4146/4050/4004
f 4161/4077/4031 4162/4075/4029 4144/4046/4000
f 4161/4077/4031 4144/4046/4000 4145/4048/4002
f 4162/4075/4029 4163/4073/4027 4143/4042/3996
f 4162/4075/4029 4143/4042/3996 4144/4046/4000
f 4163/4073/4027 4164/4072/4026 4141/4043/3997
f 4163/4073/4027 4141/4043/3997 4143/4042/3996
f 4165/4069/4023 4166/4067/4021 4140/4036/3990
f 4165/4069/4023 4140/4036/3990 4142/4040/3994
f 4166/4067/4021 4153/4066/4020 4139/4037/3991
f 4166/4067/4021 4139/4037/3991 4140/4036/3990
f 4079/4092/4046 4081/4093/4047 4209/4094/4048
f 4079/4092/4046 4209/4094/4048 4222/4095/4049
f 4077/4096/4050 4079/4092/4046 4222/4095/4049
f 4077/4096/4050 4222/4095/4049 4221/4097/4051
f 4074/4098/4052 4076/4099/4053 4220/4100/4054
f 4074/4098/4052 4220/4100/4054 4219/4101/4055
f 4072/4102/4056 4074/4098/4052 4219/4101/4055
f 4072/4102/4056 4219/4101/4055 4218/4103/4057
f 4096/4104/4058 4072/4102/4056 4218/4103/4057
f 4096/4104/4058 4218/4103/4057 4217/4105/4059
f 4094/4106/4060 4096/4104/4058 4217/4105/4059
f 4094/4106/4060 4217/4105/4059 4216/4107/4061
f 4092/4108/4062 4094/4106/4060 4216/4107/4061
f 4092/4108/4062 4216/4107/4061 4215/4109/4063
f 4090/4110/4064 4092/4108/4062 4215/4109/4063
f 4090/4110/4064 4215/4109/4063 4214/4111/4065
f 4086/4112/4066 4089/4113/4067 4213/4114/4068
f 4086/4112/4066 4213/4114/4068 4212/4115/4069
f 4085/4116/4070 4086/4112/4066 4212/4115/4069
f 4085/4116/4070 4212/4115/4069 4211/4117/4071
f 4083/4118/4072 4085/4116/4070 4211/4117/4071
f 4083/4118/4072 4211/4117/4071 4210/4119/4073
f 4081/4093/4047 4083/4118/4072 4210/4119/4073
f 4081/4093/4047 4210/4119/4073 4209/4094/4048
f 4181/4120/4074 4182/4121/4075 4180/4090/4044
f 4181/4120/4074 4180/4090/4044 4167/4065/4019
f 4182/4121/4075 4183/4122/4076 4179/4088/4042
f 4182/4121/4075 4179/4088/4042 4180/4090/4044
f 4183/4122/4076 4184/4123/4077 4178/4084/4038
f 4183/4122/4076 4178/4084/4038 4179/4088/4042
f 4184/4123/4077 4185/4124/4078 4176/4085/4039
f 4184/4123/4077 4176/4085/4039 4178/4084/4038
f 4186/4125/4079 4187/4126/4080 4175/4080/4034
f 4186/4125/4079 4175/4080/4034 4177/4082/4036
f 4187/4126/4080 4188/4127/4081 4174/4078/4032
f 4187/4126/4080 4174/4078/4032 4175/4080/4034
f 4188/4127/4081 4189/4128/4082 4173/4076/4030
f 4188/4127/4081 4173/4076/4030 4174/4078/4032
f 4189/4128/4082 4190/4129/4083 4172/4074/4028
f 4189/4128/4082 4172/4074/4028 4173/4076/4030
f 4190/4129/4083 4191/4130/4084 4171/4070/4024
f 4190/4129/4083 4171/4070/4024 4172/4074/4028
f 4191/4130/4084 4192/4131/4085 4169/4071/4025
f 4191/4130/4084 4169/4071/4025 4171/4070/4024
f 4193/4132/4086 4194/4133/4087 4168/4064/4018
f 4193/4132/4086 4168/4064/4018 4170/4068/4022
f 4194/4133/4087 4181/4120/4074 4167/4065/4019
f 4194/4133/4087 4167/4065/4019 4168/4064/4018
f 4195/4134/4088 4196/4135/4089 4191/4130/4084
f 4195/4134/4088 4191/4130/4084 4190/4129/4083
f 4196/4135/4089 4197/4136/4090 4192/4131/4085
f 4196/4135/4089 4192/4131/4085 4191/4130/4084
f 4198/4137/4091 4199/4138/4092 4194/4133/4087
f 4198/4137/4091 4194/4133/4087 4193/4132/4086
f 4199/4138/4092 4200/4139/4093 4181/4120/4074
f 4199/4138/4092 4181/4120/4074 4194/4133/4087
f 4200/4139/4093 4201/4140/4094 4182/4121/4075
f 4200/4139/4093 4182/4121/4075 4181/4120/4074
f 4201/4140/4094 4202/4141/4095 4183/4122/4076
f 4201/4140/4094 4183/4122/4076 4182/4121/4075
f 4202/4141/4095 4203/4142/4096 4184/4123/4077
f 4202/4141/4095 4184/4123/4077 4183/4122/4076
f 4203/4142/4096 4204/4143/4097 4185/4124/4078
f 4203/4142/4096 4185/4124/4078 4184/4123/4077
f 4205/4144/4098 4206/4145/4099 4187/4126/4080
f 4205/4144/4098 4187/4126/4080 4186/4125/4079
f 4206/4145/4099 4207/4146/4100 4188/4127/4081
f 4206/4145/4099 4188/4127/4081 4187/4126/4080
f 4207/4146/4100 4208/4147/4101 4189/4128/4082
f 4207/4146/4100 4189/4128/4082 4188/4127/4081
f 4208/4147/4101 4195/4134/4088 4190/4129/4083
f 4208/4147/4101 4190/4129/4083 4189/4128/4082
f 4209/4094/4048 4210/4119/4073 4201/4140/4094
f 4209/4094/4048 4201/4140/4094 4200/4139/4093
f 4210/4119/4073 4211/4117/4071 4202/4141/4095
f 4210/4119/4073 4202/4141/4095 4201/4140/4094
f 4211/4117/4071 4212/4115/4069 4203/4142/4096
f 4211/4117/4071 4203/4142/4096 4202/4141/4095
f 4212/4115/4069 4213/4114/4068 4204/4143/4097
f 4212/4115/4069 4204/4143/4097 4203/4142/4096
f 4214/4111/4065 4215/4109/4063 4206/4145/4099
f 4214/4111/4065 4206/4145/4099 4205/4144/4098
f 4215/4109/4063 4216/4107/4061 4207/4146/4100
f 4215/4109/4063 4207/4146/4100 4206/4145/4099
f 4216/4107/4061 4217/4105/4059 4208/4147/4101
f 4216/4107/4061 4208/4147/4101 4207/4146/4100
f 4217/4105/4059 4218/4103/4057 4195/4134/4088
f 4217/4105/4059 4195/4134/4088 4208/4147/4101
f 4218/4103/4057 4219/4101/4055 4196/4135/4089
f 4218/4103/4057 4196/4135/4089 4195/4134/4088
f 4219/4101/4055 4220/4100/4054 4197/4136/4090
f 4219/4101/4055 4197/4136/4090 4196/4135/4089
f 4221/4097/4051 4222/4095/4049 4199/4138/4092
f 4221/4097/4051 4199/4138/4092 4198/4137/4091
f 4222/4095/4049 4209/4094/4048 4200/4139/4093
f 4222/4095/4049 4200/4139/4093 4199/4138/4092
f 4240/4148/4102 4238/4149/4103 4253/4150/4104
f 4240/4148/4102 4253/4150/4104 4230/4151/4105
f 4223/4152/4106 4249/4153/4107 4256/2867/2821
f 4223/4152/4106 4256/2867/2821 4239/2866/2820
f 4250/4154/4108 4241/4155/4109 4240/4148/4102
f 4250/4154/4108 4240/4148/4102 4230/4151/4105
f 4250/4154/4108 4271/4156/4110 4270/4157/4111
f 4250/4154/4108 4270/4157/4111 4241/4155/4109
f 4986/4158/4112 4998/4159/4113 2927/4160/2829
f 4986/4158/4112 2927/4160/2829 2932/4161/4114
f 4071/4162/4115 4095/4163/4116 4225/4164/4117
f 4071/4162/4115 4225/4164/4117 4246/4165/4118
f 4075/4166/4119 4073/4167/4120 4226/4168/4121
f 4075/4166/4119 4226/4168/4121 4247/4169/4122
f 4247/4169/4122 4227/4170/4123 4228/4171/4124
f 4247/4169/4122 4228/4171/4124 4257/4172/4125
f 4273/4173/4126 4272/4156/4127 4251/4154/4128
f 4273/4173/4126 4251/4154/4128 4234/4174/4129
f 4252/4150/4130 4231/4175/4131 4084/4176/4132
f 4252/4150/4130 4084/4176/4132 4082/4177/4133
f 4080/4178/4134 4232/4179/4135 4252/4150/4130
f 4080/4178/4134 4252/4150/4130 4082/4177/4133
f 4260/4180/4136 4232/4179/4135 4080/4178/4134
f 4260/4180/4136 4080/4178/4134 4078/4181/4137
f 4235/4182/4138 4259/4183/4139 4234/4174/4129
f 4235/4182/4138 4234/4174/4129 4260/4180/4136
f 4253/4150/4104 4238/4149/4103 4237/4184/4140
f 4253/4150/4104 4237/4184/4140 4231/4175/4131
f 4987/4185/4141 4997/4186/4142 2924/4187/4143
f 4987/4185/4141 2924/4187/4143 4243/4188/2858
f 4859/4189/4144 4981/4190/4145 4982/4191/4146
f 4859/4189/4144 4982/4191/4146 4813/4192/4147
f 4224/4193/4148 4246/4165/4118 4225/4164/4117
f 4224/4193/4148 4225/4164/4117 4244/4194/4149
f 4226/4168/4121 4246/4165/4118 4224/4193/4148
f 4226/4168/4121 4224/4193/4148 4245/4195/4150
f 4227/4170/4123 4247/4169/4122 4226/4168/4121
f 4227/4170/4123 4226/4168/4121 4245/4195/4150
f 4226/4168/4121 4073/4167/4120 4071/4162/4115
f 4226/4168/4121 4071/4162/4115 4246/4165/4118
f 4996/4196/4151 4986/4158/4112 2932/4161/4114
f 4996/4196/4151 2932/4161/4114 2934/4197/4152
f 4236/4198/4153 4075/4166/4119 4247/4169/4122
f 4236/4198/4153 4247/4169/4122 4257/4172/4125
f 4251/4154/4128 4229/4151/4154 4252/4150/4130
f 4251/4154/4128 4252/4150/4130 4232/4179/4135
f 4260/4180/4136 4234/4174/4129 4251/4154/4128
f 4260/4180/4136 4251/4154/4128 4232/4179/4135
f 4258/4199/4155 2941/2915/2875 4255/2867/2874
f 4258/4199/4155 4255/2867/2874 4248/4153/4156
f 4233/4200/4157 4254/2917/2877 2941/2915/2875
f 4233/4200/4157 2941/2915/2875 4258/4199/4155
f 4234/4174/4129 4259/4183/4139 4274/4201/4158
f 4234/4174/4129 4274/4201/4158 4273/4173/4126
f 4078/4181/4137 4261/4202/4159 4235/4182/4138
f 4078/4181/4137 4235/4182/4138 4260/4180/4136
f 4075/4166/4119 4236/4198/4153 4261/4202/4159
f 4075/4166/4119 4261/4202/4159 4078/4181/4137
f 4237/4184/4140 4262/4203/4160 4084/4176/4132
f 4237/4184/4140 4084/4176/4132 4231/4175/4131
f 4084/4176/4132 4262/4203/4160 4263/4204/4161
f 4084/4176/4132 4263/4204/4161 4087/4205/4162
f 4087/4205/4162 4263/4204/4161 4264/4206/4163
f 4087/4205/4162 4264/4206/4163 4088/4207/4164
f 4264/4206/4163 4265/4208/4165 4091/4209/4166
f 4264/4206/4163 4091/4209/4166 4088/4207/4164
f 4091/4209/4166 4265/4208/4165 4266/4210/4167
f 4091/4209/4166 4266/4210/4167 4093/4211/4168
f 4266/4210/4167 4267/4212/4169 4095/4163/4116
f 4266/4210/4167 4095/4163/4116 4093/4211/4168
f 4095/4163/4116 4267/4212/4169 4268/4213/4170
f 4095/4163/4116 4268/4213/4170 4225/4164/4117
f 4268/4213/4170 4269/4214/4171 4244/4194/4149
f 4268/4213/4170 4244/4194/4149 4225/4164/4117
f 4997/4186/4142 4988/4215/4172 2973/4216/2892
f 4997/4186/4142 2973/4216/2892 2924/4187/4143
f 4271/4156/4110 4249/4153/4107 4223/4152/4106
f 4271/4156/4110 4223/4152/4106 4270/4157/4111
f 4258/4199/4155 4248/4153/4156 4272/4156/4127
f 4258/4199/4155 4272/4156/4127 4273/4173/4126
f 4273/4173/4126 4274/4201/4158 4233/4200/4157
f 4273/4173/4126 4233/4200/4157 4258/4199/4155
f 4750/4217/4173 4245/4195/4150 4224/4193/4148
f 4750/4217/4173 4224/4193/4148 4749/4218/4174
f 4295/4219/4175 4294/4220/4176 4257/4172/4125
f 4295/4219/4175 4257/4172/4125 4228/4171/4124
f 4294/4220/4176 4293/4221/4177 4236/4198/4153
f 4294/4220/4176 4236/4198/4153 4257/4172/4125
f 4293/4221/4177 4292/4222/4178 4261/4202/4159
f 4293/4221/4177 4261/4202/4159 4236/4198/4153
f 4292/4222/4178 4291/4223/4179 4235/4182/4138
f 4292/4222/4178 4235/4182/4138 4261/4202/4159
f 4291/4223/4179 4290/4224/4180 4259/4183/4139
f 4291/4223/4179 4259/4183/4139 4235/4182/4138
f 4290/4224/4180 4289/4225/4181 4274/4201/4158
f 4290/4224/4180 4274/4201/4158 4259/4183/4139
f 4289/4225/4181 4288/4226/4182 4233/4200/4157
f 4289/4225/4181 4233/4200/4157 4274/4201/4158
f 4288/4226/4182 2990/2944/2904 4254/2917/2877
f 4288/4226/4182 4254/2917/2877 4233/4200/4157
f 4286/4227/4183 4287/2948/2908 3011/2947/2907
f 4286/4227/4183 3011/2947/2907 4303/4228/4184
f 4285/4229/4185 4286/4227/4183 4303/4228/4184
f 4285/4229/4185 4303/4228/4184 4302/4230/4186
f 4284/4231/4187 4285/4229/4185 4302/4230/4186
f 4284/4231/4187 4302/4230/4186 4301/4232/4188
f 4283/4233/4189 4284/4231/4187 4301/4232/4188
f 4283/4233/4189 4301/4232/4188 4300/4234/4190
f 4281/4235/4191 4283/4233/4189 4300/4234/4190
f 4281/4235/4191 4300/4234/4190 4299/4236/4192
f 4279/4237/4193 4281/4235/4191 4299/4236/4192
f 4279/4237/4193 4299/4236/4192 4298/4238/4194
f 4278/4239/4195 4279/4237/4193 4298/4238/4194
f 4278/4239/4195 4298/4238/4194 4297/4240/4196
f 4277/4241/4197 4278/4239/4195 4297/4240/4196
f 4277/4241/4197 4297/4240/4196 4296/4242/4198
f 4753/4243/4199 4295/4219/4175 4228/4171/4124
f 4753/4243/4199 4228/4171/4124 4746/4244/4200
f 4752/4245/4201 4277/4241/4197 4296/4242/4198
f 4752/4245/4201 4296/4242/4198 4754/4246/4202
f 4296/4242/4198 4297/4240/4196 4294/4220/4176
f 4296/4242/4198 4294/4220/4176 4295/4219/4175
f 4297/4240/4196 4298/4238/4194 4293/4221/4177
f 4297/4240/4196 4293/4221/4177 4294/4220/4176
f 4298/4238/4194 4299/4236/4192 4292/4222/4178
f 4298/4238/4194 4292/4222/4178 4293/4221/4177
f 4299/4236/4192 4300/4234/4190 4291/4223/4179
f 4299/4236/4192 4291/4223/4179 4292/4222/4178
f 4300/4234/4190 4301/4232/4188 4290/4224/4180
f 4300/4234/4190 4290/4224/4180 4291/4223/4179
f 4301/4232/4188 4302/4230/4186 4289/4225/4181
f 4301/4232/4188 4289/4225/4181 4290/4224/4180
f 4302/4230/4186 4303/4228/4184 4288/4226/4182
f 4302/4230/4186 4288/4226/4182 4289/4225/4181
f 4303/4228/4184 3011/2947/2907 2990/2944/2904
f 4303/4228/4184 2990/2944/2904 4288/4226/4182
f 4286/4227/4183 4304/4247/4203 4305/2967/2927
f 4286/4227/4183 4305/2967/2927 4287/2948/2908
f 4304/4247/4203 4286/4227/4183 4285/4229/4185
f 4304/4247/4203 4285/4229/4185 4306/4248/4204
f 4285/4229/4185 4284/4231/4187 4307/4249/4205
f 4285/4229/4185 4307/4249/4205 4306/4248/4204
f 4307/4249/4205 4284/4231/4187 4282/4233/4206
f 4307/4249/4205 4282/4233/4206 4308/4250/4207
f 4282/4233/4206 4280/4235/4208 4309/4251/4209
f 4282/4233/4206 4309/4251/4209 4308/4250/4207
f 4309/4251/4209 4280/4235/4208 4279/4237/4193
f 4309/4251/4209 4279/4237/4193 4310/4252/4210
f 4279/4237/4193 4278/4239/4195 4311/4253/4211
f 4279/4237/4193 4311/4253/4211 4310/4252/4210
f 4311/4253/4211 4278/4239/4195 4277/4241/4197
f 4311/4253/4211 4277/4241/4197 4312/4254/4212
f 4999/4255/4213 4275/4256/4214 3020/4257/4215
f 4999/4255/4213 3020/4257/4215 4990/4258/4216
f 4754/4246/4202 4296/4242/4198 4295/4219/4175
f 4754/4246/4202 4295/4219/4175 4753/4243/4199
f 4313/4259/4217 4343/4260/4218 4342/4261/4219
f 4313/4259/4217 4342/4261/4219 4312/4254/4212
f 4317/4262/4220 4315/4263/4221 4318/4264/4222
f 4317/4262/4220 4318/4264/4222 4320/4265/4223
f 4357/4266/4224 4324/4267/4225 4326/4268/4226
f 4357/4266/4224 4326/4268/4226 4359/4269/4227
f 4306/4248/4204 4307/4249/4205 4337/4270/4228
f 4306/4248/4204 4337/4270/4228 4336/4271/4229
f 4336/4271/4229 4335/4272/4230 4304/4247/4203
f 4336/4271/4229 4304/4247/4203 4306/4248/4204
f 4304/4247/4203 4335/4272/4230 4334/2994/2956
f 4304/4247/4203 4334/2994/2956 4305/2967/2927
f 4308/4250/4207 4338/4273/4231 4337/4270/4228
f 4308/4250/4207 4337/4270/4228 4307/4249/4205
f 4338/4273/4231 4308/4250/4207 4309/4251/4209
f 4338/4273/4231 4309/4251/4209 4339/4274/4232
f 4309/4251/4209 4310/4252/4210 4340/4275/4233
f 4309/4251/4209 4340/4275/4233 4339/4274/4232
f 4340/4275/4233 4310/4252/4210 4311/4253/4211
f 4340/4275/4233 4311/4253/4211 4341/4276/4234
f 4311/4253/4211 4312/4254/4212 4342/4261/4219
f 4311/4253/4211 4342/4261/4219 4341/4276/4234
f 4335/4272/4230 4329/4277/4235 3037/2999/2961
f 4335/4272/4230 3037/2999/2961 4334/2994/2956
f 4328/4278/4236 4329/4277/4235 4335/4272/4230
f 4328/4278/4236 4335/4272/4230 4336/4271/4229
f 4336/4271/4229 4337/4270/4228 4327/4279/4237
f 4336/4271/4229 4327/4279/4237 4328/4278/4236
f 4338/4273/4231 4330/4280/4238 4327/4279/4237
f 4338/4273/4231 4327/4279/4237 4337/4270/4228
f 4330/4280/4238 4338/4273/4231 4339/4274/4232
f 4330/4280/4238 4339/4274/4232 4331/4281/4239
f 4339/4274/4232 4340/4275/4233 4332/4282/4240
f 4339/4274/4232 4332/4282/4240 4331/4281/4239
f 4332/4282/4240 4340/4275/4233 4341/4276/4234
f 4332/4282/4240 4341/4276/4234 4333/4283/4241
f 4341/4276/4234 4342/4261/4219 4317/4262/4220
f 4341/4276/4234 4317/4262/4220 4333/4283/4241
f 4343/4260/4218 4315/4263/4221 4317/4262/4220
f 4343/4260/4218 4317/4262/4220 4342/4261/4219
f 4329/4277/4235 4345/4284/4242 4346/3007/2969
f 4329/4277/4235 4346/3007/2969 3037/2999/2961
f 4346/3007/2969 4345/4284/4242 4347/4285/4243
f 4346/3007/2969 4347/4285/4243 3054/3009/2971
f 4347/4285/4243 4348/4286/4244 4351/3011/2973
f 4347/4285/4243 4351/3011/2973 3054/3009/2971
f 4329/4277/4235 4328/4278/4236 4353/4287/4245
f 4329/4277/4235 4353/4287/4245 4345/4284/4242
f 4353/4287/4245 4354/4288/4246 4347/4285/4243
f 4353/4287/4245 4347/4285/4243 4345/4284/4242
f 4347/4285/4243 4354/4288/4246 4355/4289/4247
f 4347/4285/4243 4355/4289/4247 4348/4286/4244
f 4318/4264/4222 4357/4266/4224 4359/4269/4227
f 4318/4264/4222 4359/4269/4227 4320/4265/4223
f 4360/4290/4248 3065/4291/4249 4352/4292/4250
f 4360/4290/4248 4352/4292/4250 4349/4293/4251
f 4363/4294/4252 4362/4295/4253 3065/4291/4249
f 4363/4294/4252 3065/4291/4249 4360/4290/4248
f 4366/4296/4254 4365/4297/4255 4362/4295/4253
f 4366/4296/4254 4362/4295/4253 4363/4294/4252
f 4359/4269/4227 4326/4268/4226 4365/4297/4255
f 4359/4269/4227 4365/4297/4255 4366/4296/4254
f 4356/4298/4256 4367/4299/4257 4360/4290/4248
f 4356/4298/4256 4360/4290/4248 4349/4293/4251
f 4360/4290/4248 4367/4299/4257 4368/4300/4258
f 4360/4290/4248 4368/4300/4258 4363/4294/4252
f 4368/4300/4258 4369/4301/4259 4366/4296/4254
f 4368/4300/4258 4366/4296/4254 4363/4294/4252
f 4366/4296/4254 4369/4301/4259 4320/4265/4223
f 4366/4296/4254 4320/4265/4223 4359/4269/4227
f 4328/4278/4236 4327/4279/4237 4386/4302/4260
f 4328/4278/4236 4386/4302/4260 4353/4287/4245
f 4386/4302/4260 4327/4279/4237 4330/4280/4238
f 4386/4302/4260 4330/4280/4238 4387/4303/4261
f 4330/4280/4238 4331/4281/4239 4388/4304/4262
f 4330/4280/4238 4388/4304/4262 4387/4303/4261
f 4388/4304/4262 4331/4281/4239 4332/4282/4240
f 4388/4304/4262 4332/4282/4240 4389/4305/4263
f 4332/4282/4240 4333/4283/4241 4390/4306/4264
f 4332/4282/4240 4390/4306/4264 4389/4305/4263
f 4390/4306/4264 4333/4283/4241 4317/4262/4220
f 4390/4306/4264 4317/4262/4220 4320/4265/4223
f 4353/4287/4245 4386/4302/4260 4406/4307/4265
f 4353/4287/4245 4406/4307/4265 4404/4308/4266
f 4401/4309/4267 4354/4288/4246 4353/4287/4245
f 4401/4309/4267 4353/4287/4245 4404/4308/4266
f 4354/4288/4246 4401/4309/4267 4397/4310/4268
f 4354/4288/4246 4397/4310/4268 4355/4289/4247
f 4395/4311/4269 4367/4299/4257 4356/4298/4256
f 4395/4311/4269 4356/4298/4256 4398/4312/4270
f 4367/4299/4257 4395/4311/4269 4393/4313/4271
f 4367/4299/4257 4393/4313/4271 4368/4300/4258
f 4391/4314/4272 4369/4301/4259 4368/4300/4258
f 4391/4314/4272 4368/4300/4258 4393/4313/4271
f 4387/4303/4261 4408/4315/4273 4406/4307/4265
f 4387/4303/4261 4406/4307/4265 4386/4302/4260
f 4408/4315/4273 4387/4303/4261 4388/4304/4262
f 4408/4315/4273 4388/4304/4262 4410/4316/4274
f 4389/4305/4263 4412/4317/4275 4410/4316/4274
f 4389/4305/4263 4410/4316/4274 4388/4304/4262
f 4412/4317/4275 4389/4305/4263 4390/4306/4264
f 4412/4317/4275 4390/4306/4264 4415/4318/4276
f 4320/4265/4223 4374/4319/4277 4415/4318/4276
f 4320/4265/4223 4415/4318/4276 4390/4306/4264
f 4369/4301/4259 4391/4314/4272 4374/4319/4277
f 4369/4301/4259 4374/4319/4277 4320/4265/4223
f 4392/4320/4278 4416/3074/3036 4429/3077/3039
f 4392/4320/4278 4429/3077/3039 4373/4321/4279
f 4416/3074/3036 4392/4320/4278 4394/4322/4280
f 4416/3074/3036 4394/4322/4280 4417/4323/4281
f 4396/4324/4282 4418/4325/4283 4417/4323/4281
f 4396/4324/4282 4417/4323/4281 4394/4322/4280
f 4418/4325/4283 4396/4324/4282 4400/4326/4284
f 4418/4325/4283 4400/4326/4284 4420/4327/4285
f 4402/4328/4286 4421/4329/4287 4419/4330/4288
f 4402/4328/4286 4419/4330/4288 4399/4331/4289
f 4421/4329/4287 4402/4328/4286 4403/4332/4290
f 4421/4329/4287 4403/4332/4290 4422/4333/4291
f 4403/4332/4290 4405/4334/4292 4423/4335/4293
f 4403/4332/4290 4423/4335/4293 4422/4333/4291
f 4407/4336/4294 4424/4337/4295 4423/4335/4293
f 4407/4336/4294 4423/4335/4293 4405/4334/4292
f 4424/4337/4295 4407/4336/4294 4409/4338/4274
f 4424/4337/4295 4409/4338/4274 4425/4339/4296
f 4411/4340/4297 4426/4341/4298 4425/4339/4296
f 4411/4340/4297 4425/4339/4296 4409/4338/4274
f 4426/4341/4298 4411/4340/4297 4414/4342/4299
f 4426/4341/4298 4414/4342/4299 4428/4343/4300
f 4373/4321/4279 4429/3077/3039 4427/4344/4301
f 4373/4321/4279 4427/4344/4301 4413/4345/4302
f 3408/3351/3314 3375/3350/3313 3374/3347/3310
f 3408/3351/3314 3374/3347/3310 3405/3346/3309
f 4380/4346/4303 4372/3075/3037 4416/3074/3036
f 4380/4346/4303 4416/3074/3036 4417/4323/4281
f 4418/4325/4283 4371/4347/4304 4380/4346/4303
f 4418/4325/4283 4380/4346/4303 4417/4323/4281
f 4379/4348/4305 4371/4347/4304 4418/4325/4283
f 4379/4348/4305 4418/4325/4283 4420/4327/4285
f 4421/4329/4287 4370/4349/4306 4378/4350/4307
f 4421/4329/4287 4378/4350/4307 4419/4330/4288
f 4422/4333/4291 4377/4351/4308 4370/4349/4306
f 4422/4333/4291 4370/4349/4306 4421/4329/4287
f 4422/4333/4291 4423/4335/4293 4385/4352/4309
f 4422/4333/4291 4385/4352/4309 4377/4351/4308
f 4424/4337/4295 4376/4353/4310 4385/4352/4309
f 4424/4337/4295 4385/4352/4309 4423/4335/4293
f 4425/4339/4296 4384/4354/4311 4376/4353/4310
f 4425/4339/4296 4376/4353/4310 4424/4337/4295
f 4426/4341/4298 4375/4355/4312 4384/4354/4311
f 4426/4341/4298 4384/4354/4311 4425/4339/4296
f 4428/4343/4300 4382/4356/4313 4375/4355/4312
f 4428/4343/4300 4375/4355/4312 4426/4341/4298
f 4429/3077/3039 4381/3076/3038 4383/4357/4314
f 4429/3077/3039 4383/4357/4314 4427/4344/4301
f 4471/4358/4315 4377/4351/4308 4385/4352/4309
f 4471/4358/4315 4385/4352/4309 4458/4359/4316
f 4458/4359/4316 4385/4352/4309 4376/4353/4310
f 4458/4359/4316 4376/4353/4310 4459/4360/4317
f 4459/4360/4317 4376/4353/4310 4384/4354/4311
f 4459/4360/4317 4384/4354/4311 4460/4361/4318
f 4460/4361/4318 4384/4354/4311 4375/4355/4312
f 4460/4361/4318 4375/4355/4312 4461/4362/4319
f 4461/4362/4319 4375/4355/4312 4382/4356/4313
f 4461/4362/4319 4382/4356/4313 4462/4363/4320
f 4463/4364/4320 4383/4357/4314 4381/3076/3038
f 4463/4364/4320 4381/3076/3038 4464/4365/4321
f 4464/4365/4321 4381/3076/3038 4372/3075/3037
f 4464/4365/4321 4372/3075/3037 4465/4366/4322
f 4465/4366/4322 4372/3075/3037 4380/4346/4303
f 4465/4366/4322 4380/4346/4303 4466/4367/4323
f 4466/4367/4323 4380/4346/4303 4371/4347/4304
f 4466/4367/4323 4371/4347/4304 4467/4368/4324
f 4467/4368/4324 4371/4347/4304 4379/4348/4305
f 4467/4368/4324 4379/4348/4305 4469/4369/4325
f 4468/4370/4326 4378/4350/4307 4370/4349/4306
f 4468/4370/4326 4370/4349/4306 4470/4371/4327
f 4470/4371/4327 4370/4349/4306 4377/4351/4308
f 4470/4371/4327 4377/4351/4308 4471/4358/4315
f 4511/4372/4328 4441/4373/4329 4443/4374/4330
f 4511/4372/4328 4443/4374/4330 4513/4375/4331
f 4513/4375/4331 4443/4374/4330 4430/4376/4332
f 4513/4375/4331 4430/4376/4332 4500/4377/4333
f 4500/4377/4333 4430/4376/4332 4431/4378/4334
f 4500/4377/4333 4431/4378/4334 4501/4379/4335
f 4501/4379/4335 4431/4378/4334 4432/4380/4336
f 4501/4379/4335 4432/4380/4336 4502/4381/4337
f 4502/4381/4337 4432/4380/4336 4433/4382/4338
f 4502/4381/4337 4433/4382/4338 4503/4383/4339
f 4503/4383/4339 4433/4382/4338 4434/4384/4340
f 4503/4383/4339 4434/4384/4340 4504/4385/4341
f 4504/4385/4341 4434/4384/4340 4435/4386/4342
f 4504/4385/4341 4435/4386/4342 4506/4387/4343
f 4505/4388/4344 4436/4389/4345 4437/4390/4346
f 4505/4388/4344 4437/4390/4346 4507/4391/4347
f 4507/4391/4347 4437/4390/4346 4438/4392/4348
f 4507/4391/4347 4438/4392/4348 4508/4393/4349
f 4508/4393/4349 4438/4392/4348 4439/4394/4350
f 4508/4393/4349 4439/4394/4350 4509/4395/4351
f 4509/4395/4351 4439/4394/4350 4440/4396/4352
f 4509/4395/4351 4440/4396/4352 4510/4397/4353
f 4510/4397/4353 4440/4396/4352 4442/4398/4354
f 4510/4397/4353 4442/4398/4354 4512/4399/4355
f 4486/4400/4356 4472/4401/4357 4485/4402/4358
f 4486/4400/4356 4485/4402/4358 4487/4403/4359
f 4487/4403/4359 4485/4402/4358 4484/4404/4360
f 4487/4403/4359 4484/4404/4360 4488/4405/4361
f 4488/4405/4361 4484/4404/4360 4483/4406/4362
f 4488/4405/4361 4483/4406/4362 4489/4407/4363
f 4489/4407/4363 4483/4406/4362 4482/4408/4364
f 4489/4407/4363 4482/4408/4364 4490/4409/4365
f 4491/4410/4366 4481/4411/4367 4480/4412/4368
f 4491/4410/4366 4480/4412/4368 4492/4413/4369
f 4492/4413/4369 4480/4412/4368 4479/4414/4370
f 4492/4413/4369 4479/4414/4370 4493/4415/4371
f 4493/4415/4371 4479/4414/4370 4478/4416/4372
f 4493/4415/4371 4478/4416/4372 4494/4417/4373
f 4494/4417/4373 4478/4416/4372 4477/4418/4374
f 4494/4417/4373 4477/4418/4374 4495/4419/4375
f 4495/4419/4375 4477/4418/4374 4476/4420/4376
f 4495/4419/4375 4476/4420/4376 4497/4421/4377
f 4496/4422/4378 4475/4423/4376 4474/4424/4379
f 4496/4422/4378 4474/4424/4379 4498/4425/4380
f 4498/4425/4380 4474/4424/4379 4473/4426/4381
f 4498/4425/4380 4473/4426/4381 4499/4427/4382
f 4499/4427/4382 4473/4426/4381 4472/4401/4357
f 4499/4427/4382 4472/4401/4357 4486/4400/4356
f 4473/4426/4381 4471/4358/4315 4458/4359/4316
f 4473/4426/4381 4458/4359/4316 4472/4401/4357
f 4474/4424/4379 4470/4371/4327 4471/4358/4315
f 4474/4424/4379 4471/4358/4315 4473/4426/4381
f 4475/4423/4376 4468/4370/4326 4470/4371/4327
f 4475/4423/4376 4470/4371/4327 4474/4424/4379
f 4477/4418/4374 4467/4368/4324 4469/4369/4325
f 4477/4418/4374 4469/4369/4325 4476/4420/4376
f 4478/4416/4372 4466/4367/4323 4467/4368/4324
f 4478/4416/4372 4467/4368/4324 4477/4418/4374
f 4479/4414/4370 4465/4366/4322 4466/4367/4323
f 4479/4414/4370 4466/4367/4323 4478/4416/4372
f 4480/4412/4368 4464/4365/4321 4465/4366/4322
f 4480/4412/4368 4465/4366/4322 4479/4414/4370
f 4481/4411/4367 4463/4364/4320 4464/4365/4321
f 4481/4411/4367 4464/4365/4321 4480/4412/4368
f 4483/4406/4362 4461/4362/4319 4462/4363/4320
f 4483/4406/4362 4462/4363/4320 4482/4408/4364
f 4484/4404/4360 4460/4361/4318 4461/4362/4319
f 4484/4404/4360 4461/4362/4319 4483/4406/4362
f 4485/4402/4358 4459/4360/4317 4460/4361/4318
f 4485/4402/4358 4460/4361/4318 4484/4404/4360
f 4472/4401/4357 4458/4359/4316 4459/4360/4317
f 4472/4401/4357 4459/4360/4317 4485/4402/4358
f 4431/4378/4334 4486/4400/4356 4487/4403/4359
f 4431/4378/4334 4487/4403/4359 4432/4380/4336
f 4432/4380/4336 4487/4403/4359 4488/4405/4361
f 4432/4380/4336 4488/4405/4361 4433/4382/4338
f 4433/4382/4338 4488/4405/4361 4489/4407/4363
f 4433/4382/4338 4489/4407/4363 4434/4384/4340
f 4434/4384/4340 4489/4407/4363 4490/4409/4365
f 4434/4384/4340 4490/4409/4365 4435/4386/4342
f 4436/4389/4345 4491/4410/4366 4492/4413/4369
f 4436/4389/4345 4492/4413/4369 4437/4390/4346
f 4437/4390/4346 4492/4413/4369 4493/4415/4371
f 4437/4390/4346 4493/4415/4371 4438/4392/4348
f 4438/4392/4348 4493/4415/4371 4494/4417/4373
f 4438/4392/4348 4494/4417/4373 4439/4394/4350
f 4439/4394/4350 4494/4417/4373 4495/4419/4375
f 4439/4394/4350 4495/4419/4375 4440/4396/4352
f 4440/4396/4352 4495/4419/4375 4497/4421/4377
f 4440/4396/4352 4497/4421/4377 4442/4398/4354
f 4441/4373/4329 4496/4422/4378 4498/4425/4380
f 4441/4373/4329 4498/4425/4380 4443/4374/4330
f 4443/4374/4330 4498/4425/4380 4499/4427/4382
f 4443/4374/4330 4499/4427/4382 4430/4376/4332
f 4430/4376/4332 4499/4427/4382 4486/4400/4356
f 4430/4376/4332 4486/4400/4356 4431/4378/4334
f 4447/4428/4383 4500/4377/4333 4501/4379/4335
f 4447/4428/4383 4501/4379/4335 4448/4429/4384
f 4448/4429/4384 4501/4379/4335 4502/4381/4337
f 4448/4429/4384 4502/4381/4337 4449/4430/4385
f 4449/4430/4385 4502/4381/4337 4503/4383/4339
f 4449/4430/4385 4503/4383/4339 4450/4431/4386
f 4450/4431/4386 4503/4383/4339 4504/4385/4341
f 4450/4431/4386 4504/4385/4341 4451/4432/4387
f 4451/4432/4387 4504/4385/4341 4506/4387/4343
f 4451/4432/4387 4506/4387/4343 4453/4433/4388
f 4452/4434/4389 4505/4388/4344 4507/4391/4347
f 4452/4434/4389 4507/4391/4347 4454/4435/4390
f 4454/4435/4390 4507/4391/4347 4508/4393/4349
f 4454/4435/4390 4508/4393/4349 4455/4436/4391
f 4455/4436/4391 4508/4393/4349 4509/4395/4351
f 4455/4436/4391 4509/4395/4351 4456/4437/4392
f 4456/4437/4392 4509/4395/4351 4510/4397/4353
f 4456/4437/4392 4510/4397/4353 4457/4438/4393
f 4457/4438/4393 4510/4397/4353 4512/4399/4355
f 4457/4438/4393 4512/4399/4355 4445/4439/4394
f 4444/4440/4395 4511/4372/4328 4513/4375/4331
f 4444/4440/4395 4513/4375/4331 4446/4441/4396
f 4446/4441/4396 4513/4375/4331 4500/4377/4333
f 4446/4441/4396 4500/4377/4333 4447/4428/4383
f 4447/4428/4383 4448/4429/4384 4515/4442/4397
f 4447/4428/4383 4515/4442/4397 4514/4443/4398
f 4540/4444/4399 4541/4445/4400 4517/4446/4401
f 4540/4444/4399 4517/4446/4401 4516/4447/4402
f 4516/4447/4402 4517/4446/4401 4520/4448/4403
f 4516/4447/4402 4520/4448/4403 4519/4449/4404
f 4518/4450/4405 4521/4451/4403 4523/4452/4406
f 4518/4450/4405 4523/4452/4406 4522/4453/4407
f 4518/4450/4405 4522/4453/4407 4527/4454/4408
f 4518/4450/4405 4527/4454/4408 4525/4455/4409
f 4516/4447/4402 4519/4449/4404 4526/4456/4410
f 4516/4447/4402 4526/4456/4410 4524/4457/4411
f 4544/4458/4412 4543/4459/4413 4532/4460/4414
f 4544/4458/4412 4532/4460/4414 4528/4461/4415
f 4540/4444/4399 4544/4458/4412 4528/4461/4415
f 4540/4444/4399 4528/4461/4415 4514/4443/4398
f 4541/4445/4400 4515/4442/4397 4538/4462/4416
f 4541/4445/4400 4538/4462/4416 4545/4463/4417
f 4546/4464/4418 4539/4465/4419 4535/4466/4420
f 4546/4464/4418 4535/4466/4420 4547/4467/4421
f 4547/4467/4421 4535/4466/4420 4534/4468/4422
f 4547/4467/4421 4534/4468/4422 4548/4469/4423
f 4548/4469/4423 4534/4468/4422 4533/4470/4424
f 4548/4469/4423 4533/4470/4424 4549/4471/4425
f 4549/4471/4425 4533/4470/4424 4531/4472/4426
f 4549/4471/4425 4531/4472/4426 4542/4473/4427
f 4527/4454/4408 4549/4471/4425 4542/4473/4427
f 4527/4454/4408 4542/4473/4427 4525/4455/4409
f 4522/4453/4407 4548/4469/4423 4549/4471/4425
f 4522/4453/4407 4549/4471/4425 4527/4454/4408
f 4523/4452/4406 4547/4467/4421 4548/4469/4423
f 4523/4452/4406 4548/4469/4423 4522/4453/4407
f 4521/4451/4403 4546/4464/4418 4547/4467/4421
f 4521/4451/4403 4547/4467/4421 4523/4452/4406
f 4517/4446/4401 4541/4445/4400 4545/4463/4417
f 4517/4446/4401 4545/4463/4417 4520/4448/4403
f 4516/4447/4402 4524/4457/4411 4544/4458/4412
f 4516/4447/4402 4544/4458/4412 4540/4444/4399
f 4524/4457/4411 4526/4456/4410 4543/4459/4413
f 4524/4457/4411 4543/4459/4413 4544/4458/4412
f 4514/4443/4398 4515/4442/4397 4541/4445/4400
f 4514/4443/4398 4541/4445/4400 4540/4444/4399
f 4447/4428/4383 4514/4443/4398 4528/4461/4415
f 4447/4428/4383 4528/4461/4415 4550/4474/4428
f 4446/4441/4396 4447/4428/4383 4550/4474/4428
f 4446/4441/4396 4550/4474/4428 4551/4475/4429
f 4570/4476/4430 4566/4477/4431 4552/4478/4432
f 4570/4476/4430 4552/4478/4432 4553/4479/4433
f 4553/4479/4433 4552/4478/4432 4555/4480/4434
f 4553/4479/4433 4555/4480/4434 4557/4481/4435
f 4556/4482/4436 4554/4483/4437 4558/4484/4438
f 4556/4482/4436 4558/4484/4438 4559/4485/4439
f 4558/4484/4438 4554/4483/4437 4561/4486/4440
f 4558/4484/4438 4561/4486/4440 4563/4487/4441
f 4555/4480/4434 4552/4478/4432 4560/4488/4442
f 4555/4480/4434 4560/4488/4442 4562/4489/4443
f 4571/4490/4444 4560/4488/4442 4552/4478/4432
f 4571/4490/4444 4552/4478/4432 4566/4477/4431
f 4573/4491/4445 4562/4489/4443 4560/4488/4442
f 4573/4491/4445 4560/4488/4442 4571/4490/4444
f 4574/4492/4446 4563/4487/4441 4561/4486/4440
f 4574/4492/4446 4561/4486/4440 4572/4493/4447
f 4574/4492/4446 4533/4470/4424 4564/4494/4448
f 4574/4492/4446 4564/4494/4448 4575/4495/4449
f 4575/4495/4449 4564/4494/4448 4565/4496/4450
f 4575/4495/4449 4565/4496/4450 4576/4497/4451
f 4576/4497/4451 4565/4496/4450 4567/4498/4452
f 4576/4497/4451 4567/4498/4452 4577/4499/4453
f 4570/4476/4430 4578/4500/4454 4568/4501/4455
f 4570/4476/4430 4568/4501/4455 4551/4475/4429
f 4553/4479/4433 4557/4481/4435 4578/4500/4454
f 4553/4479/4433 4578/4500/4454 4570/4476/4430
f 4559/4485/4439 4576/4497/4451 4577/4499/4453
f 4559/4485/4439 4577/4499/4453 4556/4482/4436
f 4558/4484/4438 4575/4495/4449 4576/4497/4451
f 4558/4484/4438 4576/4497/4451 4559/4485/4439
f 4563/4487/4441 4574/4492/4446 4575/4495/4449
f 4563/4487/4441 4575/4495/4449 4558/4484/4438
f 4533/4470/4424 4574/4492/4446 4572/4493/4447
f 4533/4470/4424 4572/4493/4447 4529/4472/4456
f 4530/4460/4457 4573/4491/4445 4571/4490/4444
f 4530/4460/4457 4571/4490/4444 4528/4461/4415
f 4528/4461/4415 4571/4490/4444 4566/4477/4431
f 4528/4461/4415 4566/4477/4431 4550/4474/4428
f 4551/4475/4429 4550/4474/4428 4566/4477/4431
f 4551/4475/4429 4566/4477/4431 4570/4476/4430
f 4515/4442/4397 4448/4429/4384 4579/4502/4458
f 4515/4442/4397 4579/4502/4458 4536/4462/4459
f 4448/4429/4384 4449/4430/4385 4582/4503/4460
f 4448/4429/4384 4582/4503/4460 4579/4502/4458
f 4601/4504/4461 4597/4505/4462 4583/4506/4463
f 4601/4504/4461 4583/4506/4463 4581/4507/4464
f 4580/4508/4465 4584/4509/4466 4586/4510/4467
f 4580/4508/4465 4586/4510/4467 4585/4511/4468
f 4585/4511/4468 4586/4510/4467 4589/4512/4469
f 4585/4511/4468 4589/4512/4469 4588/4513/4470
f 4585/4511/4468 4588/4513/4470 4594/4514/4471
f 4585/4511/4468 4594/4514/4471 4593/4515/4472
f 4580/4508/4465 4585/4511/4468 4593/4515/4472
f 4580/4508/4465 4593/4515/4472 4592/4516/4473
f 4601/4504/4461 4581/4507/4464 4591/4517/4474
f 4601/4504/4461 4591/4517/4474 4602/4518/4475
f 4603/4519/4476 4592/4516/4473 4593/4515/4472
f 4603/4519/4476 4593/4515/4472 4604/4520/4477
f 4604/4520/4477 4593/4515/4472 4594/4514/4471
f 4604/4520/4477 4594/4514/4471 4605/4521/4478
f 4605/4521/4478 4594/4514/4471 4588/4513/4470
f 4605/4521/4478 4588/4513/4470 4606/4522/4479
f 4606/4522/4479 4588/4513/4470 4589/4512/4469
f 4606/4522/4479 4589/4512/4469 4608/4523/4480
f 4607/4524/4481 4590/4525/4482 4587/4526/4483
f 4607/4524/4481 4587/4526/4483 4609/4527/4484
f 4597/4505/4462 4582/4503/4460 4600/4528/4485
f 4597/4505/4462 4600/4528/4485 4609/4527/4484
f 4583/4506/4463 4597/4505/4462 4609/4527/4484
f 4583/4506/4463 4609/4527/4484 4587/4526/4483
f 4598/4529/4486 4607/4524/4481 4609/4527/4484
f 4598/4529/4486 4609/4527/4484 4600/4528/4485
f 4596/4530/4487 4606/4522/4479 4608/4523/4480
f 4596/4530/4487 4608/4523/4480 4599/4531/4488
f 4595/4532/4489 4605/4521/4478 4606/4522/4479
f 4595/4532/4489 4606/4522/4479 4596/4530/4487
f 4535/4466/4420 4604/4520/4477 4605/4521/4478
f 4535/4466/4420 4605/4521/4478 4595/4532/4489
f 4537/4465/4490 4603/4519/4476 4604/4520/4477
f 4537/4465/4490 4604/4520/4477 4535/4466/4420
f 4579/4502/4458 4601/4504/4461 4602/4518/4475
f 4579/4502/4458 4602/4518/4475 4536/4462/4459
f 4579/4502/4458 4582/4503/4460 4597/4505/4462
f 4579/4502/4458 4597/4505/4462 4601/4504/4461
f 4450/4431/4386 4600/4528/4485 4582/4503/4460
f 4450/4431/4386 4582/4503/4460 4449/4430/4385
f 4444/4440/4395 4446/4441/4396 4551/4475/4429
f 4444/4440/4395 4551/4475/4429 4568/4501/4455
f 4600/4528/4485 4450/4431/4386 4610/4533/4491
f 4600/4528/4485 4610/4533/4491 4598/4529/4486
f 4599/4531/4488 4611/4534/4492 4612/4535/4493
f 4599/4531/4488 4612/4535/4493 4596/4530/4487
f 4596/4530/4487 4612/4535/4493 4613/4536/4494
f 4596/4530/4487 4613/4536/4494 4595/4532/4489
f 4535/4466/4420 4595/4532/4489 4613/4536/4494
f 4535/4466/4420 4613/4536/4494 4534/4468/4422
f 4534/4468/4422 4613/4536/4494 4564/4494/4448
f 4534/4468/4422 4564/4494/4448 4533/4470/4424
f 4456/4437/4392 4457/4438/4393 4626/4537/4495
f 4456/4437/4392 4626/4537/4495 4624/4538/4496
f 4454/4435/4390 4455/4436/4391 4622/4539/4497
f 4454/4435/4390 4622/4539/4497 4620/4540/4498
f 4451/4432/4387 4453/4433/4388 4616/4541/4499
f 4451/4432/4387 4616/4541/4499 4614/4542/4500
f 4455/4436/4391 4456/4437/4392 4624/4538/4496
f 4455/4436/4391 4624/4538/4496 4622/4539/4497
f 4452/4434/4389 4454/4435/4390 4620/4540/4498
f 4452/4434/4389 4620/4540/4498 4617/4543/4501
f 4451/4432/4387 4614/4542/4500 4610/4533/4491
f 4451/4432/4387 4610/4533/4491 4450/4431/4386
f 4457/4438/4393 4445/4439/4394 4569/4544/4502
f 4457/4438/4393 4569/4544/4502 4626/4537/4495
f 4611/4534/4492 4615/4545/4503 4627/4546/4504
f 4611/4534/4492 4627/4546/4504 4612/4535/4493
f 4612/4535/4493 4627/4546/4504 4628/4547/4505
f 4612/4535/4493 4628/4547/4505 4613/4536/4494
f 4564/4494/4448 4613/4536/4494 4628/4547/4505
f 4564/4494/4448 4628/4547/4505 4629/4548/4506
f 4564/4494/4448 4629/4548/4506 4630/4549/4507
f 4564/4494/4448 4630/4549/4507 4565/4496/4450
f 4565/4496/4450 4630/4549/4507 4625/4550/4508
f 4565/4496/4450 4625/4550/4508 4567/4498/4452
f 4615/4545/4503 4618/4551/4509 4619/4552/4510
f 4615/4545/4503 4619/4552/4510 4627/4546/4504
f 4621/4553/4511 4628/4547/4505 4627/4546/4504
f 4621/4553/4511 4627/4546/4504 4619/4552/4510
f 4621/4553/4511 4623/4554/4512 4629/4548/4506
f 4621/4553/4511 4629/4548/4506 4628/4547/4505
f 4625/4550/4508 4630/4549/4507 4629/4548/4506
f 4625/4550/4508 4629/4548/4506 4623/4554/4512
f 4647/4555/4513 3340/3292/3255 3334/3291/3254
f 4647/4555/4513 3334/3291/3254 4631/4556/4514
f 4647/4555/4513 4631/4556/4514 4632/4557/4515
f 4647/4555/4513 4632/4557/4515 4648/4558/4516
f 4648/4558/4516 4632/4557/4515 4633/4559/4517
f 4648/4558/4516 4633/4559/4517 4649/4560/4518
f 4649/4560/4518 4633/4559/4517 4634/4561/4519
f 4649/4560/4518 4634/4561/4519 4650/4562/4520
f 4650/4562/4520 4634/4561/4519 4635/4563/4521
f 4650/4562/4520 4635/4563/4521 4651/4564/4522
f 4651/4564/4522 4635/4563/4521 4636/4565/4523
f 4651/4564/4522 4636/4565/4523 4652/4566/4524
f 4652/4566/4524 4636/4565/4523 4637/4567/4525
f 4652/4566/4524 4637/4567/4525 4653/4568/4526
f 4653/4568/4526 4637/4567/4525 4638/4569/4527
f 4653/4568/4526 4638/4569/4527 4654/4570/4528
f 4654/4570/4528 4638/4569/4527 4639/4571/4529
f 4654/4570/4528 4639/4571/4529 4655/4572/4530
f 4655/4572/4530 4639/4571/4529 4640/4573/4531
f 4655/4572/4530 4640/4573/4531 4656/4574/4532
f 4656/4574/4532 4640/4573/4531 4641/4575/4533
f 4656/4574/4532 4641/4575/4533 4657/4576/4534
f 4657/4576/4534 4641/4575/4533 4642/4577/4535
f 4657/4576/4534 4642/4577/4535 4658/4578/4536
f 4658/4578/4536 4642/4577/4535 4643/4579/4537
f 4658/4578/4536 4643/4579/4537 4659/4580/4538
f 4659/4580/4538 4643/4579/4537 4644/4581/4539
f 4659/4580/4538 4644/4581/4539 4660/4582/4540
f 4992/4583/4541 4991/4584/4542 4645/4585/4543
f 4992/4583/4541 4645/4585/4543 4661/4586/3283
f 4988/4215/4172 4992/4583/4541 4661/4586/3283
f 4988/4215/4172 4661/4586/3283 2973/4216/2892
f 4268/4213/4170 4659/4580/4538 4660/4582/4540
f 4268/4213/4170 4660/4582/4540 4269/4214/4171
f 4267/4212/4169 4658/4578/4536 4659/4580/4538
f 4267/4212/4169 4659/4580/4538 4268/4213/4170
f 4266/4210/4167 4657/4576/4534 4658/4578/4536
f 4266/4210/4167 4658/4578/4536 4267/4212/4169
f 4265/4208/4165 4656/4574/4532 4657/4576/4534
f 4265/4208/4165 4657/4576/4534 4266/4210/4167
f 4264/4206/4163 4655/4572/4530 4656/4574/4532
f 4264/4206/4163 4656/4574/4532 4265/4208/4165
f 4263/4204/4161 4654/4570/4528 4655/4572/4530
f 4263/4204/4161 4655/4572/4530 4264/4206/4163
f 4262/4203/4160 4653/4568/4526 4654/4570/4528
f 4262/4203/4160 4654/4570/4528 4263/4204/4161
f 4237/4184/4140 4652/4566/4524 4653/4568/4526
f 4237/4184/4140 4653/4568/4526 4262/4203/4160
f 4238/4149/4103 4651/4564/4522 4652/4566/4524
f 4238/4149/4103 4652/4566/4524 4237/4184/4140
f 4240/4148/4102 4650/4562/4520 4651/4564/4522
f 4240/4148/4102 4651/4564/4522 4238/4149/4103
f 4241/4155/4109 4649/4560/4518 4650/4562/4520
f 4241/4155/4109 4650/4562/4520 4240/4148/4102
f 4270/4157/4111 4648/4558/4516 4649/4560/4518
f 4270/4157/4111 4649/4560/4518 4241/4155/4109
f 4223/4152/4106 4647/4555/4513 4648/4558/4516
f 4223/4152/4106 4648/4558/4516 4270/4157/4111
f 4223/4152/4106 4239/2866/2820 3340/3292/3255
f 4223/4152/4106 3340/3292/3255 4647/4555/4513
f 4632/4557/4515 4631/4556/4514 3334/3291/3254
f 4632/4557/4515 3334/3291/3254 4663/3323/3286
f 4634/4561/4519 4633/4559/4517 4632/4557/4515
f 4634/4561/4519 4632/4557/4515 4664/4587/4544
f 4664/4587/4544 4632/4557/4515 4663/3323/3286
f 4664/4587/4544 4663/3323/3286 3365/3325/3288
f 4635/4563/4521 4634/4561/4519 4664/4587/4544
f 4635/4563/4521 4664/4587/4544 4665/4588/4545
f 4665/4588/4545 4664/4587/4544 3365/3325/3288
f 4665/4588/4545 3365/3325/3288 3367/3327/3290
f 4636/4565/4523 4635/4563/4521 4665/4588/4545
f 4636/4565/4523 4665/4588/4545 4666/4589/4546
f 3363/3329/3292 4666/4589/4546 4665/4588/4545
f 3363/3329/3292 4665/4588/4545 3367/3327/3290
f 4637/4567/4525 4636/4565/4523 4666/4589/4546
f 4637/4567/4525 4666/4589/4546 4667/4590/4547
f 4667/4590/4547 4666/4589/4546 3363/3329/3292
f 4667/4590/4547 3363/3329/3292 3370/3331/3294
f 4762/4591/4548 4688/4592/4549 4675/4593/4550
f 4762/4591/4548 4675/4593/4550 4760/4594/4551
f 4680/4595/4552 4678/4596/4553 4673/4597/4554
f 4680/4595/4552 4673/4597/4554 4674/4598/4555
f 4684/4599/4556 4682/4600/4557 4668/4601/4558
f 4684/4599/4556 4668/4601/4558 4669/4602/4559
f 4755/4603/4560 4756/4604/4561 4313/4259/4217
f 4755/4603/4560 4313/4259/4217 4312/4254/4212
f 3401/4605/4562 4995/4606/4563 4993/4607/4564
f 3401/4605/4562 4993/4607/4564 3380/4608/3406
f 4692/3421/3380 4690/4609/4565 4670/4610/4566
f 4692/3421/3380 4670/4610/4566 4671/3422/3381
f 4678/4596/4553 4694/3420/3379 4672/3423/3382
f 4678/4596/4553 4672/3423/3382 4673/4597/4554
f 4682/4600/4557 4686/4611/4567 4676/4612/4568
f 4682/4600/4557 4676/4612/4568 4668/4601/4558
f 4688/4592/4549 4680/4595/4552 4674/4598/4555
f 4688/4592/4549 4674/4598/4555 4675/4593/4550
f 4690/4609/4565 4684/4599/4556 4669/4602/4559
f 4690/4609/4565 4669/4602/4559 4670/4610/4566
f 4641/4575/4533 4640/4573/4531 4691/4613/4569
f 4641/4575/4533 4691/4613/4569 4693/4614/4570
f 4639/4571/4529 4638/4569/4527 4683/4615/4571
f 4639/4571/4529 4683/4615/4571 4689/4616/4572
f 4644/4581/4539 4643/4579/4537 4679/4617/4573
f 4644/4581/4539 4679/4617/4573 4687/4618/4574
f 4637/4567/4525 4667/4590/4547 4685/4619/4567
f 4637/4567/4525 4685/4619/4567 4681/4620/4575
f 4642/4577/4535 4641/4575/4533 4693/4614/4570
f 4642/4577/4535 4693/4614/4570 4677/4621/4576
f 4640/4573/4531 4639/4571/4529 4689/4616/4572
f 4640/4573/4531 4689/4616/4572 4691/4613/4569
f 4993/4607/4564 4995/4606/4563 4762/4591/4548
f 4993/4607/4564 4762/4591/4548 4760/4594/4551
f 4667/4590/4547 3370/3331/3294 3392/3365/3327
f 4667/4590/4547 3392/3365/3327 4685/4619/4567
f 4638/4569/4527 4637/4567/4525 4681/4620/4575
f 4638/4569/4527 4681/4620/4575 4683/4615/4571
f 4643/4579/4537 4642/4577/4535 4677/4621/4576
f 4643/4579/4537 4677/4621/4576 4679/4617/4573
f 4758/4622/4577 4644/4581/4539 4687/4618/4574
f 4758/4622/4577 4687/4618/4574 4761/4623/4578
f 4676/4612/4568 3383/4624/3332 4701/4625/3331
f 4676/4612/4568 4701/4625/3331 4697/4626/4579
f 4668/4601/4558 4676/4612/4568 4697/4626/4579
f 4668/4601/4558 4697/4626/4579 4695/4627/4580
f 4698/4628/4581 4699/3375/3337 4704/3374/3336
f 4698/4628/4581 4704/3374/3336 4703/4629/4582
f 4696/4630/4583 4698/4628/4581 4703/4629/4582
f 4696/4630/4583 4703/4629/4582 4702/4631/4584
f 4703/4629/4582 4704/3374/3336 3417/3379/3341
f 4703/4629/4582 3417/3379/3341 4706/4632/4585
f 4702/4631/4584 4703/4629/4582 4706/4632/4585
f 4702/4631/4584 4706/4632/4585 4705/4633/4586
f 4706/4632/4585 3417/3379/3341 4709/3382/3344
f 4706/4632/4585 4709/3382/3344 4708/4634/4587
f 4705/4633/4586 4706/4632/4585 4708/4634/4587
f 4705/4633/4586 4708/4634/4587 4707/4635/4588
f 4717/4636/4589 4716/4637/4590 4713/4638/4591
f 4717/4636/4589 4713/4638/4591 4712/4639/4592
f 4716/4637/4590 4715/4640/4593 4714/4641/4594
f 4716/4637/4590 4714/4641/4594 4713/4638/4591
f 4719/4642/4595 4717/4636/4589 4712/4639/4592
f 4719/4642/4595 4712/4639/4592 4711/4643/4596
f 4705/4633/4586 4707/4635/4588 4715/4640/4593
f 4705/4633/4586 4715/4640/4593 4716/4637/4590
f 4696/4630/4583 4702/4631/4584 4717/4636/4589
f 4696/4630/4583 4717/4636/4589 4719/4642/4595
f 4702/4631/4584 4705/4633/4586 4716/4637/4590
f 4702/4631/4584 4716/4637/4590 4717/4636/4589
f 4714/4641/4594 4715/4640/4593 4723/4644/4597
f 4714/4641/4594 4723/4644/4597 4722/4645/4598
f 4708/4634/4587 4709/3382/3344 3432/3395/3357
f 4708/4634/4587 3432/3395/3357 4721/4646/4599
f 4715/4640/4593 4707/4635/4588 4720/4647/4600
f 4715/4640/4593 4720/4647/4600 4723/4644/4597
f 4707/4635/4588 4708/4634/4587 4721/4646/4599
f 4707/4635/4588 4721/4646/4599 4720/4647/4600
f 4736/4648/4601 4734/4649/4602 4727/4650/4603
f 4736/4648/4601 4727/4650/4603 4725/4651/4604
f 4734/4649/4602 4737/4652/4605 4728/4653/4606
f 4734/4649/4602 4728/4653/4606 4727/4650/4603
f 4740/4654/4607 4738/4655/4608 4732/4656/4609
f 4740/4654/4607 4732/4656/4609 4730/4657/4610
f 4737/4652/4605 4740/4654/4607 4730/4657/4610
f 4737/4652/4605 4730/4657/4610 4728/4653/4606
f 4713/4638/4591 4714/4641/4594 4740/4654/4607
f 4713/4638/4591 4740/4654/4607 4737/4652/4605
f 4714/4641/4594 4722/4645/4598 4738/4655/4608
f 4714/4641/4594 4738/4655/4608 4740/4654/4607
f 4712/4639/4592 4713/4638/4591 4737/4652/4605
f 4712/4639/4592 4737/4652/4605 4734/4649/4602
f 4711/4643/4596 4712/4639/4592 4734/4649/4602
f 4711/4643/4596 4734/4649/4602 4736/4648/4601
f 4668/4601/4558 4695/4627/4580 4718/4658/4611
f 4668/4601/4558 4718/4658/4611 4669/4602/4559
f 4669/4602/4559 4718/4658/4611 4710/4659/4596
f 4669/4602/4559 4710/4659/4596 4670/4610/4566
f 4670/4610/4566 4710/4659/4596 4735/4660/4612
f 4670/4610/4566 4735/4660/4612 4671/3422/3381
f 4671/3422/3381 4735/4660/4612 4724/4661/4613
f 4671/3422/3381 4724/4661/4613 4672/3423/3382
f 4729/4662/4606 4731/4663/4614 4744/4664/4615
f 4729/4662/4606 4744/4664/4615 4743/4665/4616
f 4724/4661/4613 4726/4666/4603 4742/4667/4617
f 4724/4661/4613 4742/4667/4617 4741/4668/4618
f 4731/4663/4614 4733/4669/4619 4745/4670/4620
f 4731/4663/4614 4745/4670/4620 4744/4664/4615
f 4726/4666/4603 4729/4662/4606 4743/4665/4616
f 4726/4666/4603 4743/4665/4616 4742/4667/4617
f 3402/4671/4562 3379/3447/3406 3722/3364/3326
f 3402/4671/4562 3722/3364/3326 3724/3363/3325
f 4991/4584/4542 4758/4622/4577 4761/4623/4578
f 4991/4584/4542 4761/4623/4578 4994/4672/4621
f 4269/4214/4171 4660/4582/4540 4759/4673/4622
f 4269/4214/4171 4759/4673/4622 4751/4674/4623
f 4990/4258/4216 5001/4675/4624 4756/4604/4561
f 4990/4258/4216 4756/4604/4561 4755/4603/4560
f 4660/4582/4540 4644/4581/4539 4758/4622/4577
f 4660/4582/4540 4758/4622/4577 4759/4673/4622
f 5000/4676/4625 4754/4246/4202 4753/4243/4199
f 5000/4676/4625 4753/4243/4199 4989/4677/4626
f 4999/4255/4213 4752/4245/4201 4754/4246/4202
f 4999/4255/4213 4754/4246/4202 5000/4676/4625
f 4989/4677/4626 4753/4243/4199 4746/4244/4200
f 4989/4677/4626 4746/4244/4200 4996/4196/4151
f 4277/4241/4197 4752/4245/4201 4755/4603/4560
f 4277/4241/4197 4755/4603/4560 4312/4254/4212
f 4244/4194/4149 4269/4214/4171 4751/4674/4623
f 4244/4194/4149 4751/4674/4623 4748/4678/4627
f 4998/4159/4113 4750/4217/4173 4749/4218/4174
f 4998/4159/4113 4749/4218/4174 4987/4185/4141
f 4228/4171/4124 4227/4170/4123 4747/4679/4628
f 4228/4171/4124 4747/4679/4628 4746/4244/4200
f 4224/4193/4148 4244/4194/4149 4748/4678/4627
f 4224/4193/4148 4748/4678/4627 4749/4218/4174
f 4743/4665/4616 4744/4664/4615 4766/4680/4629
f 4743/4665/4616 4766/4680/4629 4765/4681/4630
f 4741/4668/4618 4742/4667/4617 4764/4682/4631
f 4741/4668/4618 4764/4682/4631 4763/4683/4632
f 4744/4664/4615 4745/4670/4620 4767/4684/4633
f 4744/4664/4615 4767/4684/4633 4766/4680/4629
f 4742/4667/4617 4743/4665/4616 4765/4681/4630
f 4742/4667/4617 4765/4681/4630 4764/4682/4631
f 4672/3423/3382 4724/4661/4613 4741/4668/4618
f 4672/3423/3382 4741/4668/4618 4673/4597/4554
f 4673/4597/4554 4741/4668/4618 4763/4683/4632
f 4673/4597/4554 4763/4683/4632 4674/4598/4555
f 4763/4683/4632 4764/4682/4631 4769/4685/4634
f 4763/4683/4632 4769/4685/4634 4768/4686/4635
f 4766/4680/4629 4767/4684/4633 4772/4687/4636
f 4766/4680/4629 4772/4687/4636 4771/4688/4637
f 4764/4682/4631 4765/4681/4630 4770/4689/4638
f 4764/4682/4631 4770/4689/4638 4769/4685/4634
f 4765/4681/4630 4766/4680/4629 4771/4688/4637
f 4765/4681/4630 4771/4688/4637 4770/4689/4638
f 4227/4170/4123 4245/4195/4150 4750/4217/4173
f 4227/4170/4123 4750/4217/4173 4747/4679/4628
f 4768/4686/4635 4769/4685/4634 4774/4690/4639
f 4768/4686/4635 4774/4690/4639 4773/4691/4640
f 4771/4688/4637 4772/4687/4636 4777/4692/4641
f 4771/4688/4637 4777/4692/4641 4776/4693/4642
f 4769/4685/4634 4770/4689/4638 4775/4694/4643
f 4769/4685/4634 4775/4694/4643 4774/4690/4639
f 4993/4607/4564 5006/4695/4644 4779/4696/4645
f 4993/4607/4564 4779/4696/4645 3380/4608/3406
f 5004/4697/4646 5003/4698/4647 4781/4699/3411
f 5004/4697/4646 4781/4699/3411 3492/4700/3410
f 5006/4695/4644 5005/4701/4648 3490/4702/3413
f 5006/4695/4644 3490/4702/3413 4779/4696/4645
f 5003/4698/4647 5007/4703/4649 3494/4704/3415
f 5003/4698/4647 3494/4704/3415 4781/4699/3411
f 4674/4598/4555 4763/4683/4632 4768/4686/4635
f 4674/4598/4555 4768/4686/4635 4675/4593/4550
f 4770/4689/4638 4771/4688/4637 4776/4693/4642
f 4770/4689/4638 4776/4693/4642 4775/4694/4643
f 5005/4701/4648 5004/4697/4646 3492/4700/3410
f 5005/4701/4648 3492/4700/3410 3490/4702/3413
f 4854/4705/4650 4857/4706/4651 4783/4707/4652
f 4854/4705/4650 4783/4707/4652 4784/4708/4653
f 4745/4670/4620 4733/4669/4619 4790/4709/4654
f 4745/4670/4620 4790/4709/4654 4787/4710/4655
f 4855/4711/4656 4785/4712/4653 4791/4713/4657
f 4855/4711/4656 4791/4713/4657 4853/4714/4658
f 4853/4714/4658 4791/4713/4657 4794/4715/4659
f 4853/4714/4658 4794/4715/4659 4852/4716/4660
f 4852/4716/4660 4794/4715/4659 4797/4717/4661
f 4852/4716/4660 4797/4717/4661 4851/4718/4662
f 4851/4718/4662 4797/4717/4661 4800/4719/4663
f 4851/4718/4662 4800/4719/4663 4850/4720/4664
f 4850/4720/4664 4800/4719/4663 4803/4721/4665
f 4850/4720/4664 4803/4721/4665 4849/4722/4666
f 4745/4670/4620 4787/4710/4655 4792/4723/4667
f 4745/4670/4620 4792/4723/4667 4767/4684/4633
f 4767/4684/4633 4792/4723/4667 4795/4724/4668
f 4767/4684/4633 4795/4724/4668 4772/4687/4636
f 5007/4703/4649 4777/4692/4641 4808/4725/4669
f 5007/4703/4649 4808/4725/4669 5008/4726/4670
f 5008/4726/4670 4808/4725/4669 4809/4727/4671
f 5008/4726/4670 4809/4727/4671 5009/4728/4672
f 5009/4728/4672 4809/4727/4671 4810/4729/4673
f 5009/4728/4672 4810/4729/4673 5010/4730/4674
f 5010/4730/4674 4810/4729/4673 4811/4731/4675
f 5010/4730/4674 4811/4731/4675 5011/4732/4676
f 5014/4733/4677 4862/4734/4678 4813/4192/4147
f 5014/4733/4677 4813/4192/4147 5013/4735/4679
f 4675/4593/4550 4768/4686/4635 4773/4691/4640
f 4675/4593/4550 4773/4691/4640 4760/4594/4551
f 4777/4692/4641 4772/4687/4636 4795/4724/4668
f 4777/4692/4641 4795/4724/4668 4808/4725/4669
f 4798/4736/4680 4809/4727/4671 4808/4725/4669
f 4798/4736/4680 4808/4725/4669 4795/4724/4668
f 4801/4737/4681 4810/4729/4673 4809/4727/4671
f 4801/4737/4681 4809/4727/4671 4798/4736/4680
f 4857/4706/4651 4789/4738/4682 4829/4739/4683
f 4857/4706/4651 4829/4739/4683 4848/4740/4684
f 4816/4741/4685 4818/4742/4686 4821/4743/4687
f 4816/4741/4685 4821/4743/4687 4820/4744/4688
f 4820/4744/4688 4821/4743/4687 4823/4745/4689
f 4820/4744/4688 4823/4745/4689 4822/4746/4690
f 4822/4746/4690 4823/4745/4689 4825/4747/4691
f 4822/4746/4690 4825/4747/4691 4824/4748/4692
f 4824/4748/4692 4825/4747/4691 4827/4749/4693
f 4824/4748/4692 4827/4749/4693 4826/4750/4694
f 4826/4750/4694 4827/4749/4693 3550/3505/3463
f 4826/4750/4694 3550/3505/3463 3549/3504/3462
f 4739/4751/4695 4819/4752/4696 4790/4709/4654
f 4739/4751/4695 4790/4709/4654 4733/4669/4619
f 4722/4645/4598 4821/4743/4687 4818/4742/4686
f 4722/4645/4598 4818/4742/4686 4738/4655/4608
f 4723/4644/4597 4823/4745/4689 4821/4743/4687
f 4723/4644/4597 4821/4743/4687 4722/4645/4598
f 4720/4647/4600 4825/4747/4691 4823/4745/4689
f 4720/4647/4600 4823/4745/4689 4723/4644/4597
f 4721/4646/4599 4827/4749/4693 4825/4747/4691
f 4721/4646/4599 4825/4747/4691 4720/4647/4600
f 3432/3395/3357 3550/3505/3463 4827/4749/4693
f 3432/3395/3357 4827/4749/4693 4721/4646/4599
f 4817/4753/4697 4830/4754/4698 4790/4709/4654
f 4817/4753/4697 4790/4709/4654 4819/4752/4696
f 4844/4755/4699 4838/4756/4700 4834/4757/4701
f 4844/4755/4699 4834/4757/4701 4845/4758/4702
f 4845/4758/4702 4834/4757/4701 4832/4759/4703
f 4845/4758/4702 4832/4759/4703 4846/4760/4704
f 4840/4761/4705 4841/4762/4706 4838/4756/4700
f 4840/4761/4705 4838/4756/4700 4844/4755/4699
f 4788/4763/4655 4855/4711/4656 4853/4714/4658
f 4788/4763/4655 4853/4714/4658 4793/4764/4707
f 4848/4740/4684 4829/4739/4683 4841/4762/4706
f 4848/4740/4684 4841/4762/4706 4840/4761/4705
f 4793/4764/4707 4853/4714/4658 4852/4716/4660
f 4793/4764/4707 4852/4716/4660 4796/4765/4708
f 4796/4765/4708 4852/4716/4660 4851/4718/4662
f 4796/4765/4708 4851/4718/4662 4799/4766/4709
f 4799/4766/4709 4851/4718/4662 4850/4720/4664
f 4799/4766/4709 4850/4720/4664 4802/4767/4710
f 4802/4767/4710 4850/4720/4664 4849/4722/4666
f 4802/4767/4710 4849/4722/4666 4804/4768/4711
f 4782/4707/4712 4856/4706/4713 4847/4740/4714
f 4782/4707/4712 4847/4740/4714 4828/4769/4715
f 4837/4770/4716 4844/4755/4699 4845/4758/4702
f 4837/4770/4716 4845/4758/4702 4836/4771/4717
f 4836/4771/4717 4845/4758/4702 4846/4760/4704
f 4836/4771/4717 4846/4760/4704 4831/4772/4718
f 4843/4773/4719 4840/4761/4705 4844/4755/4699
f 4843/4773/4719 4844/4755/4699 4837/4770/4716
f 4828/4769/4715 4847/4740/4714 4840/4761/4705
f 4828/4769/4715 4840/4761/4705 4843/4773/4719
f 4786/4774/4655 4789/4738/4682 4857/4706/4651
f 4786/4774/4655 4857/4706/4651 4854/4705/4650
f 4846/4760/4704 4832/4759/4703 4858/4775/4720
f 4846/4760/4704 4858/4775/4720 4860/4776/4721
f 4831/4772/4718 4846/4760/4704 4860/4776/4721
f 4831/4772/4718 4860/4776/4721 4807/4777/4722
f 4865/4778/4723 4860/4776/4721 4858/4775/4720
f 4865/4778/4723 4858/4775/4720 4866/4779/4724
f 4861/4780/4725 4865/4778/4723 4849/4722/4666
f 4861/4780/4725 4849/4722/4666 4803/4721/4665
f 4805/4781/4711 4811/4731/4675 4810/4729/4673
f 4805/4781/4711 4810/4729/4673 4801/4737/4681
f 4862/4734/4678 4812/4782/4726 4806/4783/4711
f 4862/4734/4678 4806/4783/4711 4867/4784/4727
f 4807/4777/4722 4860/4776/4721 4865/4778/4723
f 4807/4777/4722 4865/4778/4723 4861/4780/4725
f 4849/4722/4666 4865/4778/4723 4866/4779/4724
f 4849/4722/4666 4866/4779/4724 4804/4768/4711
f 5012/4785/4728 4812/4782/4726 4862/4734/4678
f 5012/4785/4728 4862/4734/4678 5014/4733/4677
f 4803/4721/4665 4800/4719/4663 4875/4786/4729
f 4803/4721/4665 4875/4786/4729 4876/4787/4730
f 4828/4769/4715 4843/4773/4719 4884/4788/4731
f 4828/4769/4715 4884/4788/4731 4879/4789/4732
f 4836/4771/4717 4831/4772/4718 4880/4790/4733
f 4836/4771/4717 4880/4790/4733 4881/4791/4734
f 4797/4717/4661 4794/4715/4659 4873/4792/4735
f 4797/4717/4661 4873/4792/4735 4874/4793/4736
f 4807/4777/4722 4861/4780/4725 4886/4794/4737
f 4807/4777/4722 4886/4794/4737 4877/4795/4738
f 4791/4713/4657 4785/4712/4653 4871/4796/4739
f 4791/4713/4657 4871/4796/4739 4872/4797/4740
f 4784/4708/4653 4783/4707/4652 4868/4798/4741
f 4784/4708/4653 4868/4798/4741 4870/4799/4739
f 4837/4770/4716 4836/4771/4717 4881/4791/4734
f 4837/4770/4716 4881/4791/4734 4882/4800/4742
f 4782/4707/4712 4828/4769/4715 4879/4789/4732
f 4782/4707/4712 4879/4789/4732 4869/4798/4743
f 4800/4719/4663 4797/4717/4661 4874/4793/4736
f 4800/4719/4663 4874/4793/4736 4875/4786/4729
f 4861/4780/4725 4803/4721/4665 4876/4787/4730
f 4861/4780/4725 4876/4787/4730 4886/4794/4737
f 4794/4715/4659 4791/4713/4657 4872/4797/4740
f 4794/4715/4659 4872/4797/4740 4873/4792/4735
f 4843/4773/4719 4837/4770/4716 4882/4800/4742
f 4843/4773/4719 4882/4800/4742 4884/4788/4731
f 4831/4772/4718 4807/4777/4722 4877/4795/4738
f 4831/4772/4718 4877/4795/4738 4880/4790/4733
f 4816/4741/4685 4820/4744/4688 4889/4801/4744
f 4816/4741/4685 4889/4801/4744 4887/4802/4745
f 4824/4748/4692 4826/4750/4694 4895/4803/4746
f 4824/4748/4692 4895/4803/4746 4893/4804/4747
f 4820/4744/4688 4822/4746/4690 4891/4805/4748
f 4820/4744/4688 4891/4805/4748 4889/4801/4744
f 4826/4750/4694 3549/3504/3462 4897/3561/3515
f 4826/4750/4694 4897/3561/3515 4895/4803/4746
f 4822/4746/4690 4824/4748/4692 4893/4804/4747
f 4822/4746/4690 4893/4804/4747 4891/4805/4748
f 4894/4806/4749 4896/4807/4746 4904/4808/4750
f 4894/4806/4749 4904/4808/4750 4903/4809/4751
f 4890/4810/4744 4892/4811/4752 4902/4812/4753
f 4890/4810/4744 4902/4812/4753 4901/4813/4754
f 4896/4807/4746 4899/4814/4755 3630/4815/3520
f 4896/4807/4746 3630/4815/3520 4904/4808/4750
f 4892/4811/4752 4894/4806/4749 4903/4809/4751
f 4892/4811/4752 4903/4809/4751 4902/4812/4753
f 4888/4816/4756 4890/4810/4744 4901/4813/4754
f 4888/4816/4756 4901/4813/4754 4900/4817/4757
f 4817/4753/4697 4888/4816/4756 4842/4818/4706
f 4817/4753/4697 4842/4818/4706 4830/4754/4698
f 4842/4818/4706 4888/4816/4756 4900/4817/4757
f 4842/4818/4706 4900/4817/4757 4839/4819/4700
f 4921/4820/4758 4920/4821/4759 4915/4822/4760
f 4921/4820/4758 4915/4822/4760 4916/4823/4761
f 4923/4824/4762 4922/4825/4763 4908/4826/4764
f 4923/4824/4762 4908/4826/4764 4909/4827/4765
f 4924/4828/4766 4921/4820/4758 4916/4823/4761
f 4924/4828/4766 4916/4823/4761 4917/4829/4767
f 4925/4830/4768 4923/4824/4762 4909/4827/4765
f 4925/4830/4768 4909/4827/4765 4910/4831/4769
f 4926/4832/4770 4924/4828/4766 4917/4829/4767
f 4926/4832/4770 4917/4829/4767 4918/4833/4771
f 4927/4834/4772 4925/4830/4768 4910/4831/4769
f 4927/4834/4772 4910/4831/4769 4911/4835/4773
f 4928/4836/4774 4926/4832/4770 4918/4833/4771
f 4928/4836/4774 4918/4833/4771 4914/4837/4775
f 4929/4838/4776 4927/4834/4772 4911/4835/4773
f 4929/4838/4776 4911/4835/4773 4912/4839/4777
f 4930/4840/4778 4929/4838/4776 4912/4839/4777
f 4930/4840/4778 4912/4839/4777 4919/4841/4779
f 4931/4842/4780 4930/4840/4778 4919/4841/4779
f 4931/4842/4780 4919/4841/4779 4913/4843/4781
f 4932/4844/4782 4928/4836/4774 4914/4837/4775
f 4932/4844/4782 4914/4837/4775 4905/4845/4783
f 4933/4846/4784 4932/4844/4782 4905/4845/4783
f 4933/4846/4784 4905/4845/4783 4906/4847/4785
f 4920/4821/4759 4931/4842/4780 4913/4843/4781
f 4920/4821/4759 4913/4843/4781 4915/4822/4760
f 4922/4825/4763 4934/4848/4786 4907/4849/4785
f 4922/4825/4763 4907/4849/4785 4908/4826/4764
f 4872/4797/4740 4871/4796/4739 4934/4848/4786
f 4872/4797/4740 4934/4848/4786 4922/4825/4763
f 4880/4790/4733 4877/4795/4738 4931/4842/4780
f 4880/4790/4733 4931/4842/4780 4920/4821/4759
f 4870/4799/4739 4868/4798/4741 4932/4844/4782
f 4870/4799/4739 4932/4844/4782 4933/4846/4784
f 4868/4798/4741 4878/4789/4787 4928/4836/4774
f 4868/4798/4741 4928/4836/4774 4932/4844/4782
f 4877/4795/4738 4886/4794/4737 4930/4840/4778
f 4877/4795/4738 4930/4840/4778 4931/4842/4780
f 4886/4794/4737 4876/4787/4730 4929/4838/4776
f 4886/4794/4737 4929/4838/4776 4930/4840/4778
f 4876/4787/4730 4875/4786/4729 4927/4834/4772
f 4876/4787/4730 4927/4834/4772 4929/4838/4776
f 4878/4789/4787 4885/4788/4788 4926/4832/4770
f 4878/4789/4787 4926/4832/4770 4928/4836/4774
f 4875/4786/4729 4874/4793/4736 4925/4830/4768
f 4875/4786/4729 4925/4830/4768 4927/4834/4772
f 4885/4788/4788 4883/4800/4789 4924/4828/4766
f 4885/4788/4788 4924/4828/4766 4926/4832/4770
f 4874/4793/4736 4873/4792/4735 4923/4824/4762
f 4874/4793/4736 4923/4824/4762 4925/4830/4768
f 4883/4800/4789 4881/4791/4734 4921/4820/4758
f 4883/4800/4789 4921/4820/4758 4924/4828/4766
f 4873/4792/4735 4872/4797/4740 4922/4825/4763
f 4873/4792/4735 4922/4825/4763 4923/4824/4762
f 4881/4791/4734 4880/4790/4733 4920/4821/4759
f 4881/4791/4734 4920/4821/4759 4921/4820/4758
f 4915/4822/4760 4913/4843/4781 4935/4850/4790
f 4915/4822/4760 4935/4850/4790 4936/4851/4791
f 4936/4851/4791 4935/4850/4790 4937/4852/4792
f 4936/4851/4791 4937/4852/4792 4938/4853/4793
f 4938/4853/4793 4937/4852/4792 4939/4854/4794
f 4938/4853/4793 4939/4854/4794 4940/4855/4795
f 4940/4855/4795 4939/4854/4794 4941/4856/4796
f 4940/4855/4795 4941/4856/4796 4943/4857/4797
f 4943/4857/4797 4941/4856/4796 4944/4858/4798
f 4943/4857/4797 4944/4858/4798 4946/4859/4799
f 4946/4859/4799 4944/4858/4798 4947/4860/4800
f 4946/4859/4799 4947/4860/4800 4949/4861/4801
f 4950/4862/4802 4949/4861/4801 4947/4860/4800
f 4950/4862/4802 4947/4860/4800 4951/4863/4803
f 4953/4864/4804 4950/4862/4802 4951/4863/4803
f 4953/4864/4804 4951/4863/4803 4954/4865/4805
f 4905/4845/4783 4953/4864/4804 4954/4865/4805
f 4905/4845/4783 4954/4865/4805 4906/4847/4785
f 4914/4837/4775 4950/4862/4802 4953/4864/4804
f 4914/4837/4775 4953/4864/4804 4905/4845/4783
f 4918/4833/4771 4949/4861/4801 4950/4862/4802
f 4918/4833/4771 4950/4862/4802 4914/4837/4775
f 4949/4861/4801 4918/4833/4771 4917/4829/4767
f 4949/4861/4801 4917/4829/4767 4957/4866/4806
f 4957/4866/4806 4917/4829/4767 4916/4823/4761
f 4957/4866/4806 4916/4823/4761 4958/4867/4807
f 4958/4867/4807 4916/4823/4761 4915/4822/4760
f 4958/4867/4807 4915/4822/4760 4936/4851/4791
f 4946/4859/4799 4949/4861/4801 4957/4866/4806
f 4946/4859/4799 4957/4866/4806 4943/4857/4797
f 4943/4857/4797 4957/4866/4806 4958/4867/4807
f 4943/4857/4797 4958/4867/4807 4940/4855/4795
f 4936/4851/4791 4938/4853/4793 4940/4855/4795
f 4936/4851/4791 4940/4855/4795 4958/4867/4807
f 4908/4826/4764 4907/4849/4785 4955/4868/4808
f 4908/4826/4764 4955/4868/4808 4959/4869/4809
f 4952/4870/4810 4956/4871/4811 4959/4869/4809
f 4952/4870/4810 4959/4869/4809 4955/4868/4808
f 4948/4872/4812 4960/4873/4813 4956/4871/4811
f 4948/4872/4812 4956/4871/4811 4952/4870/4810
f 4961/4874/4814 4960/4873/4813 4948/4872/4812
f 4961/4874/4814 4948/4872/4812 4945/4875/4798
f 4962/4876/4815 4961/4874/4814 4945/4875/4798
f 4962/4876/4815 4945/4875/4798 4942/4877/4816
f 4919/4841/4779 4965/4878/4817 4935/4850/4790
f 4919/4841/4779 4935/4850/4790 4913/4843/4781
f 4935/4850/4790 4965/4878/4817 4964/4879/4818
f 4935/4850/4790 4964/4879/4818 4937/4852/4792
f 4937/4852/4792 4964/4879/4818 4963/4880/4819
f 4937/4852/4792 4963/4880/4819 4939/4854/4794
f 4939/4854/4794 4963/4880/4819 4962/4876/4815
f 4939/4854/4794 4962/4876/4815 4942/4877/4816
f 4909/4827/4765 4908/4826/4764 4959/4869/4809
f 4909/4827/4765 4959/4869/4809 4956/4871/4811
f 4910/4831/4769 4909/4827/4765 4956/4871/4811
f 4910/4831/4769 4956/4871/4811 4960/4873/4813
f 4912/4839/4777 4967/4881/4820 4965/4878/4817
f 4912/4839/4777 4965/4878/4817 4919/4841/4779
f 4912/4839/4777 4911/4835/4773 4966/4882/4821
f 4912/4839/4777 4966/4882/4821 4967/4881/4820
f 4911/4835/4773 4910/4831/4769 4960/4873/4813
f 4911/4835/4773 4960/4873/4813 4966/4882/4821
f 4960/4873/4813 4961/4874/4814 4962/4876/4815
f 4960/4873/4813 4962/4876/4815 4966/4882/4821
f 4963/4880/4819 4967/4881/4820 4966/4882/4821
f 4963/4880/4819 4966/4882/4821 4962/4876/4815
f 4963/4880/4819 4964/4879/4818 4965/4878/4817
f 4963/4880/4819 4965/4878/4817 4967/4881/4820
f 4902/4812/4753 4903/4809/4751 4969/4883/4822
f 4902/4812/4753 4969/4883/4822 4968/4884/4823
f 4970/4885/4824 4969/4883/4822 4903/4809/4751
f 4970/4885/4824 4903/4809/4751 4904/4808/4750
f 3699/4886/3595 4970/4885/4824 4904/4808/4750
f 3699/4886/3595 4904/4808/4750 3627/4815/4825
f 4901/4813/4754 4902/4812/4753 4968/4884/4823
f 4901/4813/4754 4968/4884/4823 4971/4887/4826
f 4900/4817/4757 4901/4813/4754 4971/4887/4826
f 4900/4817/4757 4971/4887/4826 4972/4888/4827
f 4835/4889/4701 4839/4819/4700 4900/4817/4757
f 4835/4889/4701 4900/4817/4757 4972/4888/4827
f 4972/4888/4827 4971/4887/4826 4979/4890/4828
f 4972/4888/4827 4979/4890/4828 4980/4891/4829
f 4971/4887/4826 4968/4884/4823 4973/4892/4830
f 4971/4887/4826 4973/4892/4830 4979/4890/4828
f 4970/4885/4824 3699/4886/3595 4978/4893/3613
f 4970/4885/4824 4978/4893/3613 4975/4894/4831
f 4969/4883/4822 4970/4885/4824 4975/4894/4831
f 4969/4883/4822 4975/4894/4831 4974/4895/4832
f 4968/4884/4823 4969/4883/4822 4974/4895/4832
f 4968/4884/4823 4974/4895/4832 4973/4892/4830
f 4835/4889/4701 4972/4888/4827 4980/4891/4829
f 4835/4889/4701 4980/4891/4829 4833/4896/4703
f 4975/4894/4831 4978/4893/3613 4985/4897/4833
f 4975/4894/4831 4985/4897/4833 4983/4898/4834
f 4973/4892/4830 4974/4895/4832 4982/4191/4146
f 4973/4892/4830 4982/4191/4146 4981/4190/4145
f 4974/4895/4832 4975/4894/4831 4983/4898/4834
f 4974/4895/4832 4983/4898/4834 4982/4191/4146
f 4859/4189/4144 4833/4896/4703 4980/4891/4829
f 4859/4189/4144 4980/4891/4829 4981/4190/4145
f 3534/4899/3616 5012/4785/4728 5014/4733/4677
f 3534/4899/3616 5014/4733/4677 4863/4900/4835
f 4863/4900/4835 5014/4733/4677 5013/4735/4679
f 4863/4900/4835 5013/4735/4679 4815/4901/3618
f 3528/4902/3619 5010/4730/4674 5011/4732/4676
f 3528/4902/3619 5011/4732/4676 3532/4903/4836
f 3525/4904/3621 5009/4728/4672 5010/4730/4674
f 3525/4904/3621 5010/4730/4674 3528/4902/3619
f 3522/4905/3622 5008/4726/4670 5009/4728/4672
f 3522/4905/3622 5009/4728/4672 3525/4904/3621
f 3494/4704/3415 5007/4703/4649 5008/4726/4670
f 3494/4704/3415 5008/4726/4670 3522/4905/3622
f 4774/4690/4639 4775/4694/4643 5004/4697/4646
f 4774/4690/4639 5004/4697/4646 5005/4701/4648
f 4776/4693/4642 4777/4692/4641 5007/4703/4649
f 4776/4693/4642 5007/4703/4649 5003/4698/4647
f 4773/4691/4640 4774/4690/4639 5005/4701/4648
f 4773/4691/4640 5005/4701/4648 5006/4695/4644
f 4775/4694/4643 4776/4693/4642 5003/4698/4647
f 4775/4694/4643 5003/4698/4647 5004/4697/4646
f 4760/4594/4551 4773/4691/4640 5006/4695/4644
f 4760/4594/4551 5006/4695/4644 4993/4607/4564
f 2927/4160/2829 4998/4159/4113 4987/4185/4141
f 2927/4160/2829 4987/4185/4141 4243/4188/2858
f 2999/4906/4837 4989/4677/4626 4996/4196/4151
f 2999/4906/4837 4996/4196/4151 2934/4197/4152
f 4275/4256/4214 4999/4255/4213 5000/4676/4625
f 4275/4256/4214 5000/4676/4625 3001/4907/4838
f 3001/4907/4838 5000/4676/4625 4989/4677/4626
f 3001/4907/4838 4989/4677/4626 2999/4906/4837
f 3020/4257/4215 3023/4908/4839 5001/4675/4624
f 3020/4257/4215 5001/4675/4624 4990/4258/4216
f 4686/4611/4567 3394/4909/3626 3383/4624/3332
f 4686/4611/4567 3383/4624/3332 4676/4612/4568
f 4645/4585/4543 4991/4584/4542 4994/4672/4621
f 4645/4585/4543 4994/4672/4621 3399/4910/4562
f 4751/4674/4623 4759/4673/4622 4992/4583/4541
f 4751/4674/4623 4992/4583/4541 4988/4215/4172
f 4759/4673/4622 4758/4622/4577 4991/4584/4542
f 4759/4673/4622 4991/4584/4542 4992/4583/4541
f 4752/4245/4201 4999/4255/4213 4990/4258/4216
f 4752/4245/4201 4990/4258/4216 4755/4603/4560
f 4748/4678/4627 4751/4674/4623 4988/4215/4172
f 4748/4678/4627 4988/4215/4172 4997/4186/4142
f 4746/4244/4200 4747/4679/4628 4986/4158/4112
f 4746/4244/4200 4986/4158/4112 4996/4196/4151
f 4749/4218/4174 4748/4678/4627 4997/4186/4142
f 4749/4218/4174 4997/4186/4142 4987/4185/4141
f 4747/4679/4628 4750/4217/4173 4998/4159/4113
f 4747/4679/4628 4998/4159/4113 4986/4158/4112
f 4815/4901/3618 5013/4735/4679 4983/4898/4834
f 4815/4901/3618 4983/4898/4834 4985/4897/4833
f 4983/4898/4834 5013/4735/4679 4813/4192/4147
f 4983/4898/4834 4813/4192/4147 4982/4191/4146
f 4813/4192/4147 4862/4734/4678 4867/4784/4727
f 4813/4192/4147 4867/4784/4727 4859/4189/4144
f 4973/4892/4830 4981/4190/4145 4980/4891/4829
f 4973/4892/4830 4980/4891/4829 4979/4890/4828
f 4316/4911/4840 4344/4912/4841 5154/4913/4842
f 4316/4911/4840 5154/4913/4842 5110/4914/4843
f 5110/4914/4843 5154/4913/4842 5153/4915/4844
f 5110/4914/4843 5153/4915/4844 5111/4916/4845
f 5111/4916/4845 5153/4915/4844 5152/4917/4846
f 5111/4916/4845 5152/4917/4846 5112/4918/4847
f 5112/4918/4847 5152/4917/4846 5151/4919/4848
f 5112/4918/4847 5151/4919/4848 5113/4920/4849
f 5113/4920/4849 5151/4919/4848 5150/4921/4850
f 5113/4920/4849 5150/4921/4850 5114/4922/4851
f 5114/4922/4851 5150/4921/4850 5149/4923/4852
f 5114/4922/4851 5149/4923/4852 5115/4924/4853
f 5115/4924/4853 5149/4923/4852 5148/4925/4854
f 5115/4924/4853 5148/4925/4854 5116/4926/4855
f 5116/4926/4855 5148/4925/4854 5147/4927/4856
f 5116/4926/4855 5147/4927/4856 5117/4928/4857
f 5117/4928/4857 5147/4927/4856 5146/4929/4858
f 5117/4928/4857 5146/4929/4858 5118/4930/4859
f 5118/4930/4859 5146/4929/4858 5145/4931/4860
f 5118/4930/4859 5145/4931/4860 5119/4932/4861
f 5119/4932/4861 5145/4931/4860 5144/4933/4862
f 5119/4932/4861 5144/4933/4862 5120/4934/4863
f 5120/4934/4863 5144/4933/4862 5143/4935/4864
f 5120/4934/4863 5143/4935/4864 5121/4936/4865
f 5121/4936/4865 5143/4935/4864 5142/4937/4866
f 5121/4936/4865 5142/4937/4866 5122/4938/4867
f 4344/4912/4841 4314/4939/4868 5078/4940/4869
f 4344/4912/4841 5078/4940/4869 5154/4913/4842
f 5154/4913/4842 5078/4940/4869 5077/4941/4870
f 5154/4913/4842 5077/4941/4870 5153/4915/4844
f 5153/4915/4844 5077/4941/4870 5076/4942/4871
f 5153/4915/4844 5076/4942/4871 5152/4917/4846
f 5152/4917/4846 5076/4942/4871 5075/4943/4872
f 5152/4917/4846 5075/4943/4872 5151/4919/4848
f 5151/4919/4848 5075/4943/4872 5074/4944/4873
f 5151/4919/4848 5074/4944/4873 5150/4921/4850
f 5150/4921/4850 5074/4944/4873 5073/4945/4874
f 5150/4921/4850 5073/4945/4874 5149/4923/4852
f 5149/4923/4852 5073/4945/4874 5072/4946/4875
f 5149/4923/4852 5072/4946/4875 5148/4925/4854
f 5148/4925/4854 5072/4946/4875 5071/4947/4876
f 5148/4925/4854 5071/4947/4876 5147/4927/4856
f 5147/4927/4856 5071/4947/4876 5070/4948/4877
f 5147/4927/4856 5070/4948/4877 5146/4929/4858
f 5146/4929/4858 5070/4948/4877 5069/4949/4878
f 5146/4929/4858 5069/4949/4878 5145/4931/4860
f 5145/4931/4860 5069/4949/4878 5068/4950/4879
f 5145/4931/4860 5068/4950/4879 5144/4933/4862
f 5144/4933/4862 5068/4950/4879 5067/4951/4880
f 5144/4933/4862 5067/4951/4880 5143/4935/4864
f 5143/4935/4864 5067/4951/4880 5066/4952/4881
f 5143/4935/4864 5066/4952/4881 5142/4937/4866
f 5142/4937/4866 5066/4952/4881 5065/4953/4882
f 5142/4937/4866 5065/4953/4882 5141/4954/4883
f 5016/4955/4884 5049/4956/4885 5109/4957/3675
f 5016/4955/4884 5109/4957/3675 5123/4958/4886
f 4322/4959/4887 4358/4960/4888 5093/4961/4889
f 4322/4959/4887 5093/4961/4889 3854/4962/4890
f 3854/4962/4890 5093/4961/4889 5092/4963/4891
f 3854/4962/4890 5092/4963/4891 5139/4964/4892
f 5139/4964/4892 5092/4963/4891 5091/4965/4893
f 5139/4964/4892 5091/4965/4893 5137/4966/4894
f 5137/4966/4894 5091/4965/4893 5090/4967/4895
f 5137/4966/4894 5090/4967/4895 3852/4968/4896
f 3852/4968/4896 5090/4967/4895 5089/4969/4897
f 3852/4968/4896 5089/4969/4897 5135/4970/4898
f 5135/4970/4898 5089/4969/4897 5088/4971/4899
f 5135/4970/4898 5088/4971/4899 5133/4972/4900
f 5133/4972/4900 5088/4971/4899 5087/4973/4901
f 5133/4972/4900 5087/4973/4901 5131/4974/4902
f 5131/4974/4902 5087/4973/4901 5086/4975/4903
f 5131/4974/4902 5086/4975/4903 5129/4976/4904
f 5129/4976/4904 5086/4975/4903 5085/4977/4905
f 5129/4976/4904 5085/4977/4905 3850/4978/4906
f 3850/4978/4906 5085/4977/4905 5084/4979/4907
f 3850/4978/4906 5084/4979/4907 5127/4980/4908
f 5127/4980/4908 5084/4979/4907 5083/4981/4909
f 5127/4980/4908 5083/4981/4909 3848/4982/4910
f 3848/4982/4910 5083/4981/4909 5082/4983/4911
f 3848/4982/4910 5082/4983/4911 3846/4984/4912
f 3846/4984/4912 5082/4983/4911 5081/4985/4913
f 3846/4984/4912 5081/4985/4913 5125/4986/4914
f 5125/4986/4914 5081/4985/4913 5080/4987/4915
f 5125/4986/4914 5080/4987/4915 3844/4988/4916
f 5142/4937/4866 5141/4954/4883 5140/4989/4917
f 5142/4937/4866 5140/4989/4917 5122/4938/4867
f 4319/4990/4918 4316/4911/4840 5110/4914/4843
f 4319/4990/4918 5110/4914/4843 5094/4991/4919
f 5094/4991/4919 5110/4914/4843 5111/4916/4845
f 5094/4991/4919 5111/4916/4845 5095/4992/4920
f 5095/4992/4920 5111/4916/4845 5112/4918/4847
f 5095/4992/4920 5112/4918/4847 5096/4993/4921
f 5096/4993/4921 5112/4918/4847 5113/4920/4849
f 5096/4993/4921 5113/4920/4849 5097/4994/4922
f 5097/4994/4922 5113/4920/4849 5114/4922/4851
f 5097/4994/4922 5114/4922/4851 5098/4995/4923
f 5098/4995/4923 5114/4922/4851 5115/4924/4853
f 5098/4995/4923 5115/4924/4853 5099/4996/4924
f 5099/4996/4924 5115/4924/4853 5116/4926/4855
f 5099/4996/4924 5116/4926/4855 5100/4997/4925
f 5100/4997/4925 5116/4926/4855 5117/4928/4857
f 5100/4997/4925 5117/4928/4857 5101/4998/4926
f 5101/4998/4926 5117/4928/4857 5118/4930/4859
f 5101/4998/4926 5118/4930/4859 5102/4999/4927
f 5102/4999/4927 5118/4930/4859 5119/4932/4861
f 5102/4999/4927 5119/4932/4861 5103/5000/4928
f 5103/5000/4928 5119/4932/4861 5120/4934/4863
f 5103/5000/4928 5120/4934/4863 5104/5001/4929
f 5104/5001/4929 5120/4934/4863 5121/4936/4865
f 5104/5001/4929 5121/4936/4865 5105/5002/4930
f 5105/5002/4930 5121/4936/4865 5122/4938/4867
f 5105/5002/4930 5122/4938/4867 5106/5003/4931
f 4358/4960/4888 4319/4990/4918 5094/4991/4919
f 4358/4960/4888 5094/4991/4919 5093/4961/4889
f 5093/4961/4889 5094/4991/4919 5095/4992/4920
f 5093/4961/4889 5095/4992/4920 5092/4963/4891
f 5092/4963/4891 5095/4992/4920 5096/4993/4921
f 5092/4963/4891 5096/4993/4921 5091/4965/4893
f 5091/4965/4893 5096/4993/4921 5097/4994/4922
f 5091/4965/4893 5097/4994/4922 5090/4967/4895
f 5090/4967/4895 5097/4994/4922 5098/4995/4923
f 5090/4967/4895 5098/4995/4923 5089/4969/4897
f 5089/4969/4897 5098/4995/4923 5099/4996/4924
f 5089/4969/4897 5099/4996/4924 5088/4971/4899
f 5088/4971/4899 5099/4996/4924 5100/4997/4925
f 5088/4971/4899 5100/4997/4925 5087/4973/4901
f 5087/4973/4901 5100/4997/4925 5101/4998/4926
f 5087/4973/4901 5101/4998/4926 5086/4975/4903
f 5086/4975/4903 5101/4998/4926 5102/4999/4927
f 5086/4975/4903 5102/4999/4927 5085/4977/4905
f 5085/4977/4905 5102/4999/4927 5103/5000/4928
f 5085/4977/4905 5103/5000/4928 5084/4979/4907
f 5084/4979/4907 5103/5000/4928 5104/5001/4929
f 5084/4979/4907 5104/5001/4929 5083/4981/4909
f 5083/4981/4909 5104/5001/4929 5105/5002/4930
f 5083/4981/4909 5105/5002/4930 5082/4983/4911
f 5082/4983/4911 5105/5002/4930 5106/5003/4931
f 5082/4983/4911 5106/5003/4931 5081/4985/4913
f 5081/4985/4913 5106/5003/4931 5107/5004/4932
f 5081/4985/4913 5107/5004/4932 5080/4987/4915
f 5106/5003/4931 5122/4938/4867 5140/4989/4917
f 5106/5003/4931 5140/4989/4917 5107/5004/4932
f 4314/4939/4868 4757/5005/4933 5063/5006/4934
f 4314/4939/4868 5063/5006/4934 5078/4940/4869
f 5078/4940/4869 5063/5006/4934 5062/5007/4935
f 5078/4940/4869 5062/5007/4935 5077/4941/4870
f 5077/4941/4870 5062/5007/4935 5061/5008/4936
f 5077/4941/4870 5061/5008/4936 5076/4942/4871
f 5076/4942/4871 5061/5008/4936 5060/5009/4937
f 5076/4942/4871 5060/5009/4937 5075/4943/4872
f 5075/4943/4872 5060/5009/4937 5059/5010/4938
f 5075/4943/4872 5059/5010/4938 5074/4944/4873
f 5074/4944/4873 5059/5010/4938 5058/5011/4939
f 5074/4944/4873 5058/5011/4939 5073/4945/4874
f 5073/4945/4874 5058/5011/4939 5057/5012/4940
f 5073/4945/4874 5057/5012/4940 5072/4946/4875
f 5072/4946/4875 5057/5012/4940 5056/5013/4941
f 5072/4946/4875 5056/5013/4941 5071/4947/4876
f 5071/4947/4876 5056/5013/4941 5055/5014/4942
f 5071/4947/4876 5055/5014/4942 5070/4948/4877
f 5070/4948/4877 5055/5014/4942 5054/5015/4943
f 5070/4948/4877 5054/5015/4943 5069/4949/4878
f 5069/4949/4878 5054/5015/4943 5053/5016/4944
f 5069/4949/4878 5053/5016/4944 5068/4950/4879
f 5068/4950/4879 5053/5016/4944 5052/5017/4945
f 5068/4950/4879 5052/5017/4945 5067/4951/4880
f 5067/4951/4880 5052/5017/4945 5051/5018/4946
f 5067/4951/4880 5051/5018/4946 5066/4952/4881
f 5066/4952/4881 5051/5018/4946 5050/5019/4947
f 5066/4952/4881 5050/5019/4947 5065/4953/4882
f 5050/5019/4947 5016/4955/4884 5123/4958/4886
f 5050/5019/4947 5123/4958/4886 5079/5020/4948
f 4757/5005/4933 5002/5021/4949 5029/5022/4950
f 4757/5005/4933 5029/5022/4950 5063/5006/4934
f 5063/5006/4934 5029/5022/4950 5028/5023/4951
f 5063/5006/4934 5028/5023/4951 5062/5007/4935
f 5062/5007/4935 5028/5023/4951 5027/5024/4952
f 5062/5007/4935 5027/5024/4952 5061/5008/4936
f 5061/5008/4936 5027/5024/4952 5026/5025/4953
f 5061/5008/4936 5026/5025/4953 5060/5009/4937
f 5060/5009/4937 5026/5025/4953 5025/5026/4954
f 5060/5009/4937 5025/5026/4954 5059/5010/4938
f 5059/5010/4938 5025/5026/4954 5024/5027/4955
f 5059/5010/4938 5024/5027/4955 5058/5011/4939
f 5058/5011/4939 5024/5027/4955 5023/5028/4956
f 5058/5011/4939 5023/5028/4956 5057/5012/4940
f 5057/5012/4940 5023/5028/4956 5022/5029/4957
f 5057/5012/4940 5022/5029/4957 5056/5013/4941
f 5056/5013/4941 5022/5029/4957 5021/5030/4958
f 5056/5013/4941 5021/5030/4958 5055/5014/4942
f 5055/5014/4942 5021/5030/4958 5020/5031/4959
f 5055/5014/4942 5020/5031/4959 5054/5015/4943
f 5054/5015/4943 5020/5031/4959 5019/5032/4960
f 5054/5015/4943 5019/5032/4960 5053/5016/4944
f 5053/5016/4944 5019/5032/4960 5018/5033/4961
f 5053/5016/4944 5018/5033/4961 5052/5017/4945
f 5052/5017/4945 5018/5033/4961 5017/5034/4962
f 5052/5017/4945 5017/5034/4962 5051/5018/4946
f 5051/5018/4946 5017/5034/4962 5016/4955/4884
f 5051/5018/4946 5016/4955/4884 5050/5019/4947
f 3844/4988/4916 5080/4987/4915 5064/5035/4963
f 3844/4988/4916 5064/5035/4963 3770/5036/4964
f 5002/5021/4949 3024/5037/4965 5031/5038/3755
f 5002/5021/4949 5031/5038/3755 5029/5022/4950
f 5029/5022/4950 5031/5038/3755 5033/5039/4966
f 5029/5022/4950 5033/5039/4966 5028/5023/4951
f 5028/5023/4951 5033/5039/4966 3760/5040/4967
f 5028/5023/4951 3760/5040/4967 5027/5024/4952
f 5027/5024/4952 3760/5040/4967 5035/5041/4968
f 5027/5024/4952 5035/5041/4968 5026/5025/4953
f 5026/5025/4953 5035/5041/4968 3762/5042/4969
f 5026/5025/4953 3762/5042/4969 5025/5026/4954
f 5025/5026/4954 3762/5042/4969 5037/5043/4970
f 5025/5026/4954 5037/5043/4970 5024/5027/4955
f 5024/5027/4955 5037/5043/4970 5039/5044/4971
f 5024/5027/4955 5039/5044/4971 5023/5028/4956
f 5023/5028/4956 5039/5044/4971 5041/5045/4972
f 5023/5028/4956 5041/5045/4972 5022/5029/4957
f 5022/5029/4957 5041/5045/4972 5043/5046/4973
f 5022/5029/4957 5043/5046/4973 5021/5030/4958
f 5021/5030/4958 5043/5046/4973 3764/5047/4974
f 5021/5030/4958 3764/5047/4974 5020/5031/4959
f 5020/5031/4959 3764/5047/4974 3766/5048/4975
f 5020/5031/4959 3766/5048/4975 5019/5032/4960
f 5019/5032/4960 3766/5048/4975 5045/5049/4976
f 5019/5032/4960 5045/5049/4976 5018/5033/4961
f 5018/5033/4961 5045/5049/4976 5047/5050/4977
f 5018/5033/4961 5047/5050/4977 5017/5034/4962
f 5017/5034/4962 5047/5050/4977 5049/4956/4885
f 5017/5034/4962 5049/4956/4885 5016/4955/4884
f 5079/5020/4948 5123/4958/4886 5156/5051/4978
f 5079/5020/4948 5156/5051/4978 5155/5052/4979
f 3770/5036/4964 5064/5035/4963 5015/5053/4980
f 3770/5036/4964 5015/5053/4980 3767/5054/4981
f 5123/4958/4886 5109/4957/3675 3872/5055/4982
f 5123/4958/4886 3872/5055/4982 5156/5051/4978
f 5156/5051/4978 3872/5055/4982 3879/5056/4983
f 5156/5051/4978 3879/5056/4983 5159/5057/4984
f 3767/5054/4981 5015/5053/4980 5157/5058/4985
f 3767/5054/4981 5157/5058/4985 3875/5059/4986
f 5155/5052/4979 5156/5051/4978 5159/5057/4984
f 5155/5052/4979 5159/5057/4984 5158/5060/4987
f 5064/5035/4963 5080/4987/4915 5107/5004/4932
f 5064/5035/4963 5107/5004/4932 5015/5053/4980
f 5140/4989/4917 5157/5058/4985 5015/5053/4980
f 5140/4989/4917 5015/5053/4980 5107/5004/4932
f 5050/5019/4947 5079/5020/4948 5155/5052/4979
f 5050/5019/4947 5155/5052/4979 5065/4953/4882
f 5065/4953/4882 5155/5052/4979 5158/5060/4987
f 5065/4953/4882 5158/5060/4987 5141/4954/4883
f 5141/4954/4883 5158/5060/4987 5157/5058/4985
f 5141/4954/4883 5157/5058/4985 5140/4989/4917
f 3875/5059/4986 5157/5058/4985 5160/5061/4988
f 3875/5059/4986 5160/5061/4988 5161/5062/4989
f 3879/5056/4983 5161/5062/4989 5160/5061/4988
f 3879/5056/4983 5160/5061/4988 5159/5057/4984
f 5159/5057/4984 5160/5061/4988 5157/5058/4985
f 5159/5057/4984 5157/5058/4985 5158/5060/4987
f 3118/3049/3011 3131/3048/3010 3083/3091/3053
f 3118/3049/3011 3083/3091/3053 3074/3078/3040
